Workbook

Sheet README
B1: EINT MuleSoft Backlog Tracker — How This Works
A3: Automation: Auto-Archive on DONE | B3: Replaces: MuleSoft Team - Planning.xlsx and Requirements Traceability Matrix - EINT Mulesoft 2026.xlsx
A4: When an item Status is set to DONE in Backlog with a real Sprint assigned (1-16), the autoArchive automation:
A5: 1. Appends it to the matching Quarter tab (Sprint 1-4 → Q1 Backlog Report, etc.) | B5: The golden rule: every field has exactly one home.
A6: 2. Freezes formula-driven fields in the Release row to literal values | B6: Each requirement is one row, tracked by its Requirement ID across every tab below. Each field (Priority, Sprint, Dependencies, Release, etc.) is only ever typed into ONE tab — the tab owned by the role responsible for it. Every other tab shows that same field automatically, pulled live from wherever it was entered. If you change it in its home tab, it updates everywhere else immediately. Nobody should ever need to copy a value between tabs by hand.
A7: 3. Removes it from the 5 working sheets (Backlog, Sprint Planning, RTM, API Design Planning, Release)
B8: Colour legend
A9: NOTE: Items with Status=DONE but no sprint (or "To Plan") are skipped—they need a real sprint first. | B9: Text is plain black everywhere. Row shading instead shows which Stream an item belongs to (applied automatically via conditional formatting, so it updates itself as Stream values change):
B10: US
A11: Setup: See the "Workflows" sheet for step-by-step instructions to upload the Office Script and create the Power Automate flow. | B11: MyMSC
B12: Rollout / MVP Rollout
B13: Backlog / Growth
B14: Tech Enhancements
B15: PI11, PI12, or any other PI-specific stream
B16: Cross, or any other stream not listed above -- no shading (white/default)
B17: Who's allowed to edit which field is documented in the ownership table below, not by colour anymore.
B19: Requirement ID convention
B20: Use the Jira key (e.g. INT-171) as the Requirement ID whenever a Jira ticket already exists. Anyone can also add a future item straight to the Backlog tab with no Jira ticket at all — give it a temporary ID in the form NEW-0001, NEW-0002, etc. IMPORTANT: this Requirement ID never changes afterwards, even once a real Jira ticket exists for it — every other tab is joined to this ID, so swapping it would break those links. When the item is ready to become a real Jira ticket, set 'Create Jira Ticket?' to Yes on the Backlog tab; the returned Jira key is written into the separate Jira Key / Jira Link columns alongside the ID, not in place of it.
B22: Tab ownership — who edits what
B23: Tab | C23: Owner | D23: Types here (input) | E23: Shown automatically (pulled)
B24: Backlog | C24: Anyone (entry point) | D24: Requirement Name, Type, Stream, Status, Date Added, Create Jira Ticket?, Jira Key | E24: Jira Link, Priority, Sprint, Release
B25: API Design Planning | C25: API Design Lead | D25: RAML Required, RAML Delivery Date, Assignee, Priority, Design Status, Handover | E25: Requirement Name, Stream, Jira Link, Status, Sprint
B26: RTM | C26: BA | D26: Predecessor, Successor, Dependency Status, Notes | E26: Requirement Name, Stream, Jira Link, Status, Priority, Sprint
B27: Sprint Planning | C27: BA / PO / SM | D27: Sprint, HLE | E27: Requirement Name, Stream, Priority, Status
B28: Roadmap | C28: Nobody — all view | D28: (fully automatic) | E28: Stream x Sprint HLE grid
B29: Release | C29: DM / SM | D29: Release | E29: Requirement Name, Stream, Sprint, Status, Priority, HLE
B31: Current status
B32: Items from MuleSoft Team - Planning.xlsx and the Requirements Traceability Matrix have been migrated. All working tabs (Backlog, Sprint Planning, RTM, API Design Planning, Release, Roadmap) contain live data. Archived items from 2026 are in the Q1–Q3 Backlog Report tabs. The Jira and Trello integrations listed below (items 1–5) are still planned for a future phase.
B33: 1. Jira (labelled ticket) -> auto-creates a Backlog row with Jira Key/Link filled in.
B34: 2. Any new Backlog row (Jira-sourced or typed straight in with no Jira ticket) -> auto-creates a Trello card.
B35: 3. Sprint changed for an item -> updates the sprint label on its Trello card.
B36: 4. 'Create Jira Ticket?' set to Yes on a manually-added row -> creates the Jira issue and writes the key back into Jira Key/Jira Link, then flips the flag to Created.
B37: 5. Scheduled refresh of the RTM Dependency Status column from the live status of the Predecessor/Successor Jira key.
B39: Until items 1–5 are wired up, fill in Jira Key, Predecessor/Successor, and Dependency Status manually.
B41: Sprint Planning sort order
B42: Sprint Planning is kept sorted ascending by Sprint (lowest in-scope sprint first, unassigned/'To Plan' last), using a hidden 'Sort Key' column (H) that converts the Sprint text to a number. If you add new rows and want to re-sort, select the table and use Data > Sort by column H — don't unhide/delete that column.
B44: Release tab population
B45: The Release tab lists every item that has a real Sprint assigned in Sprint Planning (not blank/'To Plan') — once an item gets a sprint for the first time, add its Requirement ID to the Release tab so DM/SM can assign it a Release. This mirrors how RTM/Sprint Planning/API Design Planning already work: copy the ID over when the item reaches that stage.
... B49: Sprint → Quarter mapping: Sprint 1–4 → Q1 · Sprint 5–8 → Q2 · Sprint 9–12 → Q3 · Sprint 13–16 → Q4. Update the mapping in autoArchive.ts when sprints roll into 2027.

Sheet Backlog
A1: Requirement ID | B1: Requirement Name | C1: Type | D1: Stream | E1: Stream Owner | F1: Status | G1: Priority | H1: Planned Delivery | I1: Sprint | J1: HLE | K1: Release | L1: Date Added | M1: Create Jira Ticket? | N1: Jira Link | O1: Notes | P1: ID Number | Q1: Frozen ID
A2: =IF(AND(B2="",C2="",D2="",E2="",F2="",G2="",H2="",J2="",L2="",M2="",N2=""),"",Q2) -> NEW-0267 | B2: Outbound leads - Abandoned Cart - Replacement of Salescycle | C2: TBC | D2: US | E2: MA | F2: ON HOLD | G2: Medium | I2: =IF($A2="","",IFERROR(IF(ISBLANK(INDEX(SprintPlanning[Sprint],MATCH($A2,SprintPlanning[Requirement ID],0))),"To Plan",INDEX(SprintPlanning[Sprint],MATCH($A2,SprintPlanning[Requirement ID],0))),"To Plan")) -> To Plan | K2: =IFERROR(IF(ISBLANK(INDEX(Release[Release],MATCH($A2,Release[Requirement ID],0))),"",INDEX(Release[Release],MATCH($A2,Release[Requirement ID],0))),"") | L2: 46232 | P2: =IFERROR(VALUE(MID($A2,5,4)),0) -> 267 | Q2: NEW-0267
A3: =IF(AND(B3="",C3="",D3="",E3="",F3="",G3="",H3="",J3="",L3="",M3="",N3=""),"",Q3) -> NEW-0057 | B3: API Prod Configurations - Attentive / Webforms | C3: Config | D3: US | E3: B2CW | F3: IN PROGRESS | G3: High | I3: =IF($A3="","",IFERROR(IF(ISBLANK(INDEX(SprintPlanning[Sprint],MATCH($A3,SprintPlanning[Requirement ID],0))),"To Plan",INDEX(SprintPlanning[Sprint],MATCH($A3,SprintPlanning[Requirement ID],0))),"To Plan")) -> Sprint 10 | J3: 8 | K3: =IFERROR(IF(ISBLANK(INDEX(Release[Release],MATCH($A3,Release[Requirement ID],0))),"",INDEX(Release[Release],MATCH($A3,Release[Requirement ID],0))),"") -> Release 19 | L3: 46226 | M3: Created | N3: https://smartship.atlassian.net/browse/MDTTPU-14019 | P3: =IFERROR(VALUE(MID($A3,5,4)),0) -> 57 | Q3: NEW-0057
A4: =IF(AND(B4="",C4="",D4="",E4="",F4="",G4="",H4="",J4="",L4="",M4="",N4=""),"",Q4) -> NEW-0058 | B4: CR - Attentive Error Scenarios INT 175 | C4: CR | D4: US | E4: MA | F4: IN PROGRESS | G4: Medium | I4: =IF($A4="","",IFERROR(IF(ISBLANK(INDEX(SprintPlanning[Sprint],MATCH($A4,SprintPlanning[Requirement ID],0))),"To Plan",INDEX(SprintPlanning[Sprint],MATCH($A4,SprintPlanning[Requirement ID],0))),"To Plan")) -> Sprint 10 | J4: 5 | K4: =IFERROR(IF(ISBLANK(INDEX(Release[Release],MATCH($A4,Release[Requirement ID],0))),"",INDEX(Release[Release],MATCH($A4,Release[Requirement ID],0))),"") -> Release 19 | L4: 46226 | M4: Created | N4: https://smartship.atlassian.net/browse/MDTTPU-13413 | P4: =IFERROR(VALUE(MID($A4,5,4)),0) -> 58 | Q4: NEW-0058
A5: =IF(AND(B5="",C5="",D5="",E5="",F5="",G5="",H5="",J5="",L5="",M5="",N5=""),"",Q5) -> NEW-0060 | B5: US Configuration myMSC - Production | C5: Config | D5: US | E5: B2CW | F5: IN PROGRESS | G5: High | I5: =IF($A5="","",IFERROR(IF(ISBLANK(INDEX(SprintPlanning[Sprint],MATCH($A5,SprintPlanning[Requirement ID],0))),"To Plan",INDEX(SprintPlanning[Sprint],MATCH($A5,SprintPlanning[Requirement ID],0))),"To Plan")) -> Sprint 10 | J5: 8 | K5: =IFERROR(IF(ISBLANK(INDEX(Release[Release],MATCH($A5,Release[Requirement ID],0))),"",INDEX(Release[Release],MATCH($A5,Release[Requirement ID],0))),"") -> Release 19 | L5: 46226 | M5: Created | N5: https://smartship.atlassian.net/browse/MDTTPU-14018 | P5: =IFERROR(VALUE(MID($A5,5,4)),0) -> 60 | Q5: NEW-0060
A6: =IF(AND(B6="",C6="",D6="",E6="",F6="",G6="",H6="",J6="",L6="",M6="",N6=""),"",Q6) -> NEW-0061 | B6: Load Test + Performance Enhancements - Part 1 | C6: Tech Task | D6: US | E6: ALL | F6: IN PROGRESS | G6: High | I6: =IF($A6="","",IFERROR(IF(ISBLANK(INDEX(SprintPlanning[Sprint],MATCH($A6,SprintPlanning[Requirement ID],0))),"To Plan",INDEX(SprintPlanning[Sprint],MATCH($A6,SprintPlanning[Requirement ID],0))),"To Plan")) -> Sprint 10 | J6: 21 | K6: =IFERROR(IF(ISBLANK(INDEX(Release[Release],MATCH($A6,Release[Requirement ID],0))),"",INDEX(Release[Release],MATCH($A6,Release[Requirement ID],0))),"") -> Release 19 | L6: 46226 | M6: Created | N6: https://smartship.atlassian.net/browse/MDTTPU-15260 | P6: =IFERROR(VALUE(MID($A6,5,4)),0) -> 61 | Q6: NEW-0061
A7: =IF(AND(B7="",C7="",D7="",E7="",F7="",G7="",H7="",J7="",L7="",M7="",N7=""),"",Q7) -> NEW-0071 | B7: E2E Ticket Support - FAT and Canary Tests | C7: Tech Task | D7: US | E7: ALL | F7: IN PROGRESS | G7: High | I7: =IF($A7="","",IFERROR(IF(ISBLANK(INDEX(SprintPlanning[Sprint],MATCH($A7,SprintPlanning[Requirement ID],0))),"To Plan",INDEX(SprintPlanning[Sprint],MATCH($A7,SprintPlanning[Requirement ID],0))),"To Plan")) -> Sprint 10 | J7: 13 | K7: =IFERROR(IF(ISBLANK(INDEX(Release[Release],MATCH($A7,Release[Requirement ID],0))),"",INDEX(Release[Release],MATCH($A7,Release[Requirement ID],0))),"") -> Release 19 | L7: 46226 | M7: Created | N7: https://smartship.atlassian.net/browse/DTTP25-41779 | P7: =IFERROR(VALUE(MID($A7,5,4)),0) -> 71 | Q7: NEW-0071
A8: =IF(AND(B8="",C8="",D8="",E8="",F8="",G8="",H8="",J8="",L8="",M8="",N8=""),"",Q8) -> NEW-0275 | B8: [EINT] [Tech Task] INT172 INT174 - Attentive Error Scenarios | C8: Tech Task | D8: US | E8: MA | F8: IN PROGRESS | G8: Medium | I8: =IF($A8="","",IFERROR(IF(ISBLANK(INDEX(SprintPlanning[Sprint],MATCH($A8,SprintPlanning[Requirement ID],0))),"To Plan",INDEX(SprintPlanning[Sprint],MATCH($A8,SprintPlanning[Requirement ID],0))),"To Plan")) -> Sprint 10 | J8: 5 | K8: =IFERROR(IF(ISBLANK(INDEX(Release[Release],MATCH($A8,Release[Requirement ID],0))),"",INDEX(Release[Release],MATCH($A8,Release[Requirement ID],0))),"") -> Release 19 | L8: 46232 | M8: Created | N8: https://smartship.atlassian.net/browse/MDTTPU-13796 | P8: =IFERROR(VALUE(MID($A8,5,4)),0) -> 275 | Q8: NEW-0275
A9: =IF(AND(B9="",C9="",D9="",E9="",F9="",G9="",H9="",J9="",L9="",M9="",N9=""),"",Q9) -> NEW-0368 | B9: MyMSC US | [INT112][INT137][INT140][INT146][INT153][INT154][INT188] Add per-country/language MyMSC campaign config check to skip optional marketing automation calls | C9: CR | D9: Growth | E9: MA | F9: IN PROGRESS | G9: High | I9: =IF($A9="","",IFERROR(IF(ISBLANK(INDEX(SprintPlanning[Sprint],MATCH($A9,SprintPlanning[Requirement ID],0))),"To Plan",INDEX(SprintPlanning[Sprint],MATCH($A9,SprintPlanning[Requirement ID],0))),"To Plan")) -> Sprint 10 | J9: 8 | K9: =IFERROR(IF(ISBLANK(INDEX(Release[Release],MATCH($A9,Release[Requirement ID],0))),"",INDEX(Release[Release],MATCH($A9,Release[Requirement ID],0))),"") -> Release 19 | L9: 46232 | M9: Created | N9: https://smartship.atlassian.net/browse/MDTTPU-14929 | P9: =IFERROR(VALUE(MID($A9,5,4)),0) -> 368 | Q9: NEW-0368
A10: =IF(AND(B10="",C10="",D10="",E10="",F10="",G10="",H10="",J10="",L10="",M10="",N10=""),"",Q10) -> NEW-0389 | B10: [DTTP] Implementation of Online Post-Cruise Complaint Form – Salesforce Integration_EA | C10: CR | D10: PI10 | E10: B2CW | F10: IN PROGRESS | G10: Medium | I10: =IF($A10="","",IFERROR(IF(ISBLANK(INDEX(SprintPlanning[Sprint],MATCH($A10,SprintPlanning[Requirement ID],0))),"To Plan",INDEX(SprintPlanning[Sprint],MATCH($A10,SprintPlanning[Requirement ID],0))),"To Plan")) -> Sprint 10 | J10: 8 | K10: =IFERROR(IF(ISBLANK(INDEX(Release[Release],MATCH($A10,Release[Requirement ID],0))),"",INDEX(Release[Release],MATCH($A10,Release[Requirement ID],0))),"") | L10: 46232 | M10: Created | N10: https://smartship.atlassian.net/browse/DTTP25-40322 | P10: =IFERROR(VALUE(MID($A10,5,4)),0) -> 389 | Q10: NEW-0389
A11: =IF(AND(B11="",C11="",D11="",E11="",F11="",G11="",H11="",J11="",L11="",M11="",N11=""),"",Q11) -> NEW-0408 | B11: US Growth - B2CW Payment billing data/ US Release ACS Check - Part 1 (Adding the new fields to INT007, INT140, INT146) | C11: CR | D11: Growth | E11: B2CW | F11: NEW | G11: High | H11: Q3 2026 | I11: =IF($A11="","",IFERROR(IF(ISBLANK(INDEX(SprintPlanning[Sprint],MATCH($A11,SprintPlanning[Requirement ID],0))),"To Plan",INDEX(SprintPlanning[Sprint],MATCH($A11,SprintPlanning[Requirement ID],0))),"To Plan")) -> Sprint 10 | J11: 5 | K11: =IFERROR(IF(ISBLANK(INDEX(Release[Release],MATCH($A11,Release[Requirement ID],0))),"",INDEX(Release[Release],MATCH($A11,Release[Requirement ID],0))),"") | L11: 46237 | M11: Created | N11: https://smartship.atlassian.net/browse/MDTTPU-15252 | P11: =IFERROR(VALUE(MID($A11,5,4)),0) -> 408 | Q11: NEW-0408
A12: =IF(AND(B12="",C12="",D12="",E12="",F12="",G12="",H12="",J12="",L12="",M12="",N12=""),"",Q12) -> NEW-0411 | B12: Load Test Perf - Support & Analysis | C12: Tech Task | D12: US | E12: ALL | F12: IN PROGRESS | G12: High | I12: =IF($A12="","",IFERROR(IF(ISBLANK(INDEX(SprintPlanning[Sprint],MATCH($A12,SprintPlanning[Requirement ID],0))),"To Plan",INDEX(SprintPlanning[Sprint],MATCH($A12,SprintPlanning[Requirement ID],0))),"To Plan")) -> Sprint 10 | J12: 21 | K12: =IFERROR(IF(ISBLANK(INDEX(Release[Release],MATCH($A12,Release[Requirement ID],0))),"",INDEX(Release[Release],MATCH($A12,Release[Requirement ID],0))),"") | L12: 46237 | M12: Created | N12: https://smartship.atlassian.net/browse/MDTTPU-15252 | P12: =IFERROR(VALUE(MID($A12,5,4)),0) -> 411 | Q12: NEW-0411
A13: =IF(AND(B13="",C13="",D13="",E13="",F13="",G13="",H13="",J13="",L13="",M13="",N13=""),"",Q13) -> NEW-0412 | B13: US 0.1 Release Preparation - Aug 24 | C13: Tech Task | D13: Cross | E13: ALL | F13: IN PROGRESS | G13: High | I13: =IF($A13="","",IFERROR(IF(ISBLANK(INDEX(SprintPlanning[Sprint],MATCH($A13,SprintPlanning[Requirement ID],0))),"To Plan",INDEX(SprintPlanning[Sprint],MATCH($A13,SprintPlanning[Requirement ID],0))),"To Plan")) -> Sprint 10 | J13: 13 | K13: =IFERROR(IF(ISBLANK(INDEX(Release[Release],MATCH($A13,Release[Requirement ID],0))),"",INDEX(Release[Release],MATCH($A13,Release[Requirement ID],0))),"") | L13: 46237 | M13: Created | N13: https://smartship.atlassian.net/browse/MDTTPU-15262 | P13: =IFERROR(VALUE(MID($A13,5,4)),0) -> 412 | Q13: NEW-0412
A14: =IF(AND(B14="",C14="",D14="",E14="",F14="",G14="",H14="",J14="",L14="",M14="",N14=""),"",Q14) -> NEW-0064 | B14: ZAF Rollout - Market Configurations in CHAIN1 & CHAIN2 and PROD | C14: Config | D14: MVP Rollout | E14: B2CW | F14: NEW | G14: Medium | I14: =IF($A14="","",IFERROR(IF(ISBLANK(INDEX(SprintPlanning[Sprint],MATCH($A14,SprintPlanning[Requirement ID],0))),"To Plan",INDEX(SprintPlanning[Sprint],MATCH($A14,SprintPlanning[Requirement ID],0))),"To Plan")) -> Sprint 11 | J14: 8 | K14: =IFERROR(IF(ISBLANK(INDEX(Release[Release],MATCH($A14,Release[Requirement ID],0))),"",INDEX(Release[Release],MATCH($A14,Release[Requirement ID],0))),"") | L14: 46226 | M14: Created | N14: https://smartship.atlassian.net/browse/DTTP25-41351 | P14: =IFERROR(VALUE(MID($A14,5,4)),0) -> 64 | Q14: NEW-0064
A15: =IF(AND(B15="",C15="",D15="",E15="",F15="",G15="",H15="",J15="",L15="",M15="",N15=""),"",Q15) -> NEW-0065 | B15: ZAFRollout - Market Configurations in Production | C15: Config | D15: MVP Rollout | E15: B2CW | F15: NA | G15: Medium | I15: =IF($A15="","",IFERROR(IF(ISBLANK(INDEX(SprintPlanning[Sprint],MATCH($A15,SprintPlanning[Requirement ID],0))),"To Plan",INDEX(SprintPlanning[Sprint],MATCH($A15,SprintPlanning[Requirement ID],0))),"To Plan")) -> To Plan | J15: 8 | K15: =IFERROR(IF(ISBLANK(INDEX(Release[Release],MATCH($A15,Release[Requirement ID],0))),"",INDEX(Release[Release],MATCH($A15,Release[Requirement ID],0))),"") | L15: 46226 | M15: Created | N15: https://smartship.atlassian.net/browse/DTTP25-41351 | P15: =IFERROR(VALUE(MID($A15,5,4)),0) -> 65 | Q15: NEW-0065
A16: =IF(AND(B16="",C16="",D16="",E16="",F16="",G16="",H16="",J16="",L16="",M16="",N16=""),"",Q16) -> NEW-0075 | B16: PI11-13 [CRM] [INTP-25] CRM Dependency - Marketing Automation - Calculated fields Booking B2B/B2C | C16: CR | D16: PI11 | E16: MA | F16: NEW | G16: Medium | I16: =IF($A16="","",IFERROR(IF(ISBLANK(INDEX(SprintPlanning[Sprint],MATCH($A16,SprintPlanning[Requirement ID],0))),"To Plan",INDEX(SprintPlanning[Sprint],MATCH($A16,SprintPlanning[Requirement ID],0))),"To Plan")) -> Sprint 12 | J16: 13 | K16: =IFERROR(IF(ISBLANK(INDEX(Release[Release],MATCH($A16,Release[Requirement ID],0))),"",INDEX(Release[Release],MATCH($A16,Release[Requirement ID],0))),"") | L16: 46226 | M16: Created | N16: https://smartship.atlassian.net/browse/DTTP25-41935 | P16: =IFERROR(VALUE(MID($A16,5,4)),0) -> 75 | Q16: NEW-0075
A17: =IF(AND(B17="",C17="",D17="",E17="",F17="",G17="",H17="",J17="",L17="",M17="",N17=""),"",Q17) -> NEW-0076 | B17: PI11-15 [CRM] [EA-1662] CRM Dependency - Lead Management - Hold option additional event fields in CDP | C17: CR | D17: PI11 | E17: MA | F17: NEW | G17: Medium | I17: =IF($A17="","",IFERROR(IF(ISBLANK(INDEX(SprintPlanning[Sprint],MATCH($A17,SprintPlanning[Requirement ID],0))),"To Plan",INDEX(SprintPlanning[Sprint],MATCH($A17,SprintPlanning[Requirement ID],0))),"To Plan")) -> Sprint 12 | J17: 13 | K17: =IFERROR(IF(ISBLANK(INDEX(Release[Release],MATCH($A17,Release[Requirement ID],0))),"",INDEX(Release[Release],MATCH($A17,Release[Requirement ID],0))),"") | L17: 46226 | M17: Created | N17: https://smartship.atlassian.net/browse/DTTP25-41936 | P17: =IFERROR(VALUE(MID($A17,5,4)),0) -> 76 | Q17: NEW-0076
A18: =IF(AND(B18="",C18="",D18="",E18="",F18="",G18="",H18="",J18="",L18="",M18="",N18=""),"",Q18) -> NEW-0077 | B18: Nordics SWE, DEN, NOR, FIN Rollout - Market Configurations in CHAIN1 & CHAIN2 | C18: Config | D18: MVP Rollout | E18: B2CW | F18: NEW | G18: Medium | I18: =IF($A18="","",IFERROR(IF(ISBLANK(INDEX(SprintPlanning[Sprint],MATCH($A18,SprintPlanning[Requirement ID],0))),"To Plan",INDEX(SprintPlanning[Sprint],MATCH($A18,SprintPlanning[Requirement ID],0))),"To Plan")) -> To Plan | J18: 8 | K18: =IFERROR(IF(ISBLANK(INDEX(Release[Release],MATCH($A18,Release[Requirement ID],0))),"",INDEX(Release[Release],MATCH($A18,Release[Requirement ID],0))),"") | L18: 46226 | M18: Created | N18: https://smartship.atlassian.net/browse/DTTP25-37831 | P18: =IFERROR(VALUE(MID($A18,5,4)),0) -> 77 | Q18: NEW-0077
A19: =IF(AND(B19="",C19="",D19="",E19="",F19="",G19="",H19="",J19="",L19="",M19="",N19=""),"",Q19) -> NEW-0078 | B19: Nordics SWE, DEN, NOR, FIN Rollout - Market Configurations in Production | C19: Config | D19: MVP Rollout | E19: B2CW | F19: NEW | G19: Medium | I19: =IF($A19="","",IFERROR(IF(ISBLANK(INDEX(SprintPlanning[Sprint],MATCH($A19,SprintPlanning[Requirement ID],0))),"To Plan",INDEX(SprintPlanning[Sprint],MATCH($A19,SprintPlanning[Requirement ID],0))),"To Plan")) -> To Plan | J19: 8 | K19: =IFERROR(IF(ISBLANK(INDEX(Release[Release],MATCH($A19,Release[Requirement ID],0))),"",INDEX(Release[Release],MATCH($A19,Release[Requirement ID],0))),"") | L19: 46226 | M19: Created | N19: https://smartship.atlassian.net/browse/DTTP25-37831 | P19: =IFERROR(VALUE(MID($A19,5,4)),0) -> 78 | Q19: NEW-0078
A20: =IF(AND(B20="",C20="",D20="",E20="",F20="",G20="",H20="",J20="",L20="",M20="",N20=""),"",Q20) -> NEW-0409 | B20: US Growth - B2CW Payment billing data/ US Release AVS Check - Part 2 (Wiring the new fields to Datatrans in INT007, INT140, INT146) | C20: CR | D20: Growth | E20: B2CW | F20: NEW | G20: High | H20: Q3 2026 | I20: =IF($A20="","",IFERROR(IF(ISBLANK(INDEX(SprintPlanning[Sprint],MATCH($A20,SprintPlanning[Requirement ID],0))),"To Plan",INDEX(SprintPlanning[Sprint],MATCH($A20,SprintPlanning[Requirement ID],0))),"To Plan")) -> Sprint 11 | J20: 13 | K20: =IFERROR(IF(ISBLANK(INDEX(Release[Release],MATCH($A20,Release[Requirement ID],0))),"",INDEX(Release[Release],MATCH($A20,Release[Requirement ID],0))),"") | L20: 46237 | M20: Created | N20: https://smartship.atlassian.net/browse/MDTTPU-15253 | P20: =IFERROR(VALUE(MID($A20,5,4)),0) -> 409 | Q20: NEW-0409
A21: =IF(AND(B21="",C21="",D21="",E21="",F21="",G21="",H21="",J21="",L21="",M21="",N21=""),"",Q21) -> NEW-0410 | B21: US Growth - M4M Payment billing data/ US Release AVS Check (Adding the fields in M4M transaction init) | C21: CR | D21: Growth | E21: B2CW | F21: ON HOLD | G21: High | H21: Q3 2026 | I21: =IF($A21="","",IFERROR(IF(ISBLANK(INDEX(SprintPlanning[Sprint],MATCH($A21,SprintPlanning[Requirement ID],0))),"To Plan",INDEX(SprintPlanning[Sprint],MATCH($A21,SprintPlanning[Requirement ID],0))),"To Plan")) -> Sprint 12 | J21: 8 | K21: =IFERROR(IF(ISBLANK(INDEX(Release[Release],MATCH($A21,Release[Requirement ID],0))),"",INDEX(Release[Release],MATCH($A21,Release[Requirement ID],0))),"") | L21: 46237 | M21: Created | N21: https://smartship.atlassian.net/browse/MDTTPU-15254 | P21: =IFERROR(VALUE(MID($A21,5,4)),0) -> 410 | Q21: NEW-0410
A22: =IF(AND(B22="",C22="",D22="",E22="",F22="",G22="",H22="",J22="",L22="",M22="",N22=""),"",Q22) -> NEW-0001 | B22: Whatsapp Subscription (Phase 1) | C22: New | D22: Backlog | E22: MA | F22: NEW | G22: Medium | H22: Q3 2026 | I22: =IF($A22="","",IFERROR(IF(ISBLANK(INDEX(SprintPlanning[Sprint],MATCH($A22,SprintPlanning[Requirement ID],0))),"To Plan",INDEX(SprintPlanning[Sprint],MATCH($A22,SprintPlanning[Requirement ID],0))),"To Plan")) -> Sprint 12 | J22: 13 | K22: =IFERROR(IF(ISBLANK(INDEX(Release[Release],MATCH($A22,Release[Requirement ID],0))),"",INDEX(Release[Release],MATCH($A22,Release[Requirement ID],0))),"") | L22: 46226 | M22: Created | N22: https://smartship.atlassian.net/browse/DTTP25-36678 | P22: =IFERROR(VALUE(MID($A22,5,4)),0) -> 1 | Q22: NEW-0001
A23: =IF(AND(B23="",C23="",D23="",E23="",F23="",G23="",H23="",J23="",L23="",M23="",N23=""),"",Q23) -> NEW-0003 | B23: Friends and Family INT 157 | C23: New | D23: Backlog | E23: S&S | F23: NEW | G23: Medium | I23: =IF($A23="","",IFERROR(IF(ISBLANK(INDEX(SprintPlanning[Sprint],MATCH($A23,SprintPlanning[Requirement ID],0))),"To Plan",INDEX(SprintPlanning[Sprint],MATCH($A23,SprintPlanning[Requirement ID],0))),"To Plan")) -> Sprint 12 | J23: 13 | K23: =IFERROR(IF(ISBLANK(INDEX(Release[Release],MATCH($A23,Release[Requirement ID],0))),"",INDEX(Release[Release],MATCH($A23,Release[Requirement ID],0))),"") | L23: 46226 | M23: Created | N23: https://smartship.atlassian.net/browse/DTTP25-36959 | P23: =IFERROR(VALUE(MID($A23,5,4)),0) -> 3 | Q23: NEW-0003
A24: =IF(AND(B24="",C24="",D24="",E24="",F24="",G24="",H24="",J24="",L24="",M24="",N24=""),"",Q24) -> NEW-0029 | B24: MYMSC All inc CR remove logic from AEM | C24: CR | D24: MyMSC | E24: B2CW | F24: NEW | G24: Medium | H24: 46235 | I24: =IF($A24="","",IFERROR(IF(ISBLANK(INDEX(SprintPlanning[Sprint],MATCH($A24,SprintPlanning[Requirement ID],0))),"To Plan",INDEX(SprintPlanning[Sprint],MATCH($A24,SprintPlanning[Requirement ID],0))),"To Plan")) -> Sprint 11 | J24: 23 | K24: =IFERROR(IF(ISBLANK(INDEX(Release[Release],MATCH($A24,Release[Requirement ID],0))),"",INDEX(Release[Release],MATCH($A24,Release[Requirement ID],0))),"") | L24: 46226 | M24: Created | N24: https://smartship.atlassian.net/browse/DTTP25-38250 | P24: =IFERROR(VALUE(MID($A24,5,4)),0) -> 29 | Q24: NEW-0029
A25: =IF(AND(B25="",C25="",D25="",E25="",F25="",G25="",H25="",J25="",L25="",M25="",N25=""),"",Q25) -> NEW-0030 | B25: Handling of additional errors INT 139/ INT 140 | C25: CR | D25: MyMSC | E25: B2CW | F25: NEW | G25: Medium | I25: =IF($A25="","",IFERROR(IF(ISBLANK(INDEX(SprintPlanning[Sprint],MATCH($A25,SprintPlanning[Requirement ID],0))),"To Plan",INDEX(SprintPlanning[Sprint],MATCH($A25,SprintPlanning[Requirement ID],0))),"To Plan")) -> Sprint 12 | J25: 8 | K25: =IFERROR(IF(ISBLANK(INDEX(Release[Release],MATCH($A25,Release[Requirement ID],0))),"",INDEX(Release[Release],MATCH($A25,Release[Requirement ID],0))),"") | L25: 46226 | M25: Created | N25: https://smartship.atlassian.net/browse/DTTP25-40357 | P25: =IFERROR(VALUE(MID($A25,5,4)),0) -> 30 | Q25: NEW-0030
A26: =IF(AND(B26="",C26="",D26="",E26="",F26="",G26="",H26="",J26="",L26="",M26="",N26=""),"",Q26) -> NEW-0080 | B26: Hypercare | C26: Tech Task | D26: US | E26: ALL | F26: NEW | G26: High | I26: =IF($A26="","",IFERROR(IF(ISBLANK(INDEX(SprintPlanning[Sprint],MATCH($A26,SprintPlanning[Requirement ID],0))),"To Plan",INDEX(SprintPlanning[Sprint],MATCH($A26,SprintPlanning[Requirement ID],0))),"To Plan")) -> Sprint 12 | K26: =IFERROR(IF(ISBLANK(INDEX(Release[Release],MATCH($A26,Release[Requirement ID],0))),"",INDEX(Release[Release],MATCH($A26,Release[Requirement ID],0))),"") | L26: 46226 | P26: =IFERROR(VALUE(MID($A26,5,4)),0) -> 80 | Q26: NEW-0080
A27: =IF(AND(B27="",C27="",D27="",E27="",F27="",G27="",H27="",J27="",L27="",M27="",N27=""),"",Q27) -> NEW-0085 | B27: PI11-08 [CDP] [INTP-21] Lead Management - Option event creation in CDP | C27: CR | D27: PI11 | E27: MA | F27: NEW | G27: Medium | I27: =IF($A27="","",IFERROR(IF(ISBLANK(INDEX(SprintPlanning[Sprint],MATCH($A27,SprintPlanning[Requirement ID],0))),"To Plan",INDEX(SprintPlanning[Sprint],MATCH($A27,SprintPlanning[Requirement ID],0))),"To Plan")) -> Sprint 12 | J27: 5 | K27: =IFERROR(IF(ISBLANK(INDEX(Release[Release],MATCH($A27,Release[Requirement ID],0))),"",INDEX(Release[Release],MATCH($A27,Release[Requirement ID],0))),"") | L27: 46226 | M27: Created | N27: https://smartship.atlassian.net/browse/DTTP25-41937 | P27: =IFERROR(VALUE(MID($A27,5,4)),0) -> 85 | Q27: NEW-0085
A28: =IF(AND(B28="",C28="",D28="",E28="",F28="",G28="",H28="",J28="",L28="",M28="",N28=""),"",Q28) -> NEW-0086 | B28: PI11-11 [CRM] [EA-1008] DTTP - Lead Management - FCC new outbound sources | C28: CR | D28: PI11 | E28: MA | F28: NEW | G28: Medium | I28: =IF($A28="","",IFERROR(IF(ISBLANK(INDEX(SprintPlanning[Sprint],MATCH($A28,SprintPlanning[Requirement ID],0))),"To Plan",INDEX(SprintPlanning[Sprint],MATCH($A28,SprintPlanning[Requirement ID],0))),"To Plan")) -> Sprint 12 | J28: 8 | K28: =IFERROR(IF(ISBLANK(INDEX(Release[Release],MATCH($A28,Release[Requirement ID],0))),"",INDEX(Release[Release],MATCH($A28,Release[Requirement ID],0))),"") | L28: 46226 | M28: Created | N28: https://smartship.atlassian.net/browse/DTTP25-41939 | P28: =IFERROR(VALUE(MID($A28,5,4)),0) -> 86 | Q28: NEW-0086
A29: =IF(AND(B29="",C29="",D29="",E29="",F29="",G29="",H29="",J29="",L29="",M29="",N29=""),"",Q29) -> NEW-0087 | B29: PI11-12 [CDP/CRM] CRM2-11097 / [INTP-20] Lead Management - IRL Outbound Sources Activation & Form Creation | C29: CR | D29: PI11 | E29: MA | F29: NEW | G29: Medium | I29: =IF($A29="","",IFERROR(IF(ISBLANK(INDEX(SprintPlanning[Sprint],MATCH($A29,SprintPlanning[Requirement ID],0))),"To Plan",INDEX(SprintPlanning[Sprint],MATCH($A29,SprintPlanning[Requirement ID],0))),"To Plan")) -> Sprint 12 | J29: 5 | K29: =IFERROR(IF(ISBLANK(INDEX(Release[Release],MATCH($A29,Release[Requirement ID],0))),"",INDEX(Release[Release],MATCH($A29,Release[Requirement ID],0))),"") | L29: 46226 | M29: Created | N29: https://smartship.atlassian.net/browse/DTTP25-41940 | P29: =IFERROR(VALUE(MID($A29,5,4)),0) -> 87 | Q29: NEW-0087
A30: =IF(AND(B30="",C30="",D30="",E30="",F30="",G30="",H30="",J30="",L30="",M30="",N30=""),"",Q30) -> NEW-0316 | B30: INT139 / INT140 - speciality restaurants CR to handle dining inventory errors | C30: CR | D30: MyMSC | E30: B2CW | F30: NEW | G30: Medium | I30: =IF($A30="","",IFERROR(IF(ISBLANK(INDEX(SprintPlanning[Sprint],MATCH($A30,SprintPlanning[Requirement ID],0))),"To Plan",INDEX(SprintPlanning[Sprint],MATCH($A30,SprintPlanning[Requirement ID],0))),"To Plan")) -> Sprint 12 | J30: 8 | K30: =IFERROR(IF(ISBLANK(INDEX(Release[Release],MATCH($A30,Release[Requirement ID],0))),"",INDEX(Release[Release],MATCH($A30,Release[Requirement ID],0))),"") | L30: 46232 | M30: Created | N30: https://smartship.atlassian.net/browse/DTTP25-40356 | P30: =IFERROR(VALUE(MID($A30,5,4)),0) -> 316 | Q30: NEW-0316
A31: =IF(AND(B31="",C31="",D31="",E31="",F31="",G31="",H31="",J31="",L31="",M31="",N31=""),"",Q31) -> NEW-0066 | B31: PI11-03 [B2C] Flight Enhancement - DTTP25-38915 | C31: CR | D31: PI11 | E31: B2CW | F31: NEW | G31: Medium | I31: =IF($A31="","",IFERROR(IF(ISBLANK(INDEX(SprintPlanning[Sprint],MATCH($A31,SprintPlanning[Requirement ID],0))),"To Plan",INDEX(SprintPlanning[Sprint],MATCH($A31,SprintPlanning[Requirement ID],0))),"To Plan")) -> Sprint 12 | J31: 5 | K31: =IFERROR(IF(ISBLANK(INDEX(Release[Release],MATCH($A31,Release[Requirement ID],0))),"",INDEX(Release[Release],MATCH($A31,Release[Requirement ID],0))),"") | L31: 46226 | M31: Created | N31: https://smartship.atlassian.net/browse/DTTP25-41930 | P31: =IFERROR(VALUE(MID($A31,5,4)),0) -> 66 | Q31: NEW-0066
A32: =IF(AND(B32="",C32="",D32="",E32="",F32="",G32="",H32="",J32="",L32="",M32="",N32=""),"",Q32) -> NEW-0067 | B32: PI11-14 [CRM] [EA-1722] CRM Dependency - Lead Management - Price Description info in CDP | C32: CR | D32: PI11 | E32: MA | F32: NEW | G32: Medium | I32: =IF($A32="","",IFERROR(IF(ISBLANK(INDEX(SprintPlanning[Sprint],MATCH($A32,SprintPlanning[Requirement ID],0))),"To Plan",INDEX(SprintPlanning[Sprint],MATCH($A32,SprintPlanning[Requirement ID],0))),"To Plan")) -> Sprint 12 | J32: 8 | K32: =IFERROR(IF(ISBLANK(INDEX(Release[Release],MATCH($A32,Release[Requirement ID],0))),"",INDEX(Release[Release],MATCH($A32,Release[Requirement ID],0))),"") | L32: 46226 | M32: Created | N32: https://smartship.atlassian.net/browse/DTTP25-41931 | P32: =IFERROR(VALUE(MID($A32,5,4)),0) -> 67 | Q32: NEW-0067
A33: =IF(AND(B33="",C33="",D33="",E33="",F33="",G33="",H33="",J33="",L33="",M33="",N33=""),"",Q33) -> NEW-0002 | B33: Whatsapp Subscription (Phase 2) | C33: CR | D33: Backlog | E33: MA | F33: ON HOLD | G33: Medium | H33: Q4 2026 | I33: =IF($A33="","",IFERROR(IF(ISBLANK(INDEX(SprintPlanning[Sprint],MATCH($A33,SprintPlanning[Requirement ID],0))),"To Plan",INDEX(SprintPlanning[Sprint],MATCH($A33,SprintPlanning[Requirement ID],0))),"To Plan")) -> To Plan | K33: =IFERROR(IF(ISBLANK(INDEX(Release[Release],MATCH($A33,Release[Requirement ID],0))),"",INDEX(Release[Release],MATCH($A33,Release[Requirement ID],0))),"") | L33: 46226 | P33: =IFERROR(VALUE(MID($A33,5,4)),0) -> 2 | Q33: NEW-0002
A34: =IF(AND(B34="",C34="",D34="",E34="",F34="",G34="",H34="",J34="",L34="",M34="",N34=""),"",Q34) -> NEW-0005 | B34: Handling multicabin booking | C34: CR | D34: Growth | E34: B2CW | F34: NEW | G34: Medium | H34: Q4 2026 | I34: =IF($A34="","",IFERROR(IF(ISBLANK(INDEX(SprintPlanning[Sprint],MATCH($A34,SprintPlanning[Requirement ID],0))),"To Plan",INDEX(SprintPlanning[Sprint],MATCH($A34,SprintPlanning[Requirement ID],0))),"To Plan")) -> To Plan | J34: 21 | K34: =IFERROR(IF(ISBLANK(INDEX(Release[Release],MATCH($A34,Release[Requirement ID],0))),"",INDEX(Release[Release],MATCH($A34,Release[Requirement ID],0))),"") | L34: 46226 | P34: =IFERROR(VALUE(MID($A34,5,4)),0) -> 5 | Q34: NEW-0005
A35: =IF(AND(B35="",C35="",D35="",E35="",F35="",G35="",H35="",J35="",L35="",M35="",N35=""),"",Q35) -> NEW-0006 | B35: New UWO Interface (decoupling) | C35: New | D35: Growth | E35: B2CW | F35: NEW | G35: Medium | H35: Q1 2027 | I35: =IF($A35="","",IFERROR(IF(ISBLANK(INDEX(SprintPlanning[Sprint],MATCH($A35,SprintPlanning[Requirement ID],0))),"To Plan",INDEX(SprintPlanning[Sprint],MATCH($A35,SprintPlanning[Requirement ID],0))),"To Plan")) -> To Plan | J35: 3 | K35: =IFERROR(IF(ISBLANK(INDEX(Release[Release],MATCH($A35,Release[Requirement ID],0))),"",INDEX(Release[Release],MATCH($A35,Release[Requirement ID],0))),"") | L35: 46226 | P35: =IFERROR(VALUE(MID($A35,5,4)),0) -> 6 | Q35: NEW-0006
A36: =IF(AND(B36="",C36="",D36="",E36="",F36="",G36="",H36="",J36="",L36="",M36="",N36=""),"",Q36) -> NEW-0007 | B36: Update Hold option (decoupling) | C36: CR | D36: Growth | E36: B2CW | F36: NEW | G36: Medium | H36: Q1 2027 | I36: =IF($A36="","",IFERROR(IF(ISBLANK(INDEX(SprintPlanning[Sprint],MATCH($A36,SprintPlanning[Requirement ID],0))),"To Plan",INDEX(SprintPlanning[Sprint],MATCH($A36,SprintPlanning[Requirement ID],0))),"To Plan")) -> To Plan | J36: 3 | K36: =IFERROR(IF(ISBLANK(INDEX(Release[Release],MATCH($A36,Release[Requirement ID],0))),"",INDEX(Release[Release],MATCH($A36,Release[Requirement ID],0))),"") | L36: 46226 | P36: =IFERROR(VALUE(MID($A36,5,4)),0) -> 7 | Q36: NEW-0007
A37: =IF(AND(B37="",C37="",D37="",E37="",F37="",G37="",H37="",J37="",L37="",M37="",N37=""),"",Q37) -> NEW-0011 | B37: INT 101 - Cabin Selections (Booking Group Management) | C37: CR | D37: Growth | E37: S&S | F37: NEW | G37: Medium | H37: Q4 2026 | I37: =IF($A37="","",IFERROR(IF(ISBLANK(INDEX(SprintPlanning[Sprint],MATCH($A37,SprintPlanning[Requirement ID],0))),"To Plan",INDEX(SprintPlanning[Sprint],MATCH($A37,SprintPlanning[Requirement ID],0))),"To Plan")) -> To Plan | J37: 8 | K37: =IFERROR(IF(ISBLANK(INDEX(Release[Release],MATCH($A37,Release[Requirement ID],0))),"",INDEX(Release[Release],MATCH($A37,Release[Requirement ID],0))),"") | L37: 46226 | M37: Created | N37: https://smartship.atlassian.net/browse/MDTTPU-8135 | P37: =IFERROR(VALUE(MID($A37,5,4)),0) -> 11 | Q37: NEW-0011
A38: =IF(AND(B38="",C38="",D38="",E38="",F38="",G38="",H38="",J38="",L38="",M38="",N38=""),"",Q38) -> NEW-0016 | B38: myMSC Add USA Market Configuration - Chain 1/ Chain 2 | C38: Config | D38: US | E38: B2CW | F38: NEW | G38: Medium | H38: Q3 2026 | I38: =IF($A38="","",IFERROR(IF(ISBLANK(INDEX(SprintPlanning[Sprint],MATCH($A38,SprintPlanning[Requirement ID],0))),"To Plan",INDEX(SprintPlanning[Sprint],MATCH($A38,SprintPlanning[Requirement ID],0))),"To Plan")) -> To Plan | J38: 8 | K38: =IFERROR(IF(ISBLANK(INDEX(Release[Release],MATCH($A38,Release[Requirement ID],0))),"",INDEX(Release[Release],MATCH($A38,Release[Requirement ID],0))),"") | L38: 46226 | M38: Created | N38: https://smartship.atlassian.net/browse/MDTTPU-13662 | P38: =IFERROR(VALUE(MID($A38,5,4)),0) -> 16 | Q38: NEW-0016
A39: =IF(AND(B39="",C39="",D39="",E39="",F39="",G39="",H39="",J39="",L39="",M39="",N39=""),"",Q39) -> NEW-0017 | B39: ARG Payment provider Pagtur | C39: New | D39: MVP Rollout | E39: B2CW | F39: NEW | G39: Medium | H39: Q1 2027 | I39: =IF($A39="","",IFERROR(IF(ISBLANK(INDEX(SprintPlanning[Sprint],MATCH($A39,SprintPlanning[Requirement ID],0))),"To Plan",INDEX(SprintPlanning[Sprint],MATCH($A39,SprintPlanning[Requirement ID],0))),"To Plan")) -> To Plan | J39: 40 | K39: =IFERROR(IF(ISBLANK(INDEX(Release[Release],MATCH($A39,Release[Requirement ID],0))),"",INDEX(Release[Release],MATCH($A39,Release[Requirement ID],0))),"") | L39: 46226 | P39: =IFERROR(VALUE(MID($A39,5,4)),0) -> 17 | Q39: NEW-0017
A40: =IF(AND(B40="",C40="",D40="",E40="",F40="",G40="",H40="",J40="",L40="",M40="",N40=""),"",Q40) -> NEW-0018 | B40: BR Payment providerDireçao | C40: New | D40: MVP Rollout | E40: B2CW | F40: NEW | G40: Medium | H40: Q1 2027 | I40: =IF($A40="","",IFERROR(IF(ISBLANK(INDEX(SprintPlanning[Sprint],MATCH($A40,SprintPlanning[Requirement ID],0))),"To Plan",INDEX(SprintPlanning[Sprint],MATCH($A40,SprintPlanning[Requirement ID],0))),"To Plan")) -> To Plan | J40: 40 | K40: =IFERROR(IF(ISBLANK(INDEX(Release[Release],MATCH($A40,Release[Requirement ID],0))),"",INDEX(Release[Release],MATCH($A40,Release[Requirement ID],0))),"") | L40: 46226 | P40: =IFERROR(VALUE(MID($A40,5,4)),0) -> 18 | Q40: NEW-0018
A41: =IF(AND(B41="",C41="",D41="",E41="",F41="",G41="",H41="",J41="",L41="",M41="",N41=""),"",Q41) -> NEW-0020 | B41: MyMSC Spa | C41: New | D41: MyMSC | E41: B2CW | F41: NEW | G41: Medium | I41: =IF($A41="","",IFERROR(IF(ISBLANK(INDEX(SprintPlanning[Sprint],MATCH($A41,SprintPlanning[Requirement ID],0))),"To Plan",INDEX(SprintPlanning[Sprint],MATCH($A41,SprintPlanning[Requirement ID],0))),"To Plan")) -> To Plan | J41: 20 | K41: =IFERROR(IF(ISBLANK(INDEX(Release[Release],MATCH($A41,Release[Requirement ID],0))),"",INDEX(Release[Release],MATCH($A41,Release[Requirement ID],0))),"") | L41: 46226 | P41: =IFERROR(VALUE(MID($A41,5,4)),0) -> 20 | Q41: NEW-0020
A42: =IF(AND(B42="",C42="",D42="",E42="",F42="",G42="",H42="",J42="",L42="",M42="",N42=""),"",Q42) -> NEW-0022 | B42: Super Agency Access | C42: New | D42: MyMSC | E42: B2CW | F42: NEW | G42: Medium | I42: =IF($A42="","",IFERROR(IF(ISBLANK(INDEX(SprintPlanning[Sprint],MATCH($A42,SprintPlanning[Requirement ID],0))),"To Plan",INDEX(SprintPlanning[Sprint],MATCH($A42,SprintPlanning[Requirement ID],0))),"To Plan")) -> To Plan | J42: 8 | K42: =IFERROR(IF(ISBLANK(INDEX(Release[Release],MATCH($A42,Release[Requirement ID],0))),"",INDEX(Release[Release],MATCH($A42,Release[Requirement ID],0))),"") | L42: 46226 | P42: =IFERROR(VALUE(MID($A42,5,4)),0) -> 22 | Q42: NEW-0022
A43: =IF(AND(B43="",C43="",D43="",E43="",F43="",G43="",H43="",J43="",L43="",M43="",N43=""),"",Q43) -> NEW-0033 | B43: Pending Configurations for DACH, MED, LATAM | C43: Config | D43: MyMSC | E43: B2CW | F43: NEW | G43: Medium | I43: =IF($A43="","",IFERROR(IF(ISBLANK(INDEX(SprintPlanning[Sprint],MATCH($A43,SprintPlanning[Requirement ID],0))),"To Plan",INDEX(SprintPlanning[Sprint],MATCH($A43,SprintPlanning[Requirement ID],0))),"To Plan")) -> To Plan | J43: 3 | K43: =IFERROR(IF(ISBLANK(INDEX(Release[Release],MATCH($A43,Release[Requirement ID],0))),"",INDEX(Release[Release],MATCH($A43,Release[Requirement ID],0))),"") | L43: 46226 | M43: Created | N43: https://smartship.atlassian.net/browse/DTTP25-21230 | P43: =IFERROR(VALUE(MID($A43,5,4)),0) -> 33 | Q43: NEW-0033
A44: =IF(AND(B44="",C44="",D44="",E44="",F44="",G44="",H44="",J44="",L44="",M44="",N44=""),"",Q44) -> NEW-0068 | B44: [EAINT] [CR][INT026][INT133][INT130] Split calls to CMS for excursion/OBS data into chunks | C44: CR | D44: MyMSC | E44: B2CW | F44: NEW | G44: Medium | I44: =IF($A44="","",IFERROR(IF(ISBLANK(INDEX(SprintPlanning[Sprint],MATCH($A44,SprintPlanning[Requirement ID],0))),"To Plan",INDEX(SprintPlanning[Sprint],MATCH($A44,SprintPlanning[Requirement ID],0))),"To Plan")) -> To Plan | J44: 8 | K44: =IFERROR(IF(ISBLANK(INDEX(Release[Release],MATCH($A44,Release[Requirement ID],0))),"",INDEX(Release[Release],MATCH($A44,Release[Requirement ID],0))),"") | L44: 46226 | P44: =IFERROR(VALUE(MID($A44,5,4)),0) -> 68 | Q44: NEW-0068
A45: =IF(AND(B45="",C45="",D45="",E45="",F45="",G45="",H45="",J45="",L45="",M45="",N45=""),"",Q45) -> NEW-0265 | B45: TLI 99.1 | C45: TBC | D45: US | E45: MA | F45: DONE | G45: Medium | I45: =IF($A45="","",IFERROR(IF(ISBLANK(INDEX(SprintPlanning[Sprint],MATCH($A45,SprintPlanning[Requirement ID],0))),"To Plan",INDEX(SprintPlanning[Sprint],MATCH($A45,SprintPlanning[Requirement ID],0))),"To Plan")) -> To Plan | K45: =IFERROR(IF(ISBLANK(INDEX(Release[Release],MATCH($A45,Release[Requirement ID],0))),"",INDEX(Release[Release],MATCH($A45,Release[Requirement ID],0))),"") | L45: 46232 | P45: =IFERROR(VALUE(MID($A45,5,4)),0) -> 265 | Q45: NEW-0265
A46: =IF(AND(B46="",C46="",D46="",E46="",F46="",G46="",H46="",J46="",L46="",M46="",N46=""),"",Q46) -> NEW-0266 | B46: Campaigns for loyalty program management | C46: TBC | D46: US | E46: MA | F46: DONE | G46: Medium | I46: =IF($A46="","",IFERROR(IF(ISBLANK(INDEX(SprintPlanning[Sprint],MATCH($A46,SprintPlanning[Requirement ID],0))),"To Plan",INDEX(SprintPlanning[Sprint],MATCH($A46,SprintPlanning[Requirement ID],0))),"To Plan")) -> To Plan | K46: =IFERROR(IF(ISBLANK(INDEX(Release[Release],MATCH($A46,Release[Requirement ID],0))),"",INDEX(Release[Release],MATCH($A46,Release[Requirement ID],0))),"") | L46: 46232 | P46: =IFERROR(VALUE(MID($A46,5,4)),0) -> 266 | Q46: NEW-0266
A47: =IF(AND(B47="",C47="",D47="",E47="",F47="",G47="",H47="",J47="",L47="",M47="",N47=""),"",Q47) -> NEW-0270 | B47: Booking Group Management Cabin Selections | C47: CR | D47: US | E47: B2CW | F47: NEW | G47: Medium | I47: =IF($A47="","",IFERROR(IF(ISBLANK(INDEX(SprintPlanning[Sprint],MATCH($A47,SprintPlanning[Requirement ID],0))),"To Plan",INDEX(SprintPlanning[Sprint],MATCH($A47,SprintPlanning[Requirement ID],0))),"To Plan")) -> To Plan | J47: 5 | K47: =IFERROR(IF(ISBLANK(INDEX(Release[Release],MATCH($A47,Release[Requirement ID],0))),"",INDEX(Release[Release],MATCH($A47,Release[Requirement ID],0))),"") | L47: 46232 | P47: =IFERROR(VALUE(MID($A47,5,4)),0) -> 270 | Q47: NEW-0270
A48: =IF(AND(B48="",C48="",D48="",E48="",F48="",G48="",H48="",J48="",L48="",M48="",N48=""),"",Q48) -> NEW-0274 | B48: INT024.2 - Addition of “Disembarkation Date” and “Pay By” fields | C48: CR | D48: Growth | E48: S&S | F48: NEW | G48: Medium | I48: =IF($A48="","",IFERROR(IF(ISBLANK(INDEX(SprintPlanning[Sprint],MATCH($A48,SprintPlanning[Requirement ID],0))),"To Plan",INDEX(SprintPlanning[Sprint],MATCH($A48,SprintPlanning[Requirement ID],0))),"To Plan")) -> To Plan | J48: 3 | K48: =IFERROR(IF(ISBLANK(INDEX(Release[Release],MATCH($A48,Release[Requirement ID],0))),"",INDEX(Release[Release],MATCH($A48,Release[Requirement ID],0))),"") | L48: 46232 | P48: =IFERROR(VALUE(MID($A48,5,4)),0) -> 274 | Q48: NEW-0274
A49: =IF(AND(B49="",C49="",D49="",E49="",F49="",G49="",H49="",J49="",L49="",M49="",N49=""),"",Q49) -> NEW-0284 | B49: DACH, MED, LATAM Configurations | C49: CR | D49: MyMSC | E49: B2CW | F49: NEW | G49: Medium | I49: =IF($A49="","",IFERROR(IF(ISBLANK(INDEX(SprintPlanning[Sprint],MATCH($A49,SprintPlanning[Requirement ID],0))),"To Plan",INDEX(SprintPlanning[Sprint],MATCH($A49,SprintPlanning[Requirement ID],0))),"To Plan")) -> To Plan | K49: =IFERROR(IF(ISBLANK(INDEX(Release[Release],MATCH($A49,Release[Requirement ID],0))),"",INDEX(Release[Release],MATCH($A49,Release[Requirement ID],0))),"") | L49: 46232 | P49: =IFERROR(VALUE(MID($A49,5,4)),0) -> 284 | Q49: NEW-0284
A50: =IF(AND(B50="",C50="",D50="",E50="",F50="",G50="",H50="",J50="",L50="",M50="",N50=""),"",Q50) -> NEW-0288 | B50: Remove of login endpoints from MyMSC EAPI | C50: Tech Task | D50: MyMSC | E50: ALL | F50: NEW | G50: Medium | I50: =IF($A50="","",IFERROR(IF(ISBLANK(INDEX(SprintPlanning[Sprint],MATCH($A50,SprintPlanning[Requirement ID],0))),"To Plan",INDEX(SprintPlanning[Sprint],MATCH($A50,SprintPlanning[Requirement ID],0))),"To Plan")) -> To Plan | J50: 8 | K50: =IFERROR(IF(ISBLANK(INDEX(Release[Release],MATCH($A50,Release[Requirement ID],0))),"",INDEX(Release[Release],MATCH($A50,Release[Requirement ID],0))),"") | L50: 46232 | P50: =IFERROR(VALUE(MID($A50,5,4)),0) -> 288 | Q50: NEW-0288
A51: =IF(AND(B51="",C51="",D51="",E51="",F51="",G51="",H51="",J51="",L51="",M51="",N51=""),"",Q51) -> NEW-0290 | B51: Bug fix for cabin logic in INT135.1/135.2 | C51: Bug | D51: MyMSC | E51: B2CW | F51: NEW | G51: Medium | I51: =IF($A51="","",IFERROR(IF(ISBLANK(INDEX(SprintPlanning[Sprint],MATCH($A51,SprintPlanning[Requirement ID],0))),"To Plan",INDEX(SprintPlanning[Sprint],MATCH($A51,SprintPlanning[Requirement ID],0))),"To Plan")) -> Sprint 11 | J51: 5 | K51: =IFERROR(IF(ISBLANK(INDEX(Release[Release],MATCH($A51,Release[Requirement ID],0))),"",INDEX(Release[Release],MATCH($A51,Release[Requirement ID],0))),"") | L51: 46232 | M51: Created | N51: https://smartship.atlassian.net/browse/DTTP25-29399 | P51: =IFERROR(VALUE(MID($A51,5,4)),0) -> 290 | Q51: NEW-0290
A52: =IF(AND(B52="",C52="",D52="",E52="",F52="",G52="",H52="",J52="",L52="",M52="",N52=""),"",Q52) -> NEW-0299 | B52: Spa | C52: CR | D52: MyMSC | E52: B2CW | F52: NEW | G52: Medium | I52: =IF($A52="","",IFERROR(IF(ISBLANK(INDEX(SprintPlanning[Sprint],MATCH($A52,SprintPlanning[Requirement ID],0))),"To Plan",INDEX(SprintPlanning[Sprint],MATCH($A52,SprintPlanning[Requirement ID],0))),"To Plan")) -> To Plan | J52: 33 | K52: =IFERROR(IF(ISBLANK(INDEX(Release[Release],MATCH($A52,Release[Requirement ID],0))),"",INDEX(Release[Release],MATCH($A52,Release[Requirement ID],0))),"") | L52: 46232 | P52: =IFERROR(VALUE(MID($A52,5,4)),0) -> 299 | Q52: NEW-0299
A53: =IF(AND(B53="",C53="",D53="",E53="",F53="",G53="",H53="",J53="",L53="",M53="",N53=""),"",Q53) -> NEW-0315 | B53: MyMSC CR to handle BKG_001 when booking retrieved | C53: CR | D53: MyMSC | E53: B2CW | F53: NEW | G53: Medium | I53: =IF($A53="","",IFERROR(IF(ISBLANK(INDEX(SprintPlanning[Sprint],MATCH($A53,SprintPlanning[Requirement ID],0))),"To Plan",INDEX(SprintPlanning[Sprint],MATCH($A53,SprintPlanning[Requirement ID],0))),"To Plan")) -> To Plan | J53: 8 | K53: =IFERROR(IF(ISBLANK(INDEX(Release[Release],MATCH($A53,Release[Requirement ID],0))),"",INDEX(Release[Release],MATCH($A53,Release[Requirement ID],0))),"") | L53: 46232 | P53: =IFERROR(VALUE(MID($A53,5,4)),0) -> 315 | Q53: NEW-0315
A54: =IF(AND(B54="",C54="",D54="",E54="",F54="",G54="",H54="",J54="",L54="",M54="",N54=""),"",Q54) -> NEW-0322 | B54: MyMSC/MA CR for enabling DEM links to light login | C54: CR | D54: MyMSC | E54: B2CW | F54: NEW | G54: Medium | I54: =IF($A54="","",IFERROR(IF(ISBLANK(INDEX(SprintPlanning[Sprint],MATCH($A54,SprintPlanning[Requirement ID],0))),"To Plan",INDEX(SprintPlanning[Sprint],MATCH($A54,SprintPlanning[Requirement ID],0))),"To Plan")) -> To Plan | J54: 13 | K54: =IFERROR(IF(ISBLANK(INDEX(Release[Release],MATCH($A54,Release[Requirement ID],0))),"",INDEX(Release[Release],MATCH($A54,Release[Requirement ID],0))),"") | L54: 46232 | P54: =IFERROR(VALUE(MID($A54,5,4)),0) -> 322 | Q54: NEW-0322
A55: =IF(AND(B55="",C55="",D55="",E55="",F55="",G55="",H55="",J55="",L55="",M55="",N55=""),"",Q55) -> NEW-0324 | B55: MSC- MyMSC PRE_CRM_002 error scenario change CR to additem | C55: CR | D55: MyMSC | E55: B2CW | F55: NEW | G55: Medium | I55: =IF($A55="","",IFERROR(IF(ISBLANK(INDEX(SprintPlanning[Sprint],MATCH($A55,SprintPlanning[Requirement ID],0))),"To Plan",INDEX(SprintPlanning[Sprint],MATCH($A55,SprintPlanning[Requirement ID],0))),"To Plan")) -> To Plan | K55: =IFERROR(IF(ISBLANK(INDEX(Release[Release],MATCH($A55,Release[Requirement ID],0))),"",INDEX(Release[Release],MATCH($A55,Release[Requirement ID],0))),"") | L55: 46232 | P55: =IFERROR(VALUE(MID($A55,5,4)),0) -> 324 | Q55: NEW-0324
A56: =IF(AND(B56="",C56="",D56="",E56="",F56="",G56="",H56="",J56="",L56="",M56="",N56=""),"",Q56) -> NEW-0343 | B56: CDP / DTS Post Booking - CR - Passenger name filter | C56: CR | D56: Backlog | E56: MA | F56: ON HOLD | G56: Medium | I56: =IF($A56="","",IFERROR(IF(ISBLANK(INDEX(SprintPlanning[Sprint],MATCH($A56,SprintPlanning[Requirement ID],0))),"To Plan",INDEX(SprintPlanning[Sprint],MATCH($A56,SprintPlanning[Requirement ID],0))),"To Plan")) -> To Plan | K56: =IFERROR(IF(ISBLANK(INDEX(Release[Release],MATCH($A56,Release[Requirement ID],0))),"",INDEX(Release[Release],MATCH($A56,Release[Requirement ID],0))),"") | L56: 46232 | P56: =IFERROR(VALUE(MID($A56,5,4)),0) -> 343 | Q56: NEW-0343
A57: =IF(AND(B57="",C57="",D57="",E57="",F57="",G57="",H57="",J57="",L57="",M57="",N57=""),"",Q57) -> NEW-0344 | B57: CDP / DTS Post Booking - CR - INT024.1 Improve data quality handling and optimise customer search | C57: CR | D57: Backlog | E57: MA | F57: NEW | G57: Medium | I57: =IF($A57="","",IFERROR(IF(ISBLANK(INDEX(SprintPlanning[Sprint],MATCH($A57,SprintPlanning[Requirement ID],0))),"To Plan",INDEX(SprintPlanning[Sprint],MATCH($A57,SprintPlanning[Requirement ID],0))),"To Plan")) -> To Plan | K57: =IFERROR(IF(ISBLANK(INDEX(Release[Release],MATCH($A57,Release[Requirement ID],0))),"",INDEX(Release[Release],MATCH($A57,Release[Requirement ID],0))),"") | L57: 46232 | P57: =IFERROR(VALUE(MID($A57,5,4)),0) -> 344 | Q57: NEW-0344
A58: =IF(AND(B58="",C58="",D58="",E58="",F58="",G58="",H58="",J58="",L58="",M58="",N58=""),"",Q58) -> NEW-0345 | B58: CDP / DTS Post Booking - CR - INT024.1 Long term Improved data quality handling | C58: CR | D58: Backlog | E58: MA | F58: NEW | G58: Medium | I58: =IF($A58="","",IFERROR(IF(ISBLANK(INDEX(SprintPlanning[Sprint],MATCH($A58,SprintPlanning[Requirement ID],0))),"To Plan",INDEX(SprintPlanning[Sprint],MATCH($A58,SprintPlanning[Requirement ID],0))),"To Plan")) -> To Plan | K58: =IFERROR(IF(ISBLANK(INDEX(Release[Release],MATCH($A58,Release[Requirement ID],0))),"",INDEX(Release[Release],MATCH($A58,Release[Requirement ID],0))),"") | L58: 46232 | P58: =IFERROR(VALUE(MID($A58,5,4)),0) -> 345 | Q58: NEW-0345
A59: =IF(AND(B59="",C59="",D59="",E59="",F59="",G59="",H59="",J59="",L59="",M59="",N59=""),"",Q59) -> NEW-0346 | B59: CR - Improved data quality handling optimise customer search page size across other integrations | C59: CR | D59: Backlog | E59: MA | F59: NEW | G59: Medium | I59: =IF($A59="","",IFERROR(IF(ISBLANK(INDEX(SprintPlanning[Sprint],MATCH($A59,SprintPlanning[Requirement ID],0))),"To Plan",INDEX(SprintPlanning[Sprint],MATCH($A59,SprintPlanning[Requirement ID],0))),"To Plan")) -> To Plan | K59: =IFERROR(IF(ISBLANK(INDEX(Release[Release],MATCH($A59,Release[Requirement ID],0))),"",INDEX(Release[Release],MATCH($A59,Release[Requirement ID],0))),"") | L59: 46232 | P59: =IFERROR(VALUE(MID($A59,5,4)),0) -> 346 | Q59: NEW-0346
A60: =IF(AND(B60="",C60="",D60="",E60="",F60="",G60="",H60="",J60="",L60="",M60="",N60=""),"",Q60) -> NEW-0356 | B60: MED Insurance - Do not sell any insurance if CoR differ across pax | C60: CR | D60: Growth | E60: B2CW | F60: ON HOLD | G60: Medium | I60: =IF($A60="","",IFERROR(IF(ISBLANK(INDEX(SprintPlanning[Sprint],MATCH($A60,SprintPlanning[Requirement ID],0))),"To Plan",INDEX(SprintPlanning[Sprint],MATCH($A60,SprintPlanning[Requirement ID],0))),"To Plan")) -> To Plan | J60: 8 | K60: =IFERROR(IF(ISBLANK(INDEX(Release[Release],MATCH($A60,Release[Requirement ID],0))),"",INDEX(Release[Release],MATCH($A60,Release[Requirement ID],0))),"") | L60: 46232 | P60: =IFERROR(VALUE(MID($A60,5,4)),0) -> 356 | Q60: NEW-0356
A61: =IF(AND(B61="",C61="",D61="",E61="",F61="",G61="",H61="",J61="",L61="",M61="",N61=""),"",Q61) -> NEW-0358 | B61: CMS Configuration for Airports in B2CW Booking Funnel | C61: CR | D61: Growth | E61: B2CW | F61: ON HOLD | G61: Medium | I61: =IF($A61="","",IFERROR(IF(ISBLANK(INDEX(SprintPlanning[Sprint],MATCH($A61,SprintPlanning[Requirement ID],0))),"To Plan",INDEX(SprintPlanning[Sprint],MATCH($A61,SprintPlanning[Requirement ID],0))),"To Plan")) -> To Plan | K61: =IFERROR(IF(ISBLANK(INDEX(Release[Release],MATCH($A61,Release[Requirement ID],0))),"",INDEX(Release[Release],MATCH($A61,Release[Requirement ID],0))),"") | L61: 46232 | P61: =IFERROR(VALUE(MID($A61,5,4)),0) -> 358 | Q61: NEW-0358
A62: =IF(AND(B62="",C62="",D62="",E62="",F62="",G62="",H62="",J62="",L62="",M62="",N62=""),"",Q62) -> NEW-0360 | B62: Paypal Reconciliation for prepaid | C62: CR | D62: Growth | E62: B2CW | F62: NEW | G62: Medium | H62: Q4 2026 | I62: =IF($A62="","",IFERROR(IF(ISBLANK(INDEX(SprintPlanning[Sprint],MATCH($A62,SprintPlanning[Requirement ID],0))),"To Plan",INDEX(SprintPlanning[Sprint],MATCH($A62,SprintPlanning[Requirement ID],0))),"To Plan")) -> To Plan | J62: 5 | K62: =IFERROR(IF(ISBLANK(INDEX(Release[Release],MATCH($A62,Release[Requirement ID],0))),"",INDEX(Release[Release],MATCH($A62,Release[Requirement ID],0))),"") | L62: 46232 | P62: =IFERROR(VALUE(MID($A62,5,4)),0) -> 360 | Q62: NEW-0360
A63: =IF(AND(B63="",C63="",D63="",E63="",F63="",G63="",H63="",J63="",L63="",M63="",N63=""),"",Q63) -> NEW-0361 | B63: US - adding of fields to Hold option orchestration in call to AJO -cabincode, embarkation date, cruise area | C63: CR | D63: Growth | E63: MA | F63: NEW | G63: Medium | H63: Q4 2026 | I63: =IF($A63="","",IFERROR(IF(ISBLANK(INDEX(SprintPlanning[Sprint],MATCH($A63,SprintPlanning[Requirement ID],0))),"To Plan",INDEX(SprintPlanning[Sprint],MATCH($A63,SprintPlanning[Requirement ID],0))),"To Plan")) -> To Plan | K63: =IFERROR(IF(ISBLANK(INDEX(Release[Release],MATCH($A63,Release[Requirement ID],0))),"",INDEX(Release[Release],MATCH($A63,Release[Requirement ID],0))),"") | L63: 46232 | P63: =IFERROR(VALUE(MID($A63,5,4)),0) -> 361 | Q63: NEW-0361
A64: =IF(AND(B64="",C64="",D64="",E64="",F64="",G64="",H64="",J64="",L64="",M64="",N64=""),"",Q64) -> NEW-0362 | B64: US - Known and Unknown management analysis for US (CDP/AJO) | C64: CR | D64: Growth | E64: MA | F64: NEW | G64: Medium | H64: Q4 2026 | I64: =IF($A64="","",IFERROR(IF(ISBLANK(INDEX(SprintPlanning[Sprint],MATCH($A64,SprintPlanning[Requirement ID],0))),"To Plan",INDEX(SprintPlanning[Sprint],MATCH($A64,SprintPlanning[Requirement ID],0))),"To Plan")) -> To Plan | K64: =IFERROR(IF(ISBLANK(INDEX(Release[Release],MATCH($A64,Release[Requirement ID],0))),"",INDEX(Release[Release],MATCH($A64,Release[Requirement ID],0))),"") | L64: 46232 | P64: =IFERROR(VALUE(MID($A64,5,4)),0) -> 362 | Q64: NEW-0362
A65: =IF(AND(B65="",C65="",D65="",E65="",F65="",G65="",H65="",J65="",L65="",M65="",N65=""),"",Q65) -> NEW-0363 | B65: US - Outbound Leads - Light Login for Leads Moving Option Expiring | C65: CR | D65: Growth | E65: B2CW | F65: NEW | G65: Medium | H65: Q4 2026 | I65: =IF($A65="","",IFERROR(IF(ISBLANK(INDEX(SprintPlanning[Sprint],MATCH($A65,SprintPlanning[Requirement ID],0))),"To Plan",INDEX(SprintPlanning[Sprint],MATCH($A65,SprintPlanning[Requirement ID],0))),"To Plan")) -> To Plan | K65: =IFERROR(IF(ISBLANK(INDEX(Release[Release],MATCH($A65,Release[Requirement ID],0))),"",INDEX(Release[Release],MATCH($A65,Release[Requirement ID],0))),"") | L65: 46232 | P65: =IFERROR(VALUE(MID($A65,5,4)),0) -> 363 | Q65: NEW-0363
A66: =IF(AND(B66="",C66="",D66="",E66="",F66="",G66="",H66="",J66="",L66="",M66="",N66=""),"",Q66) -> NEW-0364 | B66: B2CW Booking Funnel - TRF and Pricing Structure Assessment – ESP Market | C66: CR | D66: Growth | E66: B2CW | F66: NEW | G66: Medium | H66: Q4 2026 | I66: =IF($A66="","",IFERROR(IF(ISBLANK(INDEX(SprintPlanning[Sprint],MATCH($A66,SprintPlanning[Requirement ID],0))),"To Plan",INDEX(SprintPlanning[Sprint],MATCH($A66,SprintPlanning[Requirement ID],0))),"To Plan")) -> To Plan | K66: =IFERROR(IF(ISBLANK(INDEX(Release[Release],MATCH($A66,Release[Requirement ID],0))),"",INDEX(Release[Release],MATCH($A66,Release[Requirement ID],0))),"") | L66: 46232 | P66: =IFERROR(VALUE(MID($A66,5,4)),0) -> 364 | Q66: NEW-0364
A67: =IF(AND(B67="",C67="",D67="",E67="",F67="",G67="",H67="",J67="",L67="",M67="",N67=""),"",Q67) -> NEW-0366 | B67: B2CW Accessibility & Medical Webform Business Rules for booking | C67: CR | D67: Growth | E67: B2CW | F67: NEW | G67: Medium | H67: Q4 2026 | I67: =IF($A67="","",IFERROR(IF(ISBLANK(INDEX(SprintPlanning[Sprint],MATCH($A67,SprintPlanning[Requirement ID],0))),"To Plan",INDEX(SprintPlanning[Sprint],MATCH($A67,SprintPlanning[Requirement ID],0))),"To Plan")) -> To Plan | K67: =IFERROR(IF(ISBLANK(INDEX(Release[Release],MATCH($A67,Release[Requirement ID],0))),"",INDEX(Release[Release],MATCH($A67,Release[Requirement ID],0))),"") | L67: 46232 | P67: =IFERROR(VALUE(MID($A67,5,4)),0) -> 366 | Q67: NEW-0366
A68: =IF(AND(B68="",C68="",D68="",E68="",F68="",G68="",H68="",J68="",L68="",M68="",N68=""),"",Q68) -> NEW-0367 | B68: MyMSC US | Extend JWT expiry | C68: CR | D68: Growth | E68: B2CW | F68: NEW | G68: Medium | H68: Q4 2026 | I68: =IF($A68="","",IFERROR(IF(ISBLANK(INDEX(SprintPlanning[Sprint],MATCH($A68,SprintPlanning[Requirement ID],0))),"To Plan",INDEX(SprintPlanning[Sprint],MATCH($A68,SprintPlanning[Requirement ID],0))),"To Plan")) -> To Plan | J68: 5 | K68: =IFERROR(IF(ISBLANK(INDEX(Release[Release],MATCH($A68,Release[Requirement ID],0))),"",INDEX(Release[Release],MATCH($A68,Release[Requirement ID],0))),"") | L68: 46232 | P68: =IFERROR(VALUE(MID($A68,5,4)),0) -> 367 | Q68: NEW-0367
A69: =IF(AND(B69="",C69="",D69="",E69="",F69="",G69="",H69="",J69="",L69="",M69="",N69=""),"",Q69) -> NEW-0370 | B69: Handling DSC_076 scenario in booking funnel | C69: CR | D69: Growth | E69: B2CW | G69: Medium | I69: =IF($A69="","",IFERROR(IF(ISBLANK(INDEX(SprintPlanning[Sprint],MATCH($A69,SprintPlanning[Requirement ID],0))),"To Plan",INDEX(SprintPlanning[Sprint],MATCH($A69,SprintPlanning[Requirement ID],0))),"To Plan")) -> To Plan | K69: =IFERROR(IF(ISBLANK(INDEX(Release[Release],MATCH($A69,Release[Requirement ID],0))),"",INDEX(Release[Release],MATCH($A69,Release[Requirement ID],0))),"") | L69: 46232 | P69: =IFERROR(VALUE(MID($A69,5,4)),0) -> 370 | Q69: NEW-0370
A70: =IF(AND(B70="",C70="",D70="",E70="",F70="",G70="",H70="",J70="",L70="",M70="",N70=""),"",Q70) -> NEW-0371 | B70: B2CW Prospect Onsite Quotation | C70: TBC | D70: Growth | E70: B2CW | F70: NEW | G70: Medium | I70: =IF($A70="","",IFERROR(IF(ISBLANK(INDEX(SprintPlanning[Sprint],MATCH($A70,SprintPlanning[Requirement ID],0))),"To Plan",INDEX(SprintPlanning[Sprint],MATCH($A70,SprintPlanning[Requirement ID],0))),"To Plan")) -> To Plan | J70: 5 | K70: =IFERROR(IF(ISBLANK(INDEX(Release[Release],MATCH($A70,Release[Requirement ID],0))),"",INDEX(Release[Release],MATCH($A70,Release[Requirement ID],0))),"") | L70: 46232 | P70: =IFERROR(VALUE(MID($A70,5,4)),0) -> 371 | Q70: NEW-0371
A71: =IF(AND(B71="",C71="",D71="",E71="",F71="",G71="",H71="",J71="",L71="",M71="",N71=""),"",Q71) -> NEW-0373 | B71: Booking Funnel - AI Optimisation | C71: Tech Task | D71: Backlog / Tech Enh | E71: ALL | F71: NEW | G71: Medium | I71: =IF($A71="","",IFERROR(IF(ISBLANK(INDEX(SprintPlanning[Sprint],MATCH($A71,SprintPlanning[Requirement ID],0))),"To Plan",INDEX(SprintPlanning[Sprint],MATCH($A71,SprintPlanning[Requirement ID],0))),"To Plan")) -> To Plan | K71: =IFERROR(IF(ISBLANK(INDEX(Release[Release],MATCH($A71,Release[Requirement ID],0))),"",INDEX(Release[Release],MATCH($A71,Release[Requirement ID],0))),"") | L71: 46232 | P71: =IFERROR(VALUE(MID($A71,5,4)),0) -> 373 | Q71: NEW-0373
A72: =IF(AND(B72="",C72="",D72="",E72="",F72="",G72="",H72="",J72="",L72="",M72="",N72=""),"",Q72) -> NEW-0375 | B72: Booking Funnel - OTEL | C72: Tech Task | D72: Backlog / Tech Enh | E72: ALL | F72: IN PROGRESS | G72: Medium | I72: =IF($A72="","",IFERROR(IF(ISBLANK(INDEX(SprintPlanning[Sprint],MATCH($A72,SprintPlanning[Requirement ID],0))),"To Plan",INDEX(SprintPlanning[Sprint],MATCH($A72,SprintPlanning[Requirement ID],0))),"To Plan")) -> To Plan | K72: =IFERROR(IF(ISBLANK(INDEX(Release[Release],MATCH($A72,Release[Requirement ID],0))),"",INDEX(Release[Release],MATCH($A72,Release[Requirement ID],0))),"") | L72: 46232 | P72: =IFERROR(VALUE(MID($A72,5,4)),0) -> 375 | Q72: NEW-0375
A73: =IF(AND(B73="",C73="",D73="",E73="",F73="",G73="",H73="",J73="",L73="",M73="",N73=""),"",Q73) -> NEW-0376 | B73: Improve error handling in booking creation | C73: Tech Task | D73: Backlog / Tech Enh | E73: ALL | F73: NEW | G73: Medium | I73: =IF($A73="","",IFERROR(IF(ISBLANK(INDEX(SprintPlanning[Sprint],MATCH($A73,SprintPlanning[Requirement ID],0))),"To Plan",INDEX(SprintPlanning[Sprint],MATCH($A73,SprintPlanning[Requirement ID],0))),"To Plan")) -> To Plan | K73: =IFERROR(IF(ISBLANK(INDEX(Release[Release],MATCH($A73,Release[Requirement ID],0))),"",INDEX(Release[Release],MATCH($A73,Release[Requirement ID],0))),"") | L73: 46232 | P73: =IFERROR(VALUE(MID($A73,5,4)),0) -> 376 | Q73: NEW-0376
A74: =IF(AND(B74="",C74="",D74="",E74="",F74="",G74="",H74="",J74="",L74="",M74="",N74=""),"",Q74) -> NEW-0377 | B74: DTTP25-27161 Change payment and newsletter redirection URL logic | C74: Tech Task | D74: Backlog / Tech Enh | E74: ALL | F74: NEW | G74: Medium | I74: =IF($A74="","",IFERROR(IF(ISBLANK(INDEX(SprintPlanning[Sprint],MATCH($A74,SprintPlanning[Requirement ID],0))),"To Plan",INDEX(SprintPlanning[Sprint],MATCH($A74,SprintPlanning[Requirement ID],0))),"To Plan")) -> To Plan | K74: =IFERROR(IF(ISBLANK(INDEX(Release[Release],MATCH($A74,Release[Requirement ID],0))),"",INDEX(Release[Release],MATCH($A74,Release[Requirement ID],0))),"") | L74: 46232 | P74: =IFERROR(VALUE(MID($A74,5,4)),0) -> 377 | Q74: NEW-0377
A75: =IF(AND(B75="",C75="",D75="",E75="",F75="",G75="",H75="",J75="",L75="",M75="",N75=""),"",Q75) -> NEW-0384 | B75: New Security Remediation - DTTP Stack to CRM ASIS_EA | C75: CR | D75: PI10 | E75: CRMASIS | F75: DONE | G75: Medium | I75: =IF($A75="","",IFERROR(IF(ISBLANK(INDEX(SprintPlanning[Sprint],MATCH($A75,SprintPlanning[Requirement ID],0))),"To Plan",INDEX(SprintPlanning[Sprint],MATCH($A75,SprintPlanning[Requirement ID],0))),"To Plan")) -> To Plan | K75: =IFERROR(IF(ISBLANK(INDEX(Release[Release],MATCH($A75,Release[Requirement ID],0))),"",INDEX(Release[Release],MATCH($A75,Release[Requirement ID],0))),"") | L75: 46232 | P75: =IFERROR(VALUE(MID($A75,5,4)),0) -> 384 | Q75: NEW-0384
A76: =IF(AND(B76="",C76="",D76="",E76="",F76="",G76="",H76="",J76="",L76="",M76="",N76=""),"",Q76) -> NEW-0395 | B76: PDF: age restrictions management | C76: CR | D76: MyMSC | E76: B2CW | F76: NEW | G76: Medium | H76: Aug 2026 | I76: =IF($A76="","",IFERROR(IF(ISBLANK(INDEX(SprintPlanning[Sprint],MATCH($A76,SprintPlanning[Requirement ID],0))),"To Plan",INDEX(SprintPlanning[Sprint],MATCH($A76,SprintPlanning[Requirement ID],0))),"To Plan")) -> To Plan | J76: 5 | K76: =IFERROR(IF(ISBLANK(INDEX(Release[Release],MATCH($A76,Release[Requirement ID],0))),"",INDEX(Release[Release],MATCH($A76,Release[Requirement ID],0))),"") | L76: 46232 | P76: =IFERROR(VALUE(MID($A76,5,4)),0) -> 395 | Q76: NEW-0395
A77: =IF(AND(B77="",C77="",D77="",E77="",F77="",G77="",H77="",J77="",L77="",M77="",N77=""),"",Q77) -> NEW-0397 | B77: MSC Voyagers Club subscription block for pending Status Match request for the same user | C77: CR | D77: MyMSC | E77: B2CW | F77: NEW | G77: Medium | H77: Q1 2027 | I77: =IF($A77="","",IFERROR(IF(ISBLANK(INDEX(SprintPlanning[Sprint],MATCH($A77,SprintPlanning[Requirement ID],0))),"To Plan",INDEX(SprintPlanning[Sprint],MATCH($A77,SprintPlanning[Requirement ID],0))),"To Plan")) -> To Plan | J77: 8 | K77: =IFERROR(IF(ISBLANK(INDEX(Release[Release],MATCH($A77,Release[Requirement ID],0))),"",INDEX(Release[Release],MATCH($A77,Release[Requirement ID],0))),"") | L77: 46232 | P77: =IFERROR(VALUE(MID($A77,5,4)),0) -> 397 | Q77: NEW-0397
A78: =IF(AND(B78="",C78="",D78="",E78="",F78="",G78="",H78="",J78="",L78="",M78="",N78=""),"",Q78) -> NEW-0398 | B78: MSC Voyagers Club children association | C78: CR | D78: MyMSC | E78: B2CW | F78: NEW | G78: Medium | H78: Q1 2027 | I78: =IF($A78="","",IFERROR(IF(ISBLANK(INDEX(SprintPlanning[Sprint],MATCH($A78,SprintPlanning[Requirement ID],0))),"To Plan",INDEX(SprintPlanning[Sprint],MATCH($A78,SprintPlanning[Requirement ID],0))),"To Plan")) -> To Plan | J78: 13 | K78: =IFERROR(IF(ISBLANK(INDEX(Release[Release],MATCH($A78,Release[Requirement ID],0))),"",INDEX(Release[Release],MATCH($A78,Release[Requirement ID],0))),"") | L78: 46232 | P78: =IFERROR(VALUE(MID($A78,5,4)),0) -> 398 | Q78: NEW-0398
A79: =IF(AND(B79="",C79="",D79="",E79="",F79="",G79="",H79="",J79="",L79="",M79="",N79=""),"",Q79) -> NEW-0399 | B79: Managing the possibility of multiple categories for the same EXC item | C79: CR | D79: MyMSC | E79: B2CW | F79: NEW | G79: Medium | H79: Q1 2027 | I79: =IF($A79="","",IFERROR(IF(ISBLANK(INDEX(SprintPlanning[Sprint],MATCH($A79,SprintPlanning[Requirement ID],0))),"To Plan",INDEX(SprintPlanning[Sprint],MATCH($A79,SprintPlanning[Requirement ID],0))),"To Plan")) -> To Plan | J79: 8 | K79: =IFERROR(IF(ISBLANK(INDEX(Release[Release],MATCH($A79,Release[Requirement ID],0))),"",INDEX(Release[Release],MATCH($A79,Release[Requirement ID],0))),"") | L79: 46232 | P79: =IFERROR(VALUE(MID($A79,5,4)),0) -> 399 | Q79: NEW-0399
A80: =IF(AND(B80="",C80="",D80="",E80="",F80="",G80="",H80="",J80="",L80="",M80="",N80=""),"",Q80) -> NEW-0400 | B80: Card Points History Reliability Enhancement - B2C | C80: CR | D80: MyMSC | E80: B2CW | F80: NEW | G80: Medium | H80: Q1 2027 | I80: =IF($A80="","",IFERROR(IF(ISBLANK(INDEX(SprintPlanning[Sprint],MATCH($A80,SprintPlanning[Requirement ID],0))),"To Plan",INDEX(SprintPlanning[Sprint],MATCH($A80,SprintPlanning[Requirement ID],0))),"To Plan")) -> To Plan | J80: 8 | K80: =IFERROR(IF(ISBLANK(INDEX(Release[Release],MATCH($A80,Release[Requirement ID],0))),"",INDEX(Release[Release],MATCH($A80,Release[Requirement ID],0))),"") | L80: 46232 | P80: =IFERROR(VALUE(MID($A80,5,4)),0) -> 400 | Q80: NEW-0400
A81: =IF(AND(B81="",C81="",D81="",E81="",F81="",G81="",H81="",J81="",L81="",M81="",N81=""),"",Q81) -> NEW-0401 | B81: Excursions' category not visible, neither in the catalogue nor in the modal | C81: CR | D81: MyMSC | E81: B2CW | F81: NEW | G81: Medium | H81: Q1 2027 | I81: =IF($A81="","",IFERROR(IF(ISBLANK(INDEX(SprintPlanning[Sprint],MATCH($A81,SprintPlanning[Requirement ID],0))),"To Plan",INDEX(SprintPlanning[Sprint],MATCH($A81,SprintPlanning[Requirement ID],0))),"To Plan")) -> To Plan | J81: 8 | K81: =IFERROR(IF(ISBLANK(INDEX(Release[Release],MATCH($A81,Release[Requirement ID],0))),"",INDEX(Release[Release],MATCH($A81,Release[Requirement ID],0))),"") | L81: 46232 | P81: =IFERROR(VALUE(MID($A81,5,4)),0) -> 401 | Q81: NEW-0401
A82: =IF(AND(B82="",C82="",D82="",E82="",F82="",G82="",H82="",J82="",L82="",M82="",N82=""),"",Q82) -> NEW-0402 | B82: Cross Device > Plan my cruise: Cart > Impossible to apply a coupon on a NON-Discounted item | C82: CR | D82: MyMSC | E82: B2CW | F82: NEW | G82: Medium | H82: Q1 2027 | I82: =IF($A82="","",IFERROR(IF(ISBLANK(INDEX(SprintPlanning[Sprint],MATCH($A82,SprintPlanning[Requirement ID],0))),"To Plan",INDEX(SprintPlanning[Sprint],MATCH($A82,SprintPlanning[Requirement ID],0))),"To Plan")) -> To Plan | J82: 8 | K82: =IFERROR(IF(ISBLANK(INDEX(Release[Release],MATCH($A82,Release[Requirement ID],0))),"",INDEX(Release[Release],MATCH($A82,Release[Requirement ID],0))),"") | L82: 46232 | P82: =IFERROR(VALUE(MID($A82,5,4)),0) -> 402 | Q82: NEW-0402
A83: =IF(AND(B83="",C83="",D83="",E83="",F83="",G83="",H83="",J83="",L83="",M83="",N83=""),"",Q83) -> NEW-0403 | B83: Wider management of label | C83: TBC | D83: MyMSC | E83: B2CW | F83: NEW | G83: Medium | H83: Q1 2027 | I83: =IF($A83="","",IFERROR(IF(ISBLANK(INDEX(SprintPlanning[Sprint],MATCH($A83,SprintPlanning[Requirement ID],0))),"To Plan",INDEX(SprintPlanning[Sprint],MATCH($A83,SprintPlanning[Requirement ID],0))),"To Plan")) -> To Plan | K83: =IFERROR(IF(ISBLANK(INDEX(Release[Release],MATCH($A83,Release[Requirement ID],0))),"",INDEX(Release[Release],MATCH($A83,Release[Requirement ID],0))),"") | L83: 46232 | P83: =IFERROR(VALUE(MID($A83,5,4)),0) -> 403 | Q83: NEW-0403
A84: =IF(AND(B84="",C84="",D84="",E84="",F84="",G84="",H84="",J84="",L84="",M84="",N84=""),"",Q84) -> NEW-0404 | B84: Cross Device > Plan My Cruise > OBS/ACT 'Add passenger' CTA shown even if only non-eligible pax | C84: TBC | D84: MyMSC | E84: B2CW | F84: NEW | G84: Medium | H84: Q1 2027 | I84: =IF($A84="","",IFERROR(IF(ISBLANK(INDEX(SprintPlanning[Sprint],MATCH($A84,SprintPlanning[Requirement ID],0))),"To Plan",INDEX(SprintPlanning[Sprint],MATCH($A84,SprintPlanning[Requirement ID],0))),"To Plan")) -> To Plan | K84: =IFERROR(IF(ISBLANK(INDEX(Release[Release],MATCH($A84,Release[Requirement ID],0))),"",INDEX(Release[Release],MATCH($A84,Release[Requirement ID],0))),"") | L84: 46232 | P84: =IFERROR(VALUE(MID($A84,5,4)),0) -> 404 | Q84: NEW-0404
A85: =IF(AND(B85="",C85="",D85="",E85="",F85="",G85="",H85="",J85="",L85="",M85="",N85=""),"",Q85) -> NEW-0405 | B85: Whatsapp Subscription (Phase 3) | C85: CR | D85: Backlog | E85: MA | F85: NEW | G85: Medium | H85: Q4 2026 | I85: =IF($A85="","",IFERROR(IF(ISBLANK(INDEX(SprintPlanning[Sprint],MATCH($A85,SprintPlanning[Requirement ID],0))),"To Plan",INDEX(SprintPlanning[Sprint],MATCH($A85,SprintPlanning[Requirement ID],0))),"To Plan")) -> To Plan | J85: 16 | K85: =IFERROR(IF(ISBLANK(INDEX(Release[Release],MATCH($A85,Release[Requirement ID],0))),"",INDEX(Release[Release],MATCH($A85,Release[Requirement ID],0))),"") | L85: 46233 | P85: =IFERROR(VALUE(MID($A85,5,4)),0) -> 405 | Q85: NEW-0405
A86: =IF(AND(B86="",C86="",D86="",E86="",F86="",G86="",H86="",J86="",L86="",M86="",N86=""),"",Q86) -> NEW-0407 | B86: Puerto Rico on US site Status Match (INT010.3) | C86: CR | D86: US | E86: B2CW | F86: NEW | G86: High | H86: Q3 2026 | I86: =IF($A86="","",IFERROR(IF(ISBLANK(INDEX(SprintPlanning[Sprint],MATCH($A86,SprintPlanning[Requirement ID],0))),"To Plan",INDEX(SprintPlanning[Sprint],MATCH($A86,SprintPlanning[Requirement ID],0))),"To Plan")) -> To Plan | J86: 5 | K86: =IFERROR(IF(ISBLANK(INDEX(Release[Release],MATCH($A86,Release[Requirement ID],0))),"",INDEX(Release[Release],MATCH($A86,Release[Requirement ID],0))),"") | L86: 46237 | M86: Created | N86: https://smartship.atlassian.net/browse/MDTTPU-15251 | P86: =IFERROR(VALUE(MID($A86,5,4)),0) -> 407 | Q86: NEW-0407
A87: =IF(AND(B87="",C87="",D87="",E87="",F87="",G87="",H87="",J87="",L87="",M87="",N87=""),"",Q87) -> NEW-0413 | B87: [EINT][INT187][INT139][INT145] - Remove phone number mapping from Datatrans transaction creation | C87: Tech Story | D87: PI10 | E87: M4M | F87: NEW | G87: Medium | I87: =IF($A87="","",IFERROR(IF(ISBLANK(INDEX(SprintPlanning[Sprint],MATCH($A87,SprintPlanning[Requirement ID],0))),"To Plan",INDEX(SprintPlanning[Sprint],MATCH($A87,SprintPlanning[Requirement ID],0))),"To Plan")) -> To Plan | K87: =IFERROR(IF(ISBLANK(INDEX(Release[Release],MATCH($A87,Release[Requirement ID],0))),"",INDEX(Release[Release],MATCH($A87,Release[Requirement ID],0))),"") | L87: 46237 | M87: Created | N87: https://smartship.atlassian.net/browse/DTTP25-41728 | P87: =IFERROR(VALUE(MID($A87,5,4)),0) -> 413 | Q87: NEW-0413
A88: =IF(AND(B88="",C88="",D88="",E88="",F88="",G88="",H88="",J88="",L88="",M88="",N88=""),"",Q88) -> NEW-0414 | B88: [EINT][INT139][INT140][INT187][INT188] - Fix PromoCodeData coupon/discount code field mapping | C88: Tech Story | D88: PI10 | E88: M4M | F88: NEW | G88: Medium | I88: =IF($A88="","",IFERROR(IF(ISBLANK(INDEX(SprintPlanning[Sprint],MATCH($A88,SprintPlanning[Requirement ID],0))),"To Plan",INDEX(SprintPlanning[Sprint],MATCH($A88,SprintPlanning[Requirement ID],0))),"To Plan")) -> To Plan | K88: =IFERROR(IF(ISBLANK(INDEX(Release[Release],MATCH($A88,Release[Requirement ID],0))),"",INDEX(Release[Release],MATCH($A88,Release[Requirement ID],0))),"") | L88: 46237 | M88: Created | N88: https://smartship.atlassian.net/browse/DTTP25-41730 | P88: =IFERROR(VALUE(MID($A88,5,4)),0) -> 414 | Q88: NEW-0414
A89: =IF(AND(B89="",C89="",D89="",E89="",F89="",G89="",H89="",J89="",L89="",M89="",N89=""),"",Q89) -> NEW-0415 | B89: [EINT][INT139][INT187][INT140][INT188] - Improve error handling: BKGREQ_098, BKGREQ_050, PPI_DRIPR_11 | C89: Tech Story | D89: PI10 | E89: M4M | F89: NEW | G89: Medium | I89: =IF($A89="","",IFERROR(IF(ISBLANK(INDEX(SprintPlanning[Sprint],MATCH($A89,SprintPlanning[Requirement ID],0))),"To Plan",INDEX(SprintPlanning[Sprint],MATCH($A89,SprintPlanning[Requirement ID],0))),"To Plan")) -> To Plan | K89: =IFERROR(IF(ISBLANK(INDEX(Release[Release],MATCH($A89,Release[Requirement ID],0))),"",INDEX(Release[Release],MATCH($A89,Release[Requirement ID],0))),"") | L89: 46237 | M89: Created | N89: https://smartship.atlassian.net/browse/DTTP25-41725 | P89: =IFERROR(VALUE(MID($A89,5,4)),0) -> 415 | Q89: NEW-0415
A90: =IF(AND(B90="",C90="",D90="",E90="",F90="",G90="",H90="",J90="",L90="",M90="",N90=""),"",Q90) -> NEW-0084 | B90: PI11-07 [B2C] Hold Option (Placeholder - MuleSoft should not be involved) | C90: TBC | D90: PI11 | E90: B2CW | F90: NEW | G90: Medium | I90: =IF($A90="","",IFERROR(IF(ISBLANK(INDEX(SprintPlanning[Sprint],MATCH($A90,SprintPlanning[Requirement ID],0))),"To Plan",INDEX(SprintPlanning[Sprint],MATCH($A90,SprintPlanning[Requirement ID],0))),"To Plan")) -> To Plan | K90: =IFERROR(IF(ISBLANK(INDEX(Release[Release],MATCH($A90,Release[Requirement ID],0))),"",INDEX(Release[Release],MATCH($A90,Release[Requirement ID],0))),"") | L90: 46226 | P90: =IFERROR(VALUE(MID($A90,5,4)),0) -> 84 | Q90: NEW-0084
A91: =IF(AND(B91="",C91="",D91="",E91="",F91="",G91="",H91="",J91="",L91="",M91="",N91=""),"",Q91) -> NEW-0072 | B91: PI11-04 [B2C] Post Cruise Complaint Form Part 2 (Multiple Attachment) - DTTP25-38913 | C91: CR | D91: PI11 | E91: B2CW | F91: NEW | G91: Medium | I91: =IF($A91="","",IFERROR(IF(ISBLANK(INDEX(SprintPlanning[Sprint],MATCH($A91,SprintPlanning[Requirement ID],0))),"To Plan",INDEX(SprintPlanning[Sprint],MATCH($A91,SprintPlanning[Requirement ID],0))),"To Plan")) -> To Plan | J91: 21 | K91: =IFERROR(IF(ISBLANK(INDEX(Release[Release],MATCH($A91,Release[Requirement ID],0))),"",INDEX(Release[Release],MATCH($A91,Release[Requirement ID],0))),"") | L91: 46226 | M91: Created | N91: https://smartship.atlassian.net/browse/DTTP25-41932 | P91: =IFERROR(VALUE(MID($A91,5,4)),0) -> 72 | Q91: NEW-0072
A92: =IF(AND(B92="",C92="",D92="",E92="",F92="",G92="",H92="",J92="",L92="",M92="",N92=""),"",Q92) -> NEW-0073 | B92: PI11-05 [B2C] Accessibility Form - DTTP25-38914 | C92: CR | D92: PI11 | E92: B2CW | F92: NEW | G92: Medium | I92: =IF($A92="","",IFERROR(IF(ISBLANK(INDEX(SprintPlanning[Sprint],MATCH($A92,SprintPlanning[Requirement ID],0))),"To Plan",INDEX(SprintPlanning[Sprint],MATCH($A92,SprintPlanning[Requirement ID],0))),"To Plan")) -> To Plan | K92: =IFERROR(IF(ISBLANK(INDEX(Release[Release],MATCH($A92,Release[Requirement ID],0))),"",INDEX(Release[Release],MATCH($A92,Release[Requirement ID],0))),"") | L92: 46226 | M92: Created | N92: https://smartship.atlassian.net/browse/DTTP25-41933 | P92: =IFERROR(VALUE(MID($A92,5,4)),0) -> 73 | Q92: NEW-0073
A93: =IF(AND(B93="",C93="",D93="",E93="",F93="",G93="",H93="",J93="",L93="",M93="",N93=""),"",Q93) -> NEW-0074 | B93: PI11-06 [B2C] Cabin Position - DTTP25-40042 | C93: CR | D93: PI11 | E93: B2CW | F93: NEW | G93: Medium | I93: =IF($A93="","",IFERROR(IF(ISBLANK(INDEX(SprintPlanning[Sprint],MATCH($A93,SprintPlanning[Requirement ID],0))),"To Plan",INDEX(SprintPlanning[Sprint],MATCH($A93,SprintPlanning[Requirement ID],0))),"To Plan")) -> To Plan | J93: 5 | K93: =IFERROR(IF(ISBLANK(INDEX(Release[Release],MATCH($A93,Release[Requirement ID],0))),"",INDEX(Release[Release],MATCH($A93,Release[Requirement ID],0))),"") | L93: 46226 | M93: Created | N93: https://smartship.atlassian.net/browse/DTTP25-41934 | P93: =IFERROR(VALUE(MID($A93,5,4)),0) -> 74 | Q93: NEW-0074
A94: =IF(AND(B94="",C94="",D94="",E94="",F94="",G94="",H94="",J94="",L94="",M94="",N94=""),"",Q94) -> NEW-0436 | B94: [Growth] [CR] [INT005.2][INT004.3][INT004.4][INT006][INT007] - Conditionally capture outbound/return dates for One-Way Air Packages | C94: CR | D94: Growth | E94: B2CW | F94: NEW | G94: Medium | I94: =IF($A94="","",IFERROR(IF(ISBLANK(INDEX(SprintPlanning[Sprint],MATCH($A94,SprintPlanning[Requirement ID],0))),"To Plan",INDEX(SprintPlanning[Sprint],MATCH($A94,SprintPlanning[Requirement ID],0))),"To Plan")) -> Sprint 11 | J94: 8 | K94: =IFERROR(IF(ISBLANK(INDEX(Release[Release],MATCH($A94,Release[Requirement ID],0))),"",INDEX(Release[Release],MATCH($A94,Release[Requirement ID],0))),"") | L94: 46247 | N94: https://smartship.atlassian.net/browse/DTTP25-40435 | P94: =IFERROR(VALUE(MID($A94,5,4)),0) -> 436 | Q94: NEW-0436
A95: =IF(AND(B95="",C95="",D95="",E95="",F95="",G95="",H95="",J95="",L95="",M95="",N95=""),"",Q95) -> NEW-0437 | B95: Frictionless secure fields payments | C95: CR | D95: Growth | E95: B2CW | F95: NEW | G95: High | I95: =IF($A95="","",IFERROR(IF(ISBLANK(INDEX(SprintPlanning[Sprint],MATCH($A95,SprintPlanning[Requirement ID],0))),"To Plan",INDEX(SprintPlanning[Sprint],MATCH($A95,SprintPlanning[Requirement ID],0))),"To Plan")) -> Sprint 11 | J95: 3 | K95: =IFERROR(IF(ISBLANK(INDEX(Release[Release],MATCH($A95,Release[Requirement ID],0))),"",INDEX(Release[Release],MATCH($A95,Release[Requirement ID],0))),"") | L95: 46247 | M95: Created | N95: https://smartship.atlassian.net/browse/DTTP25-42079 | P95: =IFERROR(VALUE(MID($A95,5,4)),0) -> 437 | Q95: NEW-0437
A96: =IF(AND(B96="",C96="",D96="",E96="",F96="",G96="",H96="",J96="",L96="",M96="",N96=""),"",Q96) -> NEW-0438 | B96: US: Changes to A070/A013 mapping - refund | C96: CR | D96: Growth | E96: MA | F96: NEW | G96: Medium | I96: =IF($A96="","",IFERROR(IF(ISBLANK(INDEX(SprintPlanning[Sprint],MATCH($A96,SprintPlanning[Requirement ID],0))),"To Plan",INDEX(SprintPlanning[Sprint],MATCH($A96,SprintPlanning[Requirement ID],0))),"To Plan")) -> To Plan | K96: =IFERROR(IF(ISBLANK(INDEX(Release[Release],MATCH($A96,Release[Requirement ID],0))),"",INDEX(Release[Release],MATCH($A96,Release[Requirement ID],0))),"") | L96: 46247 | P96: =IFERROR(VALUE(MID($A96,5,4)),0) -> 438 | Q96: NEW-0438
A97: =IF(AND(B97="",C97="",D97="",E97="",F97="",G97="",H97="",J97="",L97="",M97="",N97=""),"",Q97) -> NEW-0439 | B97: [EINT] [CR] Map timezone in case creation in scheduled callback - US Stream | C97: CR | D97: US | E97: S&S | F97: NEW | G97: Medium | I97: =IF($A97="","",IFERROR(IF(ISBLANK(INDEX(SprintPlanning[Sprint],MATCH($A97,SprintPlanning[Requirement ID],0))),"To Plan",INDEX(SprintPlanning[Sprint],MATCH($A97,SprintPlanning[Requirement ID],0))),"To Plan")) -> Sprint 11 | J97: 3 | K97: =IFERROR(IF(ISBLANK(INDEX(Release[Release],MATCH($A97,Release[Requirement ID],0))),"",INDEX(Release[Release],MATCH($A97,Release[Requirement ID],0))),"") | L97: 46247 | N97: https://smartship.atlassian.net/browse/MDTTPU-16586 | P97: =IFERROR(VALUE(MID($A97,5,4)),0) -> 439 | Q97: NEW-0439
A98: =IF(AND(B98="",C98="",D98="",E98="",F98="",G98="",H98="",J98="",L98="",M98="",N98=""),"",Q98) -> NEW-0440 | B98: Load Test + Performance Enhancements - Part 2 (Placeholder) | C98: Tech Task | D98: US | E98: ALL | F98: NEW | G98: High | I98: =IF($A98="","",IFERROR(IF(ISBLANK(INDEX(SprintPlanning[Sprint],MATCH($A98,SprintPlanning[Requirement ID],0))),"To Plan",INDEX(SprintPlanning[Sprint],MATCH($A98,SprintPlanning[Requirement ID],0))),"To Plan")) -> Sprint 11 | J98: 13 | K98: =IFERROR(IF(ISBLANK(INDEX(Release[Release],MATCH($A98,Release[Requirement ID],0))),"",INDEX(Release[Release],MATCH($A98,Release[Requirement ID],0))),"") | L98: 46251 | P98: =IFERROR(VALUE(MID($A98,5,4)),0) -> 440 | Q98: NEW-0440
A99: =IF(AND(B99="",C99="",D99="",E99="",F99="",G99="",H99="",J99="",L99="",M99="",N99=""),"",Q99) -> NEW-0441 | B99: E2E Ticket Support - FAT and Canary Tests - Sprint 11 | C99: Tech Task | D99: Cross | E99: ALL | F99: NEW | G99: Medium | I99: =IF($A99="","",IFERROR(IF(ISBLANK(INDEX(SprintPlanning[Sprint],MATCH($A99,SprintPlanning[Requirement ID],0))),"To Plan",INDEX(SprintPlanning[Sprint],MATCH($A99,SprintPlanning[Requirement ID],0))),"To Plan")) -> Sprint 11 | J99: 13 | K99: =IFERROR(IF(ISBLANK(INDEX(Release[Release],MATCH($A99,Release[Requirement ID],0))),"",INDEX(Release[Release],MATCH($A99,Release[Requirement ID],0))),"") | L99: 46251 | P99: =IFERROR(VALUE(MID($A99,5,4)),0) -> 441 | Q99: NEW-0441
A100: =IF(AND(B100="",C100="",D100="",E100="",F100="",G100="",H100="",J100="",L100="",M100="",N100=""),"",Q100) -> NEW-0442 | B100: 2nd of September Release Prep | C100: Tech Task | D100: US | E100: ALL | F100: NEW | G100: High | I100: =IF($A100="","",IFERROR(IF(ISBLANK(INDEX(SprintPlanning[Sprint],MATCH($A100,SprintPlanning[Requirement ID],0))),"To Plan",INDEX(SprintPlanning[Sprint],MATCH($A100,SprintPlanning[Requirement ID],0))),"To Plan")) -> Sprint 11 | J100: 13 | K100: =IFERROR(IF(ISBLANK(INDEX(Release[Release],MATCH($A100,Release[Requirement ID],0))),"",INDEX(Release[Release],MATCH($A100,Release[Requirement ID],0))),"") | L100: 46251 | P100: =IFERROR(VALUE(MID($A100,5,4)),0) -> 442 | Q100: NEW-0442
...

Sheet API Design Planning
A1: Requirement ID | B1: Requirement Name | C1: Stream | D1: Jira Link | E1: Status | F1: Sprint | G1: RAML Required | H1: RAML Delivery Date | I1: Assignee | J1: Priority | K1: Design Status | L1: Design estimate | M1: Handover | N1: Notes
A2: =Backlog!A2 -> NEW-0267 | B2: =IFERROR(IF(ISBLANK(INDEX(Backlog[Requirement Name],MATCH($A2,Backlog[Requirement ID],0))),"",INDEX(Backlog[Requirement Name],MATCH($A2,Backlog[Requirement ID],0))),"") -> Outbound leads - Abandoned Cart - Replacement of Salescycle | C2: =IFERROR(IF(ISBLANK(INDEX(Backlog[Stream],MATCH($A2,Backlog[Requirement ID],0))),"",INDEX(Backlog[Stream],MATCH($A2,Backlog[Requirement ID],0))),"") -> US | D2: =IFERROR(IF(ISBLANK(INDEX(Backlog[Jira Link],MATCH($A2,Backlog[Requirement ID],0))),"",INDEX(Backlog[Jira Link],MATCH($A2,Backlog[Requirement ID],0))),"") | E2: =IFERROR(IF(ISBLANK(INDEX(Backlog[Status],MATCH($A2,Backlog[Requirement ID],0))),"",INDEX(Backlog[Status],MATCH($A2,Backlog[Requirement ID],0))),"") -> ON HOLD | F2: =IFERROR(IF(ISBLANK(INDEX(SprintPlanning[Sprint],MATCH($A2,SprintPlanning[Requirement ID],0))),"",INDEX(SprintPlanning[Sprint],MATCH($A2,SprintPlanning[Requirement ID],0))),"") -> To Plan | J2: =IFERROR(IF(ISBLANK(INDEX(Backlog[Priority],MATCH($A2,Backlog[Requirement ID],0))),"",INDEX(Backlog[Priority],MATCH($A2,Backlog[Requirement ID],0))),"") -> Medium | K2: Pending Solution | L2: =IFERROR(IF(ISBLANK(INDEX(Backlog[HLE],MATCH($A2,Backlog[Requirement ID],0))),"",IF(INDEX(Backlog[HLE],MATCH($A2,Backlog[Requirement ID],0))<=5,0.5,IF(INDEX(Backlog[HLE],MATCH($A2,Backlog[Requirement ID],0))<=8,1,IF(INDEX(Backlog[HLE],MATCH($A2,Backlog[Requirement ID],0))<=13,2,IF(INDEX(Backlog[HLE],MATCH($A2,Backlog[Requirement ID],0))<=20,3,5))))),"")
A3: =Backlog!A3 -> NEW-0057 | B3: =IFERROR(IF(ISBLANK(INDEX(Backlog[Requirement Name],MATCH($A3,Backlog[Requirement ID],0))),"",INDEX(Backlog[Requirement Name],MATCH($A3,Backlog[Requirement ID],0))),"") -> API Prod Configurations - Attentive / Webforms | C3: =IFERROR(IF(ISBLANK(INDEX(Backlog[Stream],MATCH($A3,Backlog[Requirement ID],0))),"",INDEX(Backlog[Stream],MATCH($A3,Backlog[Requirement ID],0))),"") -> US | D3: =IFERROR(IF(ISBLANK(INDEX(Backlog[Jira Link],MATCH($A3,Backlog[Requirement ID],0))),"",INDEX(Backlog[Jira Link],MATCH($A3,Backlog[Requirement ID],0))),"") -> https://smartship.atlassian.net/browse/MDTTPU-14019 | E3: =IFERROR(IF(ISBLANK(INDEX(Backlog[Status],MATCH($A3,Backlog[Requirement ID],0))),"",INDEX(Backlog[Status],MATCH($A3,Backlog[Requirement ID],0))),"") -> IN PROGRESS | F3: =IFERROR(IF(ISBLANK(INDEX(SprintPlanning[Sprint],MATCH($A3,SprintPlanning[Requirement ID],0))),"",INDEX(SprintPlanning[Sprint],MATCH($A3,SprintPlanning[Requirement ID],0))),"") -> Sprint 10 | J3: =IFERROR(IF(ISBLANK(INDEX(Backlog[Priority],MATCH($A3,Backlog[Requirement ID],0))),"",INDEX(Backlog[Priority],MATCH($A3,Backlog[Requirement ID],0))),"") -> High | K3: No Design Required | L3: =IFERROR(IF(ISBLANK(INDEX(Backlog[HLE],MATCH($A3,Backlog[Requirement ID],0))),"",IF(INDEX(Backlog[HLE],MATCH($A3,Backlog[Requirement ID],0))<=5,0.5,IF(INDEX(Backlog[HLE],MATCH($A3,Backlog[Requirement ID],0))<=8,1,IF(INDEX(Backlog[HLE],MATCH($A3,Backlog[Requirement ID],0))<=13,2,IF(INDEX(Backlog[HLE],MATCH($A3,Backlog[Requirement ID],0))<=20,3,5))))),"") -> 1
A4: =Backlog!A4 -> NEW-0058 | B4: =IFERROR(IF(ISBLANK(INDEX(Backlog[Requirement Name],MATCH($A4,Backlog[Requirement ID],0))),"",INDEX(Backlog[Requirement Name],MATCH($A4,Backlog[Requirement ID],0))),"") -> CR - Attentive Error Scenarios INT 175 | C4: =IFERROR(IF(ISBLANK(INDEX(Backlog[Stream],MATCH($A4,Backlog[Requirement ID],0))),"",INDEX(Backlog[Stream],MATCH($A4,Backlog[Requirement ID],0))),"") -> US | D4: =IFERROR(IF(ISBLANK(INDEX(Backlog[Jira Link],MATCH($A4,Backlog[Requirement ID],0))),"",INDEX(Backlog[Jira Link],MATCH($A4,Backlog[Requirement ID],0))),"") -> https://smartship.atlassian.net/browse/MDTTPU-13413 | E4: =IFERROR(IF(ISBLANK(INDEX(Backlog[Status],MATCH($A4,Backlog[Requirement ID],0))),"",INDEX(Backlog[Status],MATCH($A4,Backlog[Requirement ID],0))),"") -> IN PROGRESS | F4: =IFERROR(IF(ISBLANK(INDEX(SprintPlanning[Sprint],MATCH($A4,SprintPlanning[Requirement ID],0))),"",INDEX(SprintPlanning[Sprint],MATCH($A4,SprintPlanning[Requirement ID],0))),"") -> Sprint 10 | J4: =IFERROR(IF(ISBLANK(INDEX(Backlog[Priority],MATCH($A4,Backlog[Requirement ID],0))),"",INDEX(Backlog[Priority],MATCH($A4,Backlog[Requirement ID],0))),"") -> Medium | K4: Ready for Development | L4: =IFERROR(IF(ISBLANK(INDEX(Backlog[HLE],MATCH($A4,Backlog[Requirement ID],0))),"",IF(INDEX(Backlog[HLE],MATCH($A4,Backlog[Requirement ID],0))<=5,0.5,IF(INDEX(Backlog[HLE],MATCH($A4,Backlog[Requirement ID],0))<=8,1,IF(INDEX(Backlog[HLE],MATCH($A4,Backlog[Requirement ID],0))<=13,2,IF(INDEX(Backlog[HLE],MATCH($A4,Backlog[Requirement ID],0))<=20,3,5))))),"") -> 0.5
A5: =Backlog!A5 -> NEW-0060 | B5: =IFERROR(IF(ISBLANK(INDEX(Backlog[Requirement Name],MATCH($A5,Backlog[Requirement ID],0))),"",INDEX(Backlog[Requirement Name],MATCH($A5,Backlog[Requirement ID],0))),"") -> US Configuration myMSC - Production | C5: =IFERROR(IF(ISBLANK(INDEX(Backlog[Stream],MATCH($A5,Backlog[Requirement ID],0))),"",INDEX(Backlog[Stream],MATCH($A5,Backlog[Requirement ID],0))),"") -> US | D5: =IFERROR(IF(ISBLANK(INDEX(Backlog[Jira Link],MATCH($A5,Backlog[Requirement ID],0))),"",INDEX(Backlog[Jira Link],MATCH($A5,Backlog[Requirement ID],0))),"") -> https://smartship.atlassian.net/browse/MDTTPU-14018 | E5: =IFERROR(IF(ISBLANK(INDEX(Backlog[Status],MATCH($A5,Backlog[Requirement ID],0))),"",INDEX(Backlog[Status],MATCH($A5,Backlog[Requirement ID],0))),"") -> IN PROGRESS | F5: =IFERROR(IF(ISBLANK(INDEX(SprintPlanning[Sprint],MATCH($A5,SprintPlanning[Requirement ID],0))),"",INDEX(SprintPlanning[Sprint],MATCH($A5,SprintPlanning[Requirement ID],0))),"") -> Sprint 10 | J5: =IFERROR(IF(ISBLANK(INDEX(Backlog[Priority],MATCH($A5,Backlog[Requirement ID],0))),"",INDEX(Backlog[Priority],MATCH($A5,Backlog[Requirement ID],0))),"") -> High | K5: No Design Required | L5: =IFERROR(IF(ISBLANK(INDEX(Backlog[HLE],MATCH($A5,Backlog[Requirement ID],0))),"",IF(INDEX(Backlog[HLE],MATCH($A5,Backlog[Requirement ID],0))<=5,0.5,IF(INDEX(Backlog[HLE],MATCH($A5,Backlog[Requirement ID],0))<=8,1,IF(INDEX(Backlog[HLE],MATCH($A5,Backlog[Requirement ID],0))<=13,2,IF(INDEX(Backlog[HLE],MATCH($A5,Backlog[Requirement ID],0))<=20,3,5))))),"") -> 1
A6: =Backlog!A6 -> NEW-0061 | B6: =IFERROR(IF(ISBLANK(INDEX(Backlog[Requirement Name],MATCH($A6,Backlog[Requirement ID],0))),"",INDEX(Backlog[Requirement Name],MATCH($A6,Backlog[Requirement ID],0))),"") -> Load Test + Performance Enhancements - Part 1 | C6: =IFERROR(IF(ISBLANK(INDEX(Backlog[Stream],MATCH($A6,Backlog[Requirement ID],0))),"",INDEX(Backlog[Stream],MATCH($A6,Backlog[Requirement ID],0))),"") -> US | D6: =IFERROR(IF(ISBLANK(INDEX(Backlog[Jira Link],MATCH($A6,Backlog[Requirement ID],0))),"",INDEX(Backlog[Jira Link],MATCH($A6,Backlog[Requirement ID],0))),"") -> https://smartship.atlassian.net/browse/MDTTPU-15260 | E6: =IFERROR(IF(ISBLANK(INDEX(Backlog[Status],MATCH($A6,Backlog[Requirement ID],0))),"",INDEX(Backlog[Status],MATCH($A6,Backlog[Requirement ID],0))),"") -> IN PROGRESS | F6: =IFERROR(IF(ISBLANK(INDEX(SprintPlanning[Sprint],MATCH($A6,SprintPlanning[Requirement ID],0))),"",INDEX(SprintPlanning[Sprint],MATCH($A6,SprintPlanning[Requirement ID],0))),"") -> Sprint 10 | J6: =IFERROR(IF(ISBLANK(INDEX(Backlog[Priority],MATCH($A6,Backlog[Requirement ID],0))),"",INDEX(Backlog[Priority],MATCH($A6,Backlog[Requirement ID],0))),"") -> High | K6: No Design Required | L6: =IFERROR(IF(ISBLANK(INDEX(Backlog[HLE],MATCH($A6,Backlog[Requirement ID],0))),"",IF(INDEX(Backlog[HLE],MATCH($A6,Backlog[Requirement ID],0))<=5,0.5,IF(INDEX(Backlog[HLE],MATCH($A6,Backlog[Requirement ID],0))<=8,1,IF(INDEX(Backlog[HLE],MATCH($A6,Backlog[Requirement ID],0))<=13,2,IF(INDEX(Backlog[HLE],MATCH($A6,Backlog[Requirement ID],0))<=20,3,5))))),"") -> 5
A7: =Backlog!A7 -> NEW-0071 | B7: =IFERROR(IF(ISBLANK(INDEX(Backlog[Requirement Name],MATCH($A7,Backlog[Requirement ID],0))),"",INDEX(Backlog[Requirement Name],MATCH($A7,Backlog[Requirement ID],0))),"") -> E2E Ticket Support - FAT and Canary Tests | C7: =IFERROR(IF(ISBLANK(INDEX(Backlog[Stream],MATCH($A7,Backlog[Requirement ID],0))),"",INDEX(Backlog[Stream],MATCH($A7,Backlog[Requirement ID],0))),"") -> US | D7: =IFERROR(IF(ISBLANK(INDEX(Backlog[Jira Link],MATCH($A7,Backlog[Requirement ID],0))),"",INDEX(Backlog[Jira Link],MATCH($A7,Backlog[Requirement ID],0))),"") -> https://smartship.atlassian.net/browse/DTTP25-41779 | E7: =IFERROR(IF(ISBLANK(INDEX(Backlog[Status],MATCH($A7,Backlog[Requirement ID],0))),"",INDEX(Backlog[Status],MATCH($A7,Backlog[Requirement ID],0))),"") -> IN PROGRESS | F7: =IFERROR(IF(ISBLANK(INDEX(SprintPlanning[Sprint],MATCH($A7,SprintPlanning[Requirement ID],0))),"",INDEX(SprintPlanning[Sprint],MATCH($A7,SprintPlanning[Requirement ID],0))),"") -> Sprint 10 | J7: =IFERROR(IF(ISBLANK(INDEX(Backlog[Priority],MATCH($A7,Backlog[Requirement ID],0))),"",INDEX(Backlog[Priority],MATCH($A7,Backlog[Requirement ID],0))),"") -> High | K7: No Design Required | L7: =IFERROR(IF(ISBLANK(INDEX(Backlog[HLE],MATCH($A7,Backlog[Requirement ID],0))),"",IF(INDEX(Backlog[HLE],MATCH($A7,Backlog[Requirement ID],0))<=5,0.5,IF(INDEX(Backlog[HLE],MATCH($A7,Backlog[Requirement ID],0))<=8,1,IF(INDEX(Backlog[HLE],MATCH($A7,Backlog[Requirement ID],0))<=13,2,IF(INDEX(Backlog[HLE],MATCH($A7,Backlog[Requirement ID],0))<=20,3,5))))),"") -> 2
A8: =Backlog!A8 -> NEW-0275 | B8: =IFERROR(IF(ISBLANK(INDEX(Backlog[Requirement Name],MATCH($A8,Backlog[Requirement ID],0))),"",INDEX(Backlog[Requirement Name],MATCH($A8,Backlog[Requirement ID],0))),"") -> [EINT] [Tech Task] INT172 INT174 - Attentive Error Scenarios | C8: =IFERROR(IF(ISBLANK(INDEX(Backlog[Stream],MATCH($A8,Backlog[Requirement ID],0))),"",INDEX(Backlog[Stream],MATCH($A8,Backlog[Requirement ID],0))),"") -> US | D8: =IFERROR(IF(ISBLANK(INDEX(Backlog[Jira Link],MATCH($A8,Backlog[Requirement ID],0))),"",INDEX(Backlog[Jira Link],MATCH($A8,Backlog[Requirement ID],0))),"") -> https://smartship.atlassian.net/browse/MDTTPU-13796 | E8: =IFERROR(IF(ISBLANK(INDEX(Backlog[Status],MATCH($A8,Backlog[Requirement ID],0))),"",INDEX(Backlog[Status],MATCH($A8,Backlog[Requirement ID],0))),"") -> IN PROGRESS | F8: =IFERROR(IF(ISBLANK(INDEX(SprintPlanning[Sprint],MATCH($A8,SprintPlanning[Requirement ID],0))),"",INDEX(SprintPlanning[Sprint],MATCH($A8,SprintPlanning[Requirement ID],0))),"") -> Sprint 10 | J8: =IFERROR(IF(ISBLANK(INDEX(Backlog[Priority],MATCH($A8,Backlog[Requirement ID],0))),"",INDEX(Backlog[Priority],MATCH($A8,Backlog[Requirement ID],0))),"") -> Medium | K8: Ready for Development | L8: =IFERROR(IF(ISBLANK(INDEX(Backlog[HLE],MATCH($A8,Backlog[Requirement ID],0))),"",IF(INDEX(Backlog[HLE],MATCH($A8,Backlog[Requirement ID],0))<=5,0.5,IF(INDEX(Backlog[HLE],MATCH($A8,Backlog[Requirement ID],0))<=8,1,IF(INDEX(Backlog[HLE],MATCH($A8,Backlog[Requirement ID],0))<=13,2,IF(INDEX(Backlog[HLE],MATCH($A8,Backlog[Requirement ID],0))<=20,3,5))))),"") -> 0.5 | M8: Yes
A9: =Backlog!A9 -> NEW-0368 | B9: =IFERROR(IF(ISBLANK(INDEX(Backlog[Requirement Name],MATCH($A9,Backlog[Requirement ID],0))),"",INDEX(Backlog[Requirement Name],MATCH($A9,Backlog[Requirement ID],0))),"") -> MyMSC US | [INT112][INT137][INT140][INT146][INT153][INT154][INT188] Add per-country/language MyMSC campaign config check to skip optional marketing automation calls | C9: =IFERROR(IF(ISBLANK(INDEX(Backlog[Stream],MATCH($A9,Backlog[Requirement ID],0))),"",INDEX(Backlog[Stream],MATCH($A9,Backlog[Requirement ID],0))),"") -> Growth | D9: =IFERROR(IF(ISBLANK(INDEX(Backlog[Jira Link],MATCH($A9,Backlog[Requirement ID],0))),"",INDEX(Backlog[Jira Link],MATCH($A9,Backlog[Requirement ID],0))),"") -> https://smartship.atlassian.net/browse/MDTTPU-14929 | E9: =IFERROR(IF(ISBLANK(INDEX(Backlog[Status],MATCH($A9,Backlog[Requirement ID],0))),"",INDEX(Backlog[Status],MATCH($A9,Backlog[Requirement ID],0))),"") -> IN PROGRESS | F9: =IFERROR(IF(ISBLANK(INDEX(SprintPlanning[Sprint],MATCH($A9,SprintPlanning[Requirement ID],0))),"",INDEX(SprintPlanning[Sprint],MATCH($A9,SprintPlanning[Requirement ID],0))),"") -> Sprint 10 | J9: =IFERROR(IF(ISBLANK(INDEX(Backlog[Priority],MATCH($A9,Backlog[Requirement ID],0))),"",INDEX(Backlog[Priority],MATCH($A9,Backlog[Requirement ID],0))),"") -> High | K9: Ready for Development | L9: =IFERROR(IF(ISBLANK(INDEX(Backlog[HLE],MATCH($A9,Backlog[Requirement ID],0))),"",IF(INDEX(Backlog[HLE],MATCH($A9,Backlog[Requirement ID],0))<=5,0.5,IF(INDEX(Backlog[HLE],MATCH($A9,Backlog[Requirement ID],0))<=8,1,IF(INDEX(Backlog[HLE],MATCH($A9,Backlog[Requirement ID],0))<=13,2,IF(INDEX(Backlog[HLE],MATCH($A9,Backlog[Requirement ID],0))<=20,3,5))))),"") -> 1 | M9: Yes
A10: =Backlog!A10 -> NEW-0389 | B10: =IFERROR(IF(ISBLANK(INDEX(Backlog[Requirement Name],MATCH($A10,Backlog[Requirement ID],0))),"",INDEX(Backlog[Requirement Name],MATCH($A10,Backlog[Requirement ID],0))),"") -> [DTTP] Implementation of Online Post-Cruise Complaint Form – Salesforce Integration_EA | C10: =IFERROR(IF(ISBLANK(INDEX(Backlog[Stream],MATCH($A10,Backlog[Requirement ID],0))),"",INDEX(Backlog[Stream],MATCH($A10,Backlog[Requirement ID],0))),"") -> PI10 | D10: =IFERROR(IF(ISBLANK(INDEX(Backlog[Jira Link],MATCH($A10,Backlog[Requirement ID],0))),"",INDEX(Backlog[Jira Link],MATCH($A10,Backlog[Requirement ID],0))),"") -> https://smartship.atlassian.net/browse/DTTP25-40322 | E10: =IFERROR(IF(ISBLANK(INDEX(Backlog[Status],MATCH($A10,Backlog[Requirement ID],0))),"",INDEX(Backlog[Status],MATCH($A10,Backlog[Requirement ID],0))),"") -> IN PROGRESS | F10: =IFERROR(IF(ISBLANK(INDEX(SprintPlanning[Sprint],MATCH($A10,SprintPlanning[Requirement ID],0))),"",INDEX(SprintPlanning[Sprint],MATCH($A10,SprintPlanning[Requirement ID],0))),"") -> Sprint 10 | J10: =IFERROR(IF(ISBLANK(INDEX(Backlog[Priority],MATCH($A10,Backlog[Requirement ID],0))),"",INDEX(Backlog[Priority],MATCH($A10,Backlog[Requirement ID],0))),"") -> Medium | K10: Ready for Development | L10: =IFERROR(IF(ISBLANK(INDEX(Backlog[HLE],MATCH($A10,Backlog[Requirement ID],0))),"",IF(INDEX(Backlog[HLE],MATCH($A10,Backlog[Requirement ID],0))<=5,0.5,IF(INDEX(Backlog[HLE],MATCH($A10,Backlog[Requirement ID],0))<=8,1,IF(INDEX(Backlog[HLE],MATCH($A10,Backlog[Requirement ID],0))<=13,2,IF(INDEX(Backlog[HLE],MATCH($A10,Backlog[Requirement ID],0))<=20,3,5))))),"") -> 1 | M10: Yes
A11: =Backlog!A11 -> NEW-0408 | B11: =IFERROR(IF(ISBLANK(INDEX(Backlog[Requirement Name],MATCH($A11,Backlog[Requirement ID],0))),"",INDEX(Backlog[Requirement Name],MATCH($A11,Backlog[Requirement ID],0))),"") -> US Growth - B2CW Payment billing data/ US Release ACS Check - Part 1 (Adding the new fields to INT007, INT140, INT146) | C11: =IFERROR(IF(ISBLANK(INDEX(Backlog[Stream],MATCH($A11,Backlog[Requirement ID],0))),"",INDEX(Backlog[Stream],MATCH($A11,Backlog[Requirement ID],0))),"") -> Growth | D11: =IFERROR(IF(ISBLANK(INDEX(Backlog[Jira Link],MATCH($A11,Backlog[Requirement ID],0))),"",INDEX(Backlog[Jira Link],MATCH($A11,Backlog[Requirement ID],0))),"") -> https://smartship.atlassian.net/browse/MDTTPU-15252 | E11: =IFERROR(IF(ISBLANK(INDEX(Backlog[Status],MATCH($A11,Backlog[Requirement ID],0))),"",INDEX(Backlog[Status],MATCH($A11,Backlog[Requirement ID],0))),"") -> NEW | F11: =IFERROR(IF(ISBLANK(INDEX(SprintPlanning[Sprint],MATCH($A11,SprintPlanning[Requirement ID],0))),"",INDEX(SprintPlanning[Sprint],MATCH($A11,SprintPlanning[Requirement ID],0))),"") -> Sprint 10 | J11: =IFERROR(IF(ISBLANK(INDEX(Backlog[Priority],MATCH($A11,Backlog[Requirement ID],0))),"",INDEX(Backlog[Priority],MATCH($A11,Backlog[Requirement ID],0))),"") -> High | K11: Ready for Development | L11: =IFERROR(IF(ISBLANK(INDEX(Backlog[HLE],MATCH($A11,Backlog[Requirement ID],0))),"",IF(INDEX(Backlog[HLE],MATCH($A11,Backlog[Requirement ID],0))<=5,0.5,IF(INDEX(Backlog[HLE],MATCH($A11,Backlog[Requirement ID],0))<=8,1,IF(INDEX(Backlog[HLE],MATCH($A11,Backlog[Requirement ID],0))<=13,2,IF(INDEX(Backlog[HLE],MATCH($A11,Backlog[Requirement ID],0))<=20,3,5))))),"") -> 0.5 | M11: Yes
A12: =Backlog!A12 -> NEW-0411 | B12: =IFERROR(IF(ISBLANK(INDEX(Backlog[Requirement Name],MATCH($A12,Backlog[Requirement ID],0))),"",INDEX(Backlog[Requirement Name],MATCH($A12,Backlog[Requirement ID],0))),"") -> Load Test Perf - Support & Analysis | C12: =IFERROR(IF(ISBLANK(INDEX(Backlog[Stream],MATCH($A12,Backlog[Requirement ID],0))),"",INDEX(Backlog[Stream],MATCH($A12,Backlog[Requirement ID],0))),"") -> US | D12: =IFERROR(IF(ISBLANK(INDEX(Backlog[Jira Link],MATCH($A12,Backlog[Requirement ID],0))),"",INDEX(Backlog[Jira Link],MATCH($A12,Backlog[Requirement ID],0))),"") -> https://smartship.atlassian.net/browse/MDTTPU-15252 | E12: =IFERROR(IF(ISBLANK(INDEX(Backlog[Status],MATCH($A12,Backlog[Requirement ID],0))),"",INDEX(Backlog[Status],MATCH($A12,Backlog[Requirement ID],0))),"") -> IN PROGRESS | F12: =IFERROR(IF(ISBLANK(INDEX(SprintPlanning[Sprint],MATCH($A12,SprintPlanning[Requirement ID],0))),"",INDEX(SprintPlanning[Sprint],MATCH($A12,SprintPlanning[Requirement ID],0))),"") -> Sprint 10 | J12: =IFERROR(IF(ISBLANK(INDEX(Backlog[Priority],MATCH($A12,Backlog[Requirement ID],0))),"",INDEX(Backlog[Priority],MATCH($A12,Backlog[Requirement ID],0))),"") -> High | K12: No Design Required | L12: =IFERROR(IF(ISBLANK(INDEX(Backlog[HLE],MATCH($A12,Backlog[Requirement ID],0))),"",IF(INDEX(Backlog[HLE],MATCH($A12,Backlog[Requirement ID],0))<=5,0.5,IF(INDEX(Backlog[HLE],MATCH($A12,Backlog[Requirement ID],0))<=8,1,IF(INDEX(Backlog[HLE],MATCH($A12,Backlog[Requirement ID],0))<=13,2,IF(INDEX(Backlog[HLE],MATCH($A12,Backlog[Requirement ID],0))<=20,3,5))))),"") -> 5
A13: =Backlog!A13 -> NEW-0412 | B13: =IFERROR(IF(ISBLANK(INDEX(Backlog[Requirement Name],MATCH($A13,Backlog[Requirement ID],0))),"",INDEX(Backlog[Requirement Name],MATCH($A13,Backlog[Requirement ID],0))),"") -> US 0.1 Release Preparation - Aug 24 | C13: =IFERROR(IF(ISBLANK(INDEX(Backlog[Stream],MATCH($A13,Backlog[Requirement ID],0))),"",INDEX(Backlog[Stream],MATCH($A13,Backlog[Requirement ID],0))),"") -> Cross | D13: =IFERROR(IF(ISBLANK(INDEX(Backlog[Jira Link],MATCH($A13,Backlog[Requirement ID],0))),"",INDEX(Backlog[Jira Link],MATCH($A13,Backlog[Requirement ID],0))),"") -> https://smartship.atlassian.net/browse/MDTTPU-15262 | E13: =IFERROR(IF(ISBLANK(INDEX(Backlog[Status],MATCH($A13,Backlog[Requirement ID],0))),"",INDEX(Backlog[Status],MATCH($A13,Backlog[Requirement ID],0))),"") -> IN PROGRESS | F13: =IFERROR(IF(ISBLANK(INDEX(SprintPlanning[Sprint],MATCH($A13,SprintPlanning[Requirement ID],0))),"",INDEX(SprintPlanning[Sprint],MATCH($A13,SprintPlanning[Requirement ID],0))),"") -> Sprint 10 | I13: Luke | J13: =IFERROR(IF(ISBLANK(INDEX(Backlog[Priority],MATCH($A13,Backlog[Requirement ID],0))),"",INDEX(Backlog[Priority],MATCH($A13,Backlog[Requirement ID],0))),"") -> High | K13: Pending Design | L13: =IFERROR(IF(ISBLANK(INDEX(Backlog[HLE],MATCH($A13,Backlog[Requirement ID],0))),"",IF(INDEX(Backlog[HLE],MATCH($A13,Backlog[Requirement ID],0))<=5,0.5,IF(INDEX(Backlog[HLE],MATCH($A13,Backlog[Requirement ID],0))<=8,1,IF(INDEX(Backlog[HLE],MATCH($A13,Backlog[Requirement ID],0))<=13,2,IF(INDEX(Backlog[HLE],MATCH($A13,Backlog[Requirement ID],0))<=20,3,5))))),"") -> 2 | N13: merges required post prod release
A14: =Backlog!A14 -> NEW-0064 | B14: =IFERROR(IF(ISBLANK(INDEX(Backlog[Requirement Name],MATCH($A14,Backlog[Requirement ID],0))),"",INDEX(Backlog[Requirement Name],MATCH($A14,Backlog[Requirement ID],0))),"") -> ZAF Rollout - Market Configurations in CHAIN1 & CHAIN2 and PROD | C14: =IFERROR(IF(ISBLANK(INDEX(Backlog[Stream],MATCH($A14,Backlog[Requirement ID],0))),"",INDEX(Backlog[Stream],MATCH($A14,Backlog[Requirement ID],0))),"") -> MVP Rollout | D14: =IFERROR(IF(ISBLANK(INDEX(Backlog[Jira Link],MATCH($A14,Backlog[Requirement ID],0))),"",INDEX(Backlog[Jira Link],MATCH($A14,Backlog[Requirement ID],0))),"") -> https://smartship.atlassian.net/browse/DTTP25-41351 | E14: =IFERROR(IF(ISBLANK(INDEX(Backlog[Status],MATCH($A14,Backlog[Requirement ID],0))),"",INDEX(Backlog[Status],MATCH($A14,Backlog[Requirement ID],0))),"") -> NEW | F14: =IFERROR(IF(ISBLANK(INDEX(SprintPlanning[Sprint],MATCH($A14,SprintPlanning[Requirement ID],0))),"",INDEX(SprintPlanning[Sprint],MATCH($A14,SprintPlanning[Requirement ID],0))),"") -> Sprint 11 | G14: No | J14: =IFERROR(IF(ISBLANK(INDEX(Backlog[Priority],MATCH($A14,Backlog[Requirement ID],0))),"",INDEX(Backlog[Priority],MATCH($A14,Backlog[Requirement ID],0))),"") -> Medium | K14: No Design Required | L14: =IFERROR(IF(ISBLANK(INDEX(Backlog[HLE],MATCH($A14,Backlog[Requirement ID],0))),"",IF(INDEX(Backlog[HLE],MATCH($A14,Backlog[Requirement ID],0))<=5,0.5,IF(INDEX(Backlog[HLE],MATCH($A14,Backlog[Requirement ID],0))<=8,1,IF(INDEX(Backlog[HLE],MATCH($A14,Backlog[Requirement ID],0))<=13,2,IF(INDEX(Backlog[HLE],MATCH($A14,Backlog[Requirement ID],0))<=20,3,5))))),"") -> 1
A15: =Backlog!A15 -> NEW-0065 | B15: =IFERROR(IF(ISBLANK(INDEX(Backlog[Requirement Name],MATCH($A15,Backlog[Requirement ID],0))),"",INDEX(Backlog[Requirement Name],MATCH($A15,Backlog[Requirement ID],0))),"") -> ZAFRollout - Market Configurations in Production | C15: =IFERROR(IF(ISBLANK(INDEX(Backlog[Stream],MATCH($A15,Backlog[Requirement ID],0))),"",INDEX(Backlog[Stream],MATCH($A15,Backlog[Requirement ID],0))),"") -> MVP Rollout | D15: =IFERROR(IF(ISBLANK(INDEX(Backlog[Jira Link],MATCH($A15,Backlog[Requirement ID],0))),"",INDEX(Backlog[Jira Link],MATCH($A15,Backlog[Requirement ID],0))),"") -> https://smartship.atlassian.net/browse/DTTP25-41351 | E15: =IFERROR(IF(ISBLANK(INDEX(Backlog[Status],MATCH($A15,Backlog[Requirement ID],0))),"",INDEX(Backlog[Status],MATCH($A15,Backlog[Requirement ID],0))),"") -> NA | F15: =IFERROR(IF(ISBLANK(INDEX(SprintPlanning[Sprint],MATCH($A15,SprintPlanning[Requirement ID],0))),"",INDEX(SprintPlanning[Sprint],MATCH($A15,SprintPlanning[Requirement ID],0))),"") -> To Plan | G15: No | J15: =IFERROR(IF(ISBLANK(INDEX(Backlog[Priority],MATCH($A15,Backlog[Requirement ID],0))),"",INDEX(Backlog[Priority],MATCH($A15,Backlog[Requirement ID],0))),"") -> Medium | K15: No Design Required | L15: =IFERROR(IF(ISBLANK(INDEX(Backlog[HLE],MATCH($A15,Backlog[Requirement ID],0))),"",IF(INDEX(Backlog[HLE],MATCH($A15,Backlog[Requirement ID],0))<=5,0.5,IF(INDEX(Backlog[HLE],MATCH($A15,Backlog[Requirement ID],0))<=8,1,IF(INDEX(Backlog[HLE],MATCH($A15,Backlog[Requirement ID],0))<=13,2,IF(INDEX(Backlog[HLE],MATCH($A15,Backlog[Requirement ID],0))<=20,3,5))))),"") -> 1
A16: =Backlog!A16 -> NEW-0075 | B16: =IFERROR(IF(ISBLANK(INDEX(Backlog[Requirement Name],MATCH($A16,Backlog[Requirement ID],0))),"",INDEX(Backlog[Requirement Name],MATCH($A16,Backlog[Requirement ID],0))),"") -> PI11-13 [CRM] [INTP-25] CRM Dependency - Marketing Automation - Calculated fields Booking B2B/B2C | C16: =IFERROR(IF(ISBLANK(INDEX(Backlog[Stream],MATCH($A16,Backlog[Requirement ID],0))),"",INDEX(Backlog[Stream],MATCH($A16,Backlog[Requirement ID],0))),"") -> PI11 | D16: =IFERROR(IF(ISBLANK(INDEX(Backlog[Jira Link],MATCH($A16,Backlog[Requirement ID],0))),"",INDEX(Backlog[Jira Link],MATCH($A16,Backlog[Requirement ID],0))),"") -> https://smartship.atlassian.net/browse/DTTP25-41935 | E16: =IFERROR(IF(ISBLANK(INDEX(Backlog[Status],MATCH($A16,Backlog[Requirement ID],0))),"",INDEX(Backlog[Status],MATCH($A16,Backlog[Requirement ID],0))),"") -> NEW | F16: =IFERROR(IF(ISBLANK(INDEX(SprintPlanning[Sprint],MATCH($A16,SprintPlanning[Requirement ID],0))),"",INDEX(SprintPlanning[Sprint],MATCH($A16,SprintPlanning[Requirement ID],0))),"") -> Sprint 12 | G16: Yes | J16: =IFERROR(IF(ISBLANK(INDEX(Backlog[Priority],MATCH($A16,Backlog[Requirement ID],0))),"",INDEX(Backlog[Priority],MATCH($A16,Backlog[Requirement ID],0))),"") -> Medium | L16: =IFERROR(IF(ISBLANK(INDEX(Backlog[HLE],MATCH($A16,Backlog[Requirement ID],0))),"",IF(INDEX(Backlog[HLE],MATCH($A16,Backlog[Requirement ID],0))<=5,0.5,IF(INDEX(Backlog[HLE],MATCH($A16,Backlog[Requirement ID],0))<=8,1,IF(INDEX(Backlog[HLE],MATCH($A16,Backlog[Requirement ID],0))<=13,2,IF(INDEX(Backlog[HLE],MATCH($A16,Backlog[Requirement ID],0))<=20,3,5))))),"") -> 2
A17: =Backlog!A17 -> NEW-0076 | B17: =IFERROR(IF(ISBLANK(INDEX(Backlog[Requirement Name],MATCH($A17,Backlog[Requirement ID],0))),"",INDEX(Backlog[Requirement Name],MATCH($A17,Backlog[Requirement ID],0))),"") -> PI11-15 [CRM] [EA-1662] CRM Dependency - Lead Management - Hold option additional event fields in CDP | C17: =IFERROR(IF(ISBLANK(INDEX(Backlog[Stream],MATCH($A17,Backlog[Requirement ID],0))),"",INDEX(Backlog[Stream],MATCH($A17,Backlog[Requirement ID],0))),"") -> PI11 | D17: =IFERROR(IF(ISBLANK(INDEX(Backlog[Jira Link],MATCH($A17,Backlog[Requirement ID],0))),"",INDEX(Backlog[Jira Link],MATCH($A17,Backlog[Requirement ID],0))),"") -> https://smartship.atlassian.net/browse/DTTP25-41936 | E17: =IFERROR(IF(ISBLANK(INDEX(Backlog[Status],MATCH($A17,Backlog[Requirement ID],0))),"",INDEX(Backlog[Status],MATCH($A17,Backlog[Requirement ID],0))),"") -> NEW | F17: =IFERROR(IF(ISBLANK(INDEX(SprintPlanning[Sprint],MATCH($A17,SprintPlanning[Requirement ID],0))),"",INDEX(SprintPlanning[Sprint],MATCH($A17,SprintPlanning[Requirement ID],0))),"") -> Sprint 12 | G17: Yes | J17: =IFERROR(IF(ISBLANK(INDEX(Backlog[Priority],MATCH($A17,Backlog[Requirement ID],0))),"",INDEX(Backlog[Priority],MATCH($A17,Backlog[Requirement ID],0))),"") -> Medium | L17: =IFERROR(IF(ISBLANK(INDEX(Backlog[HLE],MATCH($A17,Backlog[Requirement ID],0))),"",IF(INDEX(Backlog[HLE],MATCH($A17,Backlog[Requirement ID],0))<=5,0.5,IF(INDEX(Backlog[HLE],MATCH($A17,Backlog[Requirement ID],0))<=8,1,IF(INDEX(Backlog[HLE],MATCH($A17,Backlog[Requirement ID],0))<=13,2,IF(INDEX(Backlog[HLE],MATCH($A17,Backlog[Requirement ID],0))<=20,3,5))))),"") -> 2
A18: =Backlog!A18 -> NEW-0077 | B18: =IFERROR(IF(ISBLANK(INDEX(Backlog[Requirement Name],MATCH($A18,Backlog[Requirement ID],0))),"",INDEX(Backlog[Requirement Name],MATCH($A18,Backlog[Requirement ID],0))),"") -> Nordics SWE, DEN, NOR, FIN Rollout - Market Configurations in CHAIN1 & CHAIN2 | C18: =IFERROR(IF(ISBLANK(INDEX(Backlog[Stream],MATCH($A18,Backlog[Requirement ID],0))),"",INDEX(Backlog[Stream],MATCH($A18,Backlog[Requirement ID],0))),"") -> MVP Rollout | D18: =IFERROR(IF(ISBLANK(INDEX(Backlog[Jira Link],MATCH($A18,Backlog[Requirement ID],0))),"",INDEX(Backlog[Jira Link],MATCH($A18,Backlog[Requirement ID],0))),"") -> https://smartship.atlassian.net/browse/DTTP25-37831 | E18: =IFERROR(IF(ISBLANK(INDEX(Backlog[Status],MATCH($A18,Backlog[Requirement ID],0))),"",INDEX(Backlog[Status],MATCH($A18,Backlog[Requirement ID],0))),"") -> NEW | F18: =IFERROR(IF(ISBLANK(INDEX(SprintPlanning[Sprint],MATCH($A18,SprintPlanning[Requirement ID],0))),"",INDEX(SprintPlanning[Sprint],MATCH($A18,SprintPlanning[Requirement ID],0))),"") -> To Plan | G18: No | J18: =IFERROR(IF(ISBLANK(INDEX(Backlog[Priority],MATCH($A18,Backlog[Requirement ID],0))),"",INDEX(Backlog[Priority],MATCH($A18,Backlog[Requirement ID],0))),"") -> Medium | K18: No Design Required | L18: =IFERROR(IF(ISBLANK(INDEX(Backlog[HLE],MATCH($A18,Backlog[Requirement ID],0))),"",IF(INDEX(Backlog[HLE],MATCH($A18,Backlog[Requirement ID],0))<=5,0.5,IF(INDEX(Backlog[HLE],MATCH($A18,Backlog[Requirement ID],0))<=8,1,IF(INDEX(Backlog[HLE],MATCH($A18,Backlog[Requirement ID],0))<=13,2,IF(INDEX(Backlog[HLE],MATCH($A18,Backlog[Requirement ID],0))<=20,3,5))))),"") -> 1
A19: =Backlog!A19 -> NEW-0078 | B19: =IFERROR(IF(ISBLANK(INDEX(Backlog[Requirement Name],MATCH($A19,Backlog[Requirement ID],0))),"",INDEX(Backlog[Requirement Name],MATCH($A19,Backlog[Requirement ID],0))),"") -> Nordics SWE, DEN, NOR, FIN Rollout - Market Configurations in Production | C19: =IFERROR(IF(ISBLANK(INDEX(Backlog[Stream],MATCH($A19,Backlog[Requirement ID],0))),"",INDEX(Backlog[Stream],MATCH($A19,Backlog[Requirement ID],0))),"") -> MVP Rollout | D19: =IFERROR(IF(ISBLANK(INDEX(Backlog[Jira Link],MATCH($A19,Backlog[Requirement ID],0))),"",INDEX(Backlog[Jira Link],MATCH($A19,Backlog[Requirement ID],0))),"") -> https://smartship.atlassian.net/browse/DTTP25-37831 | E19: =IFERROR(IF(ISBLANK(INDEX(Backlog[Status],MATCH($A19,Backlog[Requirement ID],0))),"",INDEX(Backlog[Status],MATCH($A19,Backlog[Requirement ID],0))),"") -> NEW | F19: =IFERROR(IF(ISBLANK(INDEX(SprintPlanning[Sprint],MATCH($A19,SprintPlanning[Requirement ID],0))),"",INDEX(SprintPlanning[Sprint],MATCH($A19,SprintPlanning[Requirement ID],0))),"") -> To Plan | G19: No | J19: =IFERROR(IF(ISBLANK(INDEX(Backlog[Priority],MATCH($A19,Backlog[Requirement ID],0))),"",INDEX(Backlog[Priority],MATCH($A19,Backlog[Requirement ID],0))),"") -> Medium | K19: No Design Required | L19: =IFERROR(IF(ISBLANK(INDEX(Backlog[HLE],MATCH($A19,Backlog[Requirement ID],0))),"",IF(INDEX(Backlog[HLE],MATCH($A19,Backlog[Requirement ID],0))<=5,0.5,IF(INDEX(Backlog[HLE],MATCH($A19,Backlog[Requirement ID],0))<=8,1,IF(INDEX(Backlog[HLE],MATCH($A19,Backlog[Requirement ID],0))<=13,2,IF(INDEX(Backlog[HLE],MATCH($A19,Backlog[Requirement ID],0))<=20,3,5))))),"") -> 1
A20: =Backlog!A20 -> NEW-0409 | B20: =IFERROR(IF(ISBLANK(INDEX(Backlog[Requirement Name],MATCH($A20,Backlog[Requirement ID],0))),"",INDEX(Backlog[Requirement Name],MATCH($A20,Backlog[Requirement ID],0))),"") -> US Growth - B2CW Payment billing data/ US Release AVS Check - Part 2 (Wiring the new fields to Datatrans in INT007, INT140, INT146) | C20: =IFERROR(IF(ISBLANK(INDEX(Backlog[Stream],MATCH($A20,Backlog[Requirement ID],0))),"",INDEX(Backlog[Stream],MATCH($A20,Backlog[Requirement ID],0))),"") -> Growth | D20: =IFERROR(IF(ISBLANK(INDEX(Backlog[Jira Link],MATCH($A20,Backlog[Requirement ID],0))),"",INDEX(Backlog[Jira Link],MATCH($A20,Backlog[Requirement ID],0))),"") -> https://smartship.atlassian.net/browse/MDTTPU-15253 | E20: =IFERROR(IF(ISBLANK(INDEX(Backlog[Status],MATCH($A20,Backlog[Requirement ID],0))),"",INDEX(Backlog[Status],MATCH($A20,Backlog[Requirement ID],0))),"") -> NEW | F20: =IFERROR(IF(ISBLANK(INDEX(SprintPlanning[Sprint],MATCH($A20,SprintPlanning[Requirement ID],0))),"",INDEX(SprintPlanning[Sprint],MATCH($A20,SprintPlanning[Requirement ID],0))),"") -> Sprint 11 | G20: Yes | H20: 46255 | J20: =IFERROR(IF(ISBLANK(INDEX(Backlog[Priority],MATCH($A20,Backlog[Requirement ID],0))),"",INDEX(Backlog[Priority],MATCH($A20,Backlog[Requirement ID],0))),"") -> High | K20: Ready for Development | L20: =IFERROR(IF(ISBLANK(INDEX(Backlog[HLE],MATCH($A20,Backlog[Requirement ID],0))),"",IF(INDEX(Backlog[HLE],MATCH($A20,Backlog[Requirement ID],0))<=5,0.5,IF(INDEX(Backlog[HLE],MATCH($A20,Backlog[Requirement ID],0))<=8,1,IF(INDEX(Backlog[HLE],MATCH($A20,Backlog[Requirement ID],0))<=13,2,IF(INDEX(Backlog[HLE],MATCH($A20,Backlog[Requirement ID],0))<=20,3,5))))),"") -> 2
A21: =Backlog!A21 -> NEW-0410 | B21: =IFERROR(IF(ISBLANK(INDEX(Backlog[Requirement Name],MATCH($A21,Backlog[Requirement ID],0))),"",INDEX(Backlog[Requirement Name],MATCH($A21,Backlog[Requirement ID],0))),"") -> US Growth - M4M Payment billing data/ US Release AVS Check (Adding the fields in M4M transaction init) | C21: =IFERROR(IF(ISBLANK(INDEX(Backlog[Stream],MATCH($A21,Backlog[Requirement ID],0))),"",INDEX(Backlog[Stream],MATCH($A21,Backlog[Requirement ID],0))),"") -> Growth | D21: =IFERROR(IF(ISBLANK(INDEX(Backlog[Jira Link],MATCH($A21,Backlog[Requirement ID],0))),"",INDEX(Backlog[Jira Link],MATCH($A21,Backlog[Requirement ID],0))),"") -> https://smartship.atlassian.net/browse/MDTTPU-15254 | E21: =IFERROR(IF(ISBLANK(INDEX(Backlog[Status],MATCH($A21,Backlog[Requirement ID],0))),"",INDEX(Backlog[Status],MATCH($A21,Backlog[Requirement ID],0))),"") -> ON HOLD | F21: =IFERROR(IF(ISBLANK(INDEX(SprintPlanning[Sprint],MATCH($A21,SprintPlanning[Requirement ID],0))),"",INDEX(SprintPlanning[Sprint],MATCH($A21,SprintPlanning[Requirement ID],0))),"") -> Sprint 12 | G21: Yes | J21: =IFERROR(IF(ISBLANK(INDEX(Backlog[Priority],MATCH($A21,Backlog[Requirement ID],0))),"",INDEX(Backlog[Priority],MATCH($A21,Backlog[Requirement ID],0))),"") -> High | L21: =IFERROR(IF(ISBLANK(INDEX(Backlog[HLE],MATCH($A21,Backlog[Requirement ID],0))),"",IF(INDEX(Backlog[HLE],MATCH($A21,Backlog[Requirement ID],0))<=5,0.5,IF(INDEX(Backlog[HLE],MATCH($A21,Backlog[Requirement ID],0))<=8,1,IF(INDEX(Backlog[HLE],MATCH($A21,Backlog[Requirement ID],0))<=13,2,IF(INDEX(Backlog[HLE],MATCH($A21,Backlog[Requirement ID],0))<=20,3,5))))),"") -> 1
A22: =Backlog!A22 -> NEW-0001 | B22: =IFERROR(IF(ISBLANK(INDEX(Backlog[Requirement Name],MATCH($A22,Backlog[Requirement ID],0))),"",INDEX(Backlog[Requirement Name],MATCH($A22,Backlog[Requirement ID],0))),"") -> Whatsapp Subscription (Phase 1) | C22: =IFERROR(IF(ISBLANK(INDEX(Backlog[Stream],MATCH($A22,Backlog[Requirement ID],0))),"",INDEX(Backlog[Stream],MATCH($A22,Backlog[Requirement ID],0))),"") -> Backlog | D22: =IFERROR(IF(ISBLANK(INDEX(Backlog[Jira Link],MATCH($A22,Backlog[Requirement ID],0))),"",INDEX(Backlog[Jira Link],MATCH($A22,Backlog[Requirement ID],0))),"") -> https://smartship.atlassian.net/browse/DTTP25-36678 | E22: =IFERROR(IF(ISBLANK(INDEX(Backlog[Status],MATCH($A22,Backlog[Requirement ID],0))),"",INDEX(Backlog[Status],MATCH($A22,Backlog[Requirement ID],0))),"") -> NEW | F22: =IFERROR(IF(ISBLANK(INDEX(SprintPlanning[Sprint],MATCH($A22,SprintPlanning[Requirement ID],0))),"",INDEX(SprintPlanning[Sprint],MATCH($A22,SprintPlanning[Requirement ID],0))),"") -> Sprint 12 | J22: =IFERROR(IF(ISBLANK(INDEX(Backlog[Priority],MATCH($A22,Backlog[Requirement ID],0))),"",INDEX(Backlog[Priority],MATCH($A22,Backlog[Requirement ID],0))),"") -> Medium | L22: =IFERROR(IF(ISBLANK(INDEX(Backlog[HLE],MATCH($A22,Backlog[Requirement ID],0))),"",IF(INDEX(Backlog[HLE],MATCH($A22,Backlog[Requirement ID],0))<=5,0.5,IF(INDEX(Backlog[HLE],MATCH($A22,Backlog[Requirement ID],0))<=8,1,IF(INDEX(Backlog[HLE],MATCH($A22,Backlog[Requirement ID],0))<=13,2,IF(INDEX(Backlog[HLE],MATCH($A22,Backlog[Requirement ID],0))<=20,3,5))))),"") -> 2
A23: =Backlog!A23 -> NEW-0003 | B23: =IFERROR(IF(ISBLANK(INDEX(Backlog[Requirement Name],MATCH($A23,Backlog[Requirement ID],0))),"",INDEX(Backlog[Requirement Name],MATCH($A23,Backlog[Requirement ID],0))),"") -> Friends and Family INT 157 | C23: =IFERROR(IF(ISBLANK(INDEX(Backlog[Stream],MATCH($A23,Backlog[Requirement ID],0))),"",INDEX(Backlog[Stream],MATCH($A23,Backlog[Requirement ID],0))),"") -> Backlog | D23: =IFERROR(IF(ISBLANK(INDEX(Backlog[Jira Link],MATCH($A23,Backlog[Requirement ID],0))),"",INDEX(Backlog[Jira Link],MATCH($A23,Backlog[Requirement ID],0))),"") -> https://smartship.atlassian.net/browse/DTTP25-36959 | E23: =IFERROR(IF(ISBLANK(INDEX(Backlog[Status],MATCH($A23,Backlog[Requirement ID],0))),"",INDEX(Backlog[Status],MATCH($A23,Backlog[Requirement ID],0))),"") -> NEW | F23: =IFERROR(IF(ISBLANK(INDEX(SprintPlanning[Sprint],MATCH($A23,SprintPlanning[Requirement ID],0))),"",INDEX(SprintPlanning[Sprint],MATCH($A23,SprintPlanning[Requirement ID],0))),"") -> Sprint 12 | J23: =IFERROR(IF(ISBLANK(INDEX(Backlog[Priority],MATCH($A23,Backlog[Requirement ID],0))),"",INDEX(Backlog[Priority],MATCH($A23,Backlog[Requirement ID],0))),"") -> Medium | L23: =IFERROR(IF(ISBLANK(INDEX(Backlog[HLE],MATCH($A23,Backlog[Requirement ID],0))),"",IF(INDEX(Backlog[HLE],MATCH($A23,Backlog[Requirement ID],0))<=5,0.5,IF(INDEX(Backlog[HLE],MATCH($A23,Backlog[Requirement ID],0))<=8,1,IF(INDEX(Backlog[HLE],MATCH($A23,Backlog[Requirement ID],0))<=13,2,IF(INDEX(Backlog[HLE],MATCH($A23,Backlog[Requirement ID],0))<=20,3,5))))),"") -> 2
A24: =Backlog!A24 -> NEW-0029 | B24: =IFERROR(IF(ISBLANK(INDEX(Backlog[Requirement Name],MATCH($A24,Backlog[Requirement ID],0))),"",INDEX(Backlog[Requirement Name],MATCH($A24,Backlog[Requirement ID],0))),"") -> MYMSC All inc CR remove logic from AEM | C24: =IFERROR(IF(ISBLANK(INDEX(Backlog[Stream],MATCH($A24,Backlog[Requirement ID],0))),"",INDEX(Backlog[Stream],MATCH($A24,Backlog[Requirement ID],0))),"") -> MyMSC | D24: =IFERROR(IF(ISBLANK(INDEX(Backlog[Jira Link],MATCH($A24,Backlog[Requirement ID],0))),"",INDEX(Backlog[Jira Link],MATCH($A24,Backlog[Requirement ID],0))),"") -> https://smartship.atlassian.net/browse/DTTP25-38250 | E24: =IFERROR(IF(ISBLANK(INDEX(Backlog[Status],MATCH($A24,Backlog[Requirement ID],0))),"",INDEX(Backlog[Status],MATCH($A24,Backlog[Requirement ID],0))),"") -> NEW | F24: =IFERROR(IF(ISBLANK(INDEX(SprintPlanning[Sprint],MATCH($A24,SprintPlanning[Requirement ID],0))),"",INDEX(SprintPlanning[Sprint],MATCH($A24,SprintPlanning[Requirement ID],0))),"") -> Sprint 11 | G24: Yes | I24: Luke | J24: =IFERROR(IF(ISBLANK(INDEX(Backlog[Priority],MATCH($A24,Backlog[Requirement ID],0))),"",INDEX(Backlog[Priority],MATCH($A24,Backlog[Requirement ID],0))),"") -> Medium | K24: Design in Progress | L24: =IFERROR(IF(ISBLANK(INDEX(Backlog[HLE],MATCH($A24,Backlog[Requirement ID],0))),"",IF(INDEX(Backlog[HLE],MATCH($A24,Backlog[Requirement ID],0))<=5,0.5,IF(INDEX(Backlog[HLE],MATCH($A24,Backlog[Requirement ID],0))<=8,1,IF(INDEX(Backlog[HLE],MATCH($A24,Backlog[Requirement ID],0))<=13,2,IF(INDEX(Backlog[HLE],MATCH($A24,Backlog[Requirement ID],0))<=20,3,5))))),"") -> 5 | N24: 130/142 ready for dev, 139/140/137 in review
A25: =Backlog!A25 -> NEW-0030 | B25: =IFERROR(IF(ISBLANK(INDEX(Backlog[Requirement Name],MATCH($A25,Backlog[Requirement ID],0))),"",INDEX(Backlog[Requirement Name],MATCH($A25,Backlog[Requirement ID],0))),"") -> Handling of additional errors INT 139/ INT 140 | C25: =IFERROR(IF(ISBLANK(INDEX(Backlog[Stream],MATCH($A25,Backlog[Requirement ID],0))),"",INDEX(Backlog[Stream],MATCH($A25,Backlog[Requirement ID],0))),"") -> MyMSC | D25: =IFERROR(IF(ISBLANK(INDEX(Backlog[Jira Link],MATCH($A25,Backlog[Requirement ID],0))),"",INDEX(Backlog[Jira Link],MATCH($A25,Backlog[Requirement ID],0))),"") -> https://smartship.atlassian.net/browse/DTTP25-40357 | E25: =IFERROR(IF(ISBLANK(INDEX(Backlog[Status],MATCH($A25,Backlog[Requirement ID],0))),"",INDEX(Backlog[Status],MATCH($A25,Backlog[Requirement ID],0))),"") -> NEW | F25: =IFERROR(IF(ISBLANK(INDEX(SprintPlanning[Sprint],MATCH($A25,SprintPlanning[Requirement ID],0))),"",INDEX(SprintPlanning[Sprint],MATCH($A25,SprintPlanning[Requirement ID],0))),"") -> Sprint 12 | G25: No | J25: =IFERROR(IF(ISBLANK(INDEX(Backlog[Priority],MATCH($A25,Backlog[Requirement ID],0))),"",INDEX(Backlog[Priority],MATCH($A25,Backlog[Requirement ID],0))),"") -> Medium | K25: Pending Solution | L25: =IFERROR(IF(ISBLANK(INDEX(Backlog[HLE],MATCH($A25,Backlog[Requirement ID],0))),"",IF(INDEX(Backlog[HLE],MATCH($A25,Backlog[Requirement ID],0))<=5,0.5,IF(INDEX(Backlog[HLE],MATCH($A25,Backlog[Requirement ID],0))<=8,1,IF(INDEX(Backlog[HLE],MATCH($A25,Backlog[Requirement ID],0))<=13,2,IF(INDEX(Backlog[HLE],MATCH($A25,Backlog[Requirement ID],0))<=20,3,5))))),"") -> 1
A26: =Backlog!A26 -> NEW-0080 | B26: =IFERROR(IF(ISBLANK(INDEX(Backlog[Requirement Name],MATCH($A26,Backlog[Requirement ID],0))),"",INDEX(Backlog[Requirement Name],MATCH($A26,Backlog[Requirement ID],0))),"") -> Hypercare | C26: =IFERROR(IF(ISBLANK(INDEX(Backlog[Stream],MATCH($A26,Backlog[Requirement ID],0))),"",INDEX(Backlog[Stream],MATCH($A26,Backlog[Requirement ID],0))),"") -> US | D26: =IFERROR(IF(ISBLANK(INDEX(Backlog[Jira Link],MATCH($A26,Backlog[Requirement ID],0))),"",INDEX(Backlog[Jira Link],MATCH($A26,Backlog[Requirement ID],0))),"") | E26: =IFERROR(IF(ISBLANK(INDEX(Backlog[Status],MATCH($A26,Backlog[Requirement ID],0))),"",INDEX(Backlog[Status],MATCH($A26,Backlog[Requirement ID],0))),"") -> NEW | F26: =IFERROR(IF(ISBLANK(INDEX(SprintPlanning[Sprint],MATCH($A26,SprintPlanning[Requirement ID],0))),"",INDEX(SprintPlanning[Sprint],MATCH($A26,SprintPlanning[Requirement ID],0))),"") -> Sprint 12 | G26: No | J26: =IFERROR(IF(ISBLANK(INDEX(Backlog[Priority],MATCH($A26,Backlog[Requirement ID],0))),"",INDEX(Backlog[Priority],MATCH($A26,Backlog[Requirement ID],0))),"") -> High | K26: No Design Required | L26: =IFERROR(IF(ISBLANK(INDEX(Backlog[HLE],MATCH($A26,Backlog[Requirement ID],0))),"",IF(INDEX(Backlog[HLE],MATCH($A26,Backlog[Requirement ID],0))<=5,0.5,IF(INDEX(Backlog[HLE],MATCH($A26,Backlog[Requirement ID],0))<=8,1,IF(INDEX(Backlog[HLE],MATCH($A26,Backlog[Requirement ID],0))<=13,2,IF(INDEX(Backlog[HLE],MATCH($A26,Backlog[Requirement ID],0))<=20,3,5))))),"")
A27: =Backlog!A27 -> NEW-0085 | B27: =IFERROR(IF(ISBLANK(INDEX(Backlog[Requirement Name],MATCH($A27,Backlog[Requirement ID],0))),"",INDEX(Backlog[Requirement Name],MATCH($A27,Backlog[Requirement ID],0))),"") -> PI11-08 [CDP] [INTP-21] Lead Management - Option event creation in CDP | C27: =IFERROR(IF(ISBLANK(INDEX(Backlog[Stream],MATCH($A27,Backlog[Requirement ID],0))),"",INDEX(Backlog[Stream],MATCH($A27,Backlog[Requirement ID],0))),"") -> PI11 | D27: =IFERROR(IF(ISBLANK(INDEX(Backlog[Jira Link],MATCH($A27,Backlog[Requirement ID],0))),"",INDEX(Backlog[Jira Link],MATCH($A27,Backlog[Requirement ID],0))),"") -> https://smartship.atlassian.net/browse/DTTP25-41937 | E27: =IFERROR(IF(ISBLANK(INDEX(Backlog[Status],MATCH($A27,Backlog[Requirement ID],0))),"",INDEX(Backlog[Status],MATCH($A27,Backlog[Requirement ID],0))),"") -> NEW | F27: =IFERROR(IF(ISBLANK(INDEX(SprintPlanning[Sprint],MATCH($A27,SprintPlanning[Requirement ID],0))),"",INDEX(SprintPlanning[Sprint],MATCH($A27,SprintPlanning[Requirement ID],0))),"") -> Sprint 12 | G27: TBC | J27: =IFERROR(IF(ISBLANK(INDEX(Backlog[Priority],MATCH($A27,Backlog[Requirement ID],0))),"",INDEX(Backlog[Priority],MATCH($A27,Backlog[Requirement ID],0))),"") -> Medium | L27: =IFERROR(IF(ISBLANK(INDEX(Backlog[HLE],MATCH($A27,Backlog[Requirement ID],0))),"",IF(INDEX(Backlog[HLE],MATCH($A27,Backlog[Requirement ID],0))<=5,0.5,IF(INDEX(Backlog[HLE],MATCH($A27,Backlog[Requirement ID],0))<=8,1,IF(INDEX(Backlog[HLE],MATCH($A27,Backlog[Requirement ID],0))<=13,2,IF(INDEX(Backlog[HLE],MATCH($A27,Backlog[Requirement ID],0))<=20,3,5))))),"") -> 0.5
A28: =Backlog!A28 -> NEW-0086 | B28: =IFERROR(IF(ISBLANK(INDEX(Backlog[Requirement Name],MATCH($A28,Backlog[Requirement ID],0))),"",INDEX(Backlog[Requirement Name],MATCH($A28,Backlog[Requirement ID],0))),"") -> PI11-11 [CRM] [EA-1008] DTTP - Lead Management - FCC new outbound sources | C28: =IFERROR(IF(ISBLANK(INDEX(Backlog[Stream],MATCH($A28,Backlog[Requirement ID],0))),"",INDEX(Backlog[Stream],MATCH($A28,Backlog[Requirement ID],0))),"") -> PI11 | D28: =IFERROR(IF(ISBLANK(INDEX(Backlog[Jira Link],MATCH($A28,Backlog[Requirement ID],0))),"",INDEX(Backlog[Jira Link],MATCH($A28,Backlog[Requirement ID],0))),"") -> https://smartship.atlassian.net/browse/DTTP25-41939 | E28: =IFERROR(IF(ISBLANK(INDEX(Backlog[Status],MATCH($A28,Backlog[Requirement ID],0))),"",INDEX(Backlog[Status],MATCH($A28,Backlog[Requirement ID],0))),"") -> NEW | F28: =IFERROR(IF(ISBLANK(INDEX(SprintPlanning[Sprint],MATCH($A28,SprintPlanning[Requirement ID],0))),"",INDEX(SprintPlanning[Sprint],MATCH($A28,SprintPlanning[Requirement ID],0))),"") -> Sprint 12 | G28: TBC | J28: =IFERROR(IF(ISBLANK(INDEX(Backlog[Priority],MATCH($A28,Backlog[Requirement ID],0))),"",INDEX(Backlog[Priority],MATCH($A28,Backlog[Requirement ID],0))),"") -> Medium | L28: =IFERROR(IF(ISBLANK(INDEX(Backlog[HLE],MATCH($A28,Backlog[Requirement ID],0))),"",IF(INDEX(Backlog[HLE],MATCH($A28,Backlog[Requirement ID],0))<=5,0.5,IF(INDEX(Backlog[HLE],MATCH($A28,Backlog[Requirement ID],0))<=8,1,IF(INDEX(Backlog[HLE],MATCH($A28,Backlog[Requirement ID],0))<=13,2,IF(INDEX(Backlog[HLE],MATCH($A28,Backlog[Requirement ID],0))<=20,3,5))))),"") -> 1
A29: =Backlog!A29 -> NEW-0087 | B29: =IFERROR(IF(ISBLANK(INDEX(Backlog[Requirement Name],MATCH($A29,Backlog[Requirement ID],0))),"",INDEX(Backlog[Requirement Name],MATCH($A29,Backlog[Requirement ID],0))),"") -> PI11-12 [CDP/CRM] CRM2-11097 / [INTP-20] Lead Management - IRL Outbound Sources Activation & Form Creation | C29: =IFERROR(IF(ISBLANK(INDEX(Backlog[Stream],MATCH($A29,Backlog[Requirement ID],0))),"",INDEX(Backlog[Stream],MATCH($A29,Backlog[Requirement ID],0))),"") -> PI11 | D29: =IFERROR(IF(ISBLANK(INDEX(Backlog[Jira Link],MATCH($A29,Backlog[Requirement ID],0))),"",INDEX(Backlog[Jira Link],MATCH($A29,Backlog[Requirement ID],0))),"") -> https://smartship.atlassian.net/browse/DTTP25-41940 | E29: =IFERROR(IF(ISBLANK(INDEX(Backlog[Status],MATCH($A29,Backlog[Requirement ID],0))),"",INDEX(Backlog[Status],MATCH($A29,Backlog[Requirement ID],0))),"") -> NEW | F29: =IFERROR(IF(ISBLANK(INDEX(SprintPlanning[Sprint],MATCH($A29,SprintPlanning[Requirement ID],0))),"",INDEX(SprintPlanning[Sprint],MATCH($A29,SprintPlanning[Requirement ID],0))),"") -> Sprint 12 | G29: TBC | J29: =IFERROR(IF(ISBLANK(INDEX(Backlog[Priority],MATCH($A29,Backlog[Requirement ID],0))),"",INDEX(Backlog[Priority],MATCH($A29,Backlog[Requirement ID],0))),"") -> Medium | L29: =IFERROR(IF(ISBLANK(INDEX(Backlog[HLE],MATCH($A29,Backlog[Requirement ID],0))),"",IF(INDEX(Backlog[HLE],MATCH($A29,Backlog[Requirement ID],0))<=5,0.5,IF(INDEX(Backlog[HLE],MATCH($A29,Backlog[Requirement ID],0))<=8,1,IF(INDEX(Backlog[HLE],MATCH($A29,Backlog[Requirement ID],0))<=13,2,IF(INDEX(Backlog[HLE],MATCH($A29,Backlog[Requirement ID],0))<=20,3,5))))),"") -> 0.5
A30: =Backlog!A30 -> NEW-0316 | B30: =IFERROR(IF(ISBLANK(INDEX(Backlog[Requirement Name],MATCH($A30,Backlog[Requirement ID],0))),"",INDEX(Backlog[Requirement Name],MATCH($A30,Backlog[Requirement ID],0))),"") -> INT139 / INT140 - speciality restaurants CR to handle dining inventory errors | C30: =IFERROR(IF(ISBLANK(INDEX(Backlog[Stream],MATCH($A30,Backlog[Requirement ID],0))),"",INDEX(Backlog[Stream],MATCH($A30,Backlog[Requirement ID],0))),"") -> MyMSC | D30: =IFERROR(IF(ISBLANK(INDEX(Backlog[Jira Link],MATCH($A30,Backlog[Requirement ID],0))),"",INDEX(Backlog[Jira Link],MATCH($A30,Backlog[Requirement ID],0))),"") -> https://smartship.atlassian.net/browse/DTTP25-40356 | E30: =IFERROR(IF(ISBLANK(INDEX(Backlog[Status],MATCH($A30,Backlog[Requirement ID],0))),"",INDEX(Backlog[Status],MATCH($A30,Backlog[Requirement ID],0))),"") -> NEW | F30: =IFERROR(IF(ISBLANK(INDEX(SprintPlanning[Sprint],MATCH($A30,SprintPlanning[Requirement ID],0))),"",INDEX(SprintPlanning[Sprint],MATCH($A30,SprintPlanning[Requirement ID],0))),"") -> Sprint 12 | G30: TBC | J30: =IFERROR(IF(ISBLANK(INDEX(Backlog[Priority],MATCH($A30,Backlog[Requirement ID],0))),"",INDEX(Backlog[Priority],MATCH($A30,Backlog[Requirement ID],0))),"") -> Medium | K30: Pending Solution | L30: =IFERROR(IF(ISBLANK(INDEX(Backlog[HLE],MATCH($A30,Backlog[Requirement ID],0))),"",IF(INDEX(Backlog[HLE],MATCH($A30,Backlog[Requirement ID],0))<=5,0.5,IF(INDEX(Backlog[HLE],MATCH($A30,Backlog[Requirement ID],0))<=8,1,IF(INDEX(Backlog[HLE],MATCH($A30,Backlog[Requirement ID],0))<=13,2,IF(INDEX(Backlog[HLE],MATCH($A30,Backlog[Requirement ID],0))<=20,3,5))))),"") -> 1
A31: =Backlog!A31 -> NEW-0066 | B31: =IFERROR(IF(ISBLANK(INDEX(Backlog[Requirement Name],MATCH($A31,Backlog[Requirement ID],0))),"",INDEX(Backlog[Requirement Name],MATCH($A31,Backlog[Requirement ID],0))),"") -> PI11-03 [B2C] Flight Enhancement - DTTP25-38915 | C31: =IFERROR(IF(ISBLANK(INDEX(Backlog[Stream],MATCH($A31,Backlog[Requirement ID],0))),"",INDEX(Backlog[Stream],MATCH($A31,Backlog[Requirement ID],0))),"") -> PI11 | D31: =IFERROR(IF(ISBLANK(INDEX(Backlog[Jira Link],MATCH($A31,Backlog[Requirement ID],0))),"",INDEX(Backlog[Jira Link],MATCH($A31,Backlog[Requirement ID],0))),"") -> https://smartship.atlassian.net/browse/DTTP25-41930 | E31: =IFERROR(IF(ISBLANK(INDEX(Backlog[Status],MATCH($A31,Backlog[Requirement ID],0))),"",INDEX(Backlog[Status],MATCH($A31,Backlog[Requirement ID],0))),"") -> NEW | F31: =IFERROR(IF(ISBLANK(INDEX(SprintPlanning[Sprint],MATCH($A31,SprintPlanning[Requirement ID],0))),"",INDEX(SprintPlanning[Sprint],MATCH($A31,SprintPlanning[Requirement ID],0))),"") -> Sprint 12 | G31: TBC | J31: =IFERROR(IF(ISBLANK(INDEX(Backlog[Priority],MATCH($A31,Backlog[Requirement ID],0))),"",INDEX(Backlog[Priority],MATCH($A31,Backlog[Requirement ID],0))),"") -> Medium | L31: =IFERROR(IF(ISBLANK(INDEX(Backlog[HLE],MATCH($A31,Backlog[Requirement ID],0))),"",IF(INDEX(Backlog[HLE],MATCH($A31,Backlog[Requirement ID],0))<=5,0.5,IF(INDEX(Backlog[HLE],MATCH($A31,Backlog[Requirement ID],0))<=8,1,IF(INDEX(Backlog[HLE],MATCH($A31,Backlog[Requirement ID],0))<=13,2,IF(INDEX(Backlog[HLE],MATCH($A31,Backlog[Requirement ID],0))<=20,3,5))))),"") -> 0.5
A32: =Backlog!A32 -> NEW-0067 | B32: =IFERROR(IF(ISBLANK(INDEX(Backlog[Requirement Name],MATCH($A32,Backlog[Requirement ID],0))),"",INDEX(Backlog[Requirement Name],MATCH($A32,Backlog[Requirement ID],0))),"") -> PI11-14 [CRM] [EA-1722] CRM Dependency - Lead Management - Price Description info in CDP | C32: =IFERROR(IF(ISBLANK(INDEX(Backlog[Stream],MATCH($A32,Backlog[Requirement ID],0))),"",INDEX(Backlog[Stream],MATCH($A32,Backlog[Requirement ID],0))),"") -> PI11 | D32: =IFERROR(IF(ISBLANK(INDEX(Backlog[Jira Link],MATCH($A32,Backlog[Requirement ID],0))),"",INDEX(Backlog[Jira Link],MATCH($A32,Backlog[Requirement ID],0))),"") -> https://smartship.atlassian.net/browse/DTTP25-41931 | E32: =IFERROR(IF(ISBLANK(INDEX(Backlog[Status],MATCH($A32,Backlog[Requirement ID],0))),"",INDEX(Backlog[Status],MATCH($A32,Backlog[Requirement ID],0))),"") -> NEW | F32: =IFERROR(IF(ISBLANK(INDEX(SprintPlanning[Sprint],MATCH($A32,SprintPlanning[Requirement ID],0))),"",INDEX(SprintPlanning[Sprint],MATCH($A32,SprintPlanning[Requirement ID],0))),"") -> Sprint 12 | G32: TBC | J32: =IFERROR(IF(ISBLANK(INDEX(Backlog[Priority],MATCH($A32,Backlog[Requirement ID],0))),"",INDEX(Backlog[Priority],MATCH($A32,Backlog[Requirement ID],0))),"") -> Medium | L32: =IFERROR(IF(ISBLANK(INDEX(Backlog[HLE],MATCH($A32,Backlog[Requirement ID],0))),"",IF(INDEX(Backlog[HLE],MATCH($A32,Backlog[Requirement ID],0))<=5,0.5,IF(INDEX(Backlog[HLE],MATCH($A32,Backlog[Requirement ID],0))<=8,1,IF(INDEX(Backlog[HLE],MATCH($A32,Backlog[Requirement ID],0))<=13,2,IF(INDEX(Backlog[HLE],MATCH($A32,Backlog[Requirement ID],0))<=20,3,5))))),"") -> 1
A33: =Backlog!A33 -> NEW-0002 | B33: =IFERROR(IF(ISBLANK(INDEX(Backlog[Requirement Name],MATCH($A33,Backlog[Requirement ID],0))),"",INDEX(Backlog[Requirement Name],MATCH($A33,Backlog[Requirement ID],0))),"") -> Whatsapp Subscription (Phase 2) | C33: =IFERROR(IF(ISBLANK(INDEX(Backlog[Stream],MATCH($A33,Backlog[Requirement ID],0))),"",INDEX(Backlog[Stream],MATCH($A33,Backlog[Requirement ID],0))),"") -> Backlog | D33: =IFERROR(IF(ISBLANK(INDEX(Backlog[Jira Link],MATCH($A33,Backlog[Requirement ID],0))),"",INDEX(Backlog[Jira Link],MATCH($A33,Backlog[Requirement ID],0))),"") | E33: =IFERROR(IF(ISBLANK(INDEX(Backlog[Status],MATCH($A33,Backlog[Requirement ID],0))),"",INDEX(Backlog[Status],MATCH($A33,Backlog[Requirement ID],0))),"") -> ON HOLD | F33: =IFERROR(IF(ISBLANK(INDEX(SprintPlanning[Sprint],MATCH($A33,SprintPlanning[Requirement ID],0))),"",INDEX(SprintPlanning[Sprint],MATCH($A33,SprintPlanning[Requirement ID],0))),"") -> To Plan | J33: =IFERROR(IF(ISBLANK(INDEX(Backlog[Priority],MATCH($A33,Backlog[Requirement ID],0))),"",INDEX(Backlog[Priority],MATCH($A33,Backlog[Requirement ID],0))),"") -> Medium | L33: =IFERROR(IF(ISBLANK(INDEX(Backlog[HLE],MATCH($A33,Backlog[Requirement ID],0))),"",IF(INDEX(Backlog[HLE],MATCH($A33,Backlog[Requirement ID],0))<=5,0.5,IF(INDEX(Backlog[HLE],MATCH($A33,Backlog[Requirement ID],0))<=8,1,IF(INDEX(Backlog[HLE],MATCH($A33,Backlog[Requirement ID],0))<=13,2,IF(INDEX(Backlog[HLE],MATCH($A33,Backlog[Requirement ID],0))<=20,3,5))))),"")
A34: =Backlog!A34 -> NEW-0005 | B34: =IFERROR(IF(ISBLANK(INDEX(Backlog[Requirement Name],MATCH($A34,Backlog[Requirement ID],0))),"",INDEX(Backlog[Requirement Name],MATCH($A34,Backlog[Requirement ID],0))),"") -> Handling multicabin booking | C34: =IFERROR(IF(ISBLANK(INDEX(Backlog[Stream],MATCH($A34,Backlog[Requirement ID],0))),"",INDEX(Backlog[Stream],MATCH($A34,Backlog[Requirement ID],0))),"") -> Growth | D34: =IFERROR(IF(ISBLANK(INDEX(Backlog[Jira Link],MATCH($A34,Backlog[Requirement ID],0))),"",INDEX(Backlog[Jira Link],MATCH($A34,Backlog[Requirement ID],0))),"") | E34: =IFERROR(IF(ISBLANK(INDEX(Backlog[Status],MATCH($A34,Backlog[Requirement ID],0))),"",INDEX(Backlog[Status],MATCH($A34,Backlog[Requirement ID],0))),"") -> NEW | F34: =IFERROR(IF(ISBLANK(INDEX(SprintPlanning[Sprint],MATCH($A34,SprintPlanning[Requirement ID],0))),"",INDEX(SprintPlanning[Sprint],MATCH($A34,SprintPlanning[Requirement ID],0))),"") -> To Plan | J34: =IFERROR(IF(ISBLANK(INDEX(Backlog[Priority],MATCH($A34,Backlog[Requirement ID],0))),"",INDEX(Backlog[Priority],MATCH($A34,Backlog[Requirement ID],0))),"") -> Medium | L34: =IFERROR(IF(ISBLANK(INDEX(Backlog[HLE],MATCH($A34,Backlog[Requirement ID],0))),"",IF(INDEX(Backlog[HLE],MATCH($A34,Backlog[Requirement ID],0))<=5,0.5,IF(INDEX(Backlog[HLE],MATCH($A34,Backlog[Requirement ID],0))<=8,1,IF(INDEX(Backlog[HLE],MATCH($A34,Backlog[Requirement ID],0))<=13,2,IF(INDEX(Backlog[HLE],MATCH($A34,Backlog[Requirement ID],0))<=20,3,5))))),"") -> 5
A35: =Backlog!A35 -> NEW-0006 | B35: =IFERROR(IF(ISBLANK(INDEX(Backlog[Requirement Name],MATCH($A35,Backlog[Requirement ID],0))),"",INDEX(Backlog[Requirement Name],MATCH($A35,Backlog[Requirement ID],0))),"") -> New UWO Interface (decoupling) | C35: =IFERROR(IF(ISBLANK(INDEX(Backlog[Stream],MATCH($A35,Backlog[Requirement ID],0))),"",INDEX(Backlog[Stream],MATCH($A35,Backlog[Requirement ID],0))),"") -> Growth | D35: =IFERROR(IF(ISBLANK(INDEX(Backlog[Jira Link],MATCH($A35,Backlog[Requirement ID],0))),"",INDEX(Backlog[Jira Link],MATCH($A35,Backlog[Requirement ID],0))),"") | E35: =IFERROR(IF(ISBLANK(INDEX(Backlog[Status],MATCH($A35,Backlog[Requirement ID],0))),"",INDEX(Backlog[Status],MATCH($A35,Backlog[Requirement ID],0))),"") -> NEW | F35: =IFERROR(IF(ISBLANK(INDEX(SprintPlanning[Sprint],MATCH($A35,SprintPlanning[Requirement ID],0))),"",INDEX(SprintPlanning[Sprint],MATCH($A35,SprintPlanning[Requirement ID],0))),"") -> To Plan | J35: =IFERROR(IF(ISBLANK(INDEX(Backlog[Priority],MATCH($A35,Backlog[Requirement ID],0))),"",INDEX(Backlog[Priority],MATCH($A35,Backlog[Requirement ID],0))),"") -> Medium | L35: =IFERROR(IF(ISBLANK(INDEX(Backlog[HLE],MATCH($A35,Backlog[Requirement ID],0))),"",IF(INDEX(Backlog[HLE],MATCH($A35,Backlog[Requirement ID],0))<=5,0.5,IF(INDEX(Backlog[HLE],MATCH($A35,Backlog[Requirement ID],0))<=8,1,IF(INDEX(Backlog[HLE],MATCH($A35,Backlog[Requirement ID],0))<=13,2,IF(INDEX(Backlog[HLE],MATCH($A35,Backlog[Requirement ID],0))<=20,3,5))))),"") -> 0.5
A36: =Backlog!A36 -> NEW-0007 | B36: =IFERROR(IF(ISBLANK(INDEX(Backlog[Requirement Name],MATCH($A36,Backlog[Requirement ID],0))),"",INDEX(Backlog[Requirement Name],MATCH($A36,Backlog[Requirement ID],0))),"") -> Update Hold option (decoupling) | C36: =IFERROR(IF(ISBLANK(INDEX(Backlog[Stream],MATCH($A36,Backlog[Requirement ID],0))),"",INDEX(Backlog[Stream],MATCH($A36,Backlog[Requirement ID],0))),"") -> Growth | D36: =IFERROR(IF(ISBLANK(INDEX(Backlog[Jira Link],MATCH($A36,Backlog[Requirement ID],0))),"",INDEX(Backlog[Jira Link],MATCH($A36,Backlog[Requirement ID],0))),"") | E36: =IFERROR(IF(ISBLANK(INDEX(Backlog[Status],MATCH($A36,Backlog[Requirement ID],0))),"",INDEX(Backlog[Status],MATCH($A36,Backlog[Requirement ID],0))),"") -> NEW | F36: =IFERROR(IF(ISBLANK(INDEX(SprintPlanning[Sprint],MATCH($A36,SprintPlanning[Requirement ID],0))),"",INDEX(SprintPlanning[Sprint],MATCH($A36,SprintPlanning[Requirement ID],0))),"") -> To Plan | J36: =IFERROR(IF(ISBLANK(INDEX(Backlog[Priority],MATCH($A36,Backlog[Requirement ID],0))),"",INDEX(Backlog[Priority],MATCH($A36,Backlog[Requirement ID],0))),"") -> Medium | L36: =IFERROR(IF(ISBLANK(INDEX(Backlog[HLE],MATCH($A36,Backlog[Requirement ID],0))),"",IF(INDEX(Backlog[HLE],MATCH($A36,Backlog[Requirement ID],0))<=5,0.5,IF(INDEX(Backlog[HLE],MATCH($A36,Backlog[Requirement ID],0))<=8,1,IF(INDEX(Backlog[HLE],MATCH($A36,Backlog[Requirement ID],0))<=13,2,IF(INDEX(Backlog[HLE],MATCH($A36,Backlog[Requirement ID],0))<=20,3,5))))),"") -> 0.5
A37: =Backlog!A37 -> NEW-0011 | B37: =IFERROR(IF(ISBLANK(INDEX(Backlog[Requirement Name],MATCH($A37,Backlog[Requirement ID],0))),"",INDEX(Backlog[Requirement Name],MATCH($A37,Backlog[Requirement ID],0))),"") -> INT 101 - Cabin Selections (Booking Group Management) | C37: =IFERROR(IF(ISBLANK(INDEX(Backlog[Stream],MATCH($A37,Backlog[Requirement ID],0))),"",INDEX(Backlog[Stream],MATCH($A37,Backlog[Requirement ID],0))),"") -> Growth | D37: =IFERROR(IF(ISBLANK(INDEX(Backlog[Jira Link],MATCH($A37,Backlog[Requirement ID],0))),"",INDEX(Backlog[Jira Link],MATCH($A37,Backlog[Requirement ID],0))),"") -> https://smartship.atlassian.net/browse/MDTTPU-8135 | E37: =IFERROR(IF(ISBLANK(INDEX(Backlog[Status],MATCH($A37,Backlog[Requirement ID],0))),"",INDEX(Backlog[Status],MATCH($A37,Backlog[Requirement ID],0))),"") -> NEW | F37: =IFERROR(IF(ISBLANK(INDEX(SprintPlanning[Sprint],MATCH($A37,SprintPlanning[Requirement ID],0))),"",INDEX(SprintPlanning[Sprint],MATCH($A37,SprintPlanning[Requirement ID],0))),"") -> To Plan | J37: =IFERROR(IF(ISBLANK(INDEX(Backlog[Priority],MATCH($A37,Backlog[Requirement ID],0))),"",INDEX(Backlog[Priority],MATCH($A37,Backlog[Requirement ID],0))),"") -> Medium | L37: =IFERROR(IF(ISBLANK(INDEX(Backlog[HLE],MATCH($A37,Backlog[Requirement ID],0))),"",IF(INDEX(Backlog[HLE],MATCH($A37,Backlog[Requirement ID],0))<=5,0.5,IF(INDEX(Backlog[HLE],MATCH($A37,Backlog[Requirement ID],0))<=8,1,IF(INDEX(Backlog[HLE],MATCH($A37,Backlog[Requirement ID],0))<=13,2,IF(INDEX(Backlog[HLE],MATCH($A37,Backlog[Requirement ID],0))<=20,3,5))))),"") -> 1
A38: =Backlog!A38 -> NEW-0016 | B38: =IFERROR(IF(ISBLANK(INDEX(Backlog[Requirement Name],MATCH($A38,Backlog[Requirement ID],0))),"",INDEX(Backlog[Requirement Name],MATCH($A38,Backlog[Requirement ID],0))),"") -> myMSC Add USA Market Configuration - Chain 1/ Chain 2 | C38: =IFERROR(IF(ISBLANK(INDEX(Backlog[Stream],MATCH($A38,Backlog[Requirement ID],0))),"",INDEX(Backlog[Stream],MATCH($A38,Backlog[Requirement ID],0))),"") -> US | D38: =IFERROR(IF(ISBLANK(INDEX(Backlog[Jira Link],MATCH($A38,Backlog[Requirement ID],0))),"",INDEX(Backlog[Jira Link],MATCH($A38,Backlog[Requirement ID],0))),"") -> https://smartship.atlassian.net/browse/MDTTPU-13662 | E38: =IFERROR(IF(ISBLANK(INDEX(Backlog[Status],MATCH($A38,Backlog[Requirement ID],0))),"",INDEX(Backlog[Status],MATCH($A38,Backlog[Requirement ID],0))),"") -> NEW | F38: =IFERROR(IF(ISBLANK(INDEX(SprintPlanning[Sprint],MATCH($A38,SprintPlanning[Requirement ID],0))),"",INDEX(SprintPlanning[Sprint],MATCH($A38,SprintPlanning[Requirement ID],0))),"") -> To Plan | J38: =IFERROR(IF(ISBLANK(INDEX(Backlog[Priority],MATCH($A38,Backlog[Requirement ID],0))),"",INDEX(Backlog[Priority],MATCH($A38,Backlog[Requirement ID],0))),"") -> Medium | L38: =IFERROR(IF(ISBLANK(INDEX(Backlog[HLE],MATCH($A38,Backlog[Requirement ID],0))),"",IF(INDEX(Backlog[HLE],MATCH($A38,Backlog[Requirement ID],0))<=5,0.5,IF(INDEX(Backlog[HLE],MATCH($A38,Backlog[Requirement ID],0))<=8,1,IF(INDEX(Backlog[HLE],MATCH($A38,Backlog[Requirement ID],0))<=13,2,IF(INDEX(Backlog[HLE],MATCH($A38,Backlog[Requirement ID],0))<=20,3,5))))),"") -> 1
A39: =Backlog!A39 -> NEW-0017 | B39: =IFERROR(IF(ISBLANK(INDEX(Backlog[Requirement Name],MATCH($A39,Backlog[Requirement ID],0))),"",INDEX(Backlog[Requirement Name],MATCH($A39,Backlog[Requirement ID],0))),"") -> ARG Payment provider Pagtur | C39: =IFERROR(IF(ISBLANK(INDEX(Backlog[Stream],MATCH($A39,Backlog[Requirement ID],0))),"",INDEX(Backlog[Stream],MATCH($A39,Backlog[Requirement ID],0))),"") -> MVP Rollout | D39: =IFERROR(IF(ISBLANK(INDEX(Backlog[Jira Link],MATCH($A39,Backlog[Requirement ID],0))),"",INDEX(Backlog[Jira Link],MATCH($A39,Backlog[Requirement ID],0))),"") | E39: =IFERROR(IF(ISBLANK(INDEX(Backlog[Status],MATCH($A39,Backlog[Requirement ID],0))),"",INDEX(Backlog[Status],MATCH($A39,Backlog[Requirement ID],0))),"") -> NEW | F39: =IFERROR(IF(ISBLANK(INDEX(SprintPlanning[Sprint],MATCH($A39,SprintPlanning[Requirement ID],0))),"",INDEX(SprintPlanning[Sprint],MATCH($A39,SprintPlanning[Requirement ID],0))),"") -> To Plan | J39: =IFERROR(IF(ISBLANK(INDEX(Backlog[Priority],MATCH($A39,Backlog[Requirement ID],0))),"",INDEX(Backlog[Priority],MATCH($A39,Backlog[Requirement ID],0))),"") -> Medium | L39: =IFERROR(IF(ISBLANK(INDEX(Backlog[HLE],MATCH($A39,Backlog[Requirement ID],0))),"",IF(INDEX(Backlog[HLE],MATCH($A39,Backlog[Requirement ID],0))<=5,0.5,IF(INDEX(Backlog[HLE],MATCH($A39,Backlog[Requirement ID],0))<=8,1,IF(INDEX(Backlog[HLE],MATCH($A39,Backlog[Requirement ID],0))<=13,2,IF(INDEX(Backlog[HLE],MATCH($A39,Backlog[Requirement ID],0))<=20,3,5))))),"") -> 5
A40: =Backlog!A40 -> NEW-0018 | B40: =IFERROR(IF(ISBLANK(INDEX(Backlog[Requirement Name],MATCH($A40,Backlog[Requirement ID],0))),"",INDEX(Backlog[Requirement Name],MATCH($A40,Backlog[Requirement ID],0))),"") -> BR Payment providerDireçao | C40: =IFERROR(IF(ISBLANK(INDEX(Backlog[Stream],MATCH($A40,Backlog[Requirement ID],0))),"",INDEX(Backlog[Stream],MATCH($A40,Backlog[Requirement ID],0))),"") -> MVP Rollout | D40: =IFERROR(IF(ISBLANK(INDEX(Backlog[Jira Link],MATCH($A40,Backlog[Requirement ID],0))),"",INDEX(Backlog[Jira Link],MATCH($A40,Backlog[Requirement ID],0))),"") | E40: =IFERROR(IF(ISBLANK(INDEX(Backlog[Status],MATCH($A40,Backlog[Requirement ID],0))),"",INDEX(Backlog[Status],MATCH($A40,Backlog[Requirement ID],0))),"") -> NEW | F40: =IFERROR(IF(ISBLANK(INDEX(SprintPlanning[Sprint],MATCH($A40,SprintPlanning[Requirement ID],0))),"",INDEX(SprintPlanning[Sprint],MATCH($A40,SprintPlanning[Requirement ID],0))),"") -> To Plan | J40: =IFERROR(IF(ISBLANK(INDEX(Backlog[Priority],MATCH($A40,Backlog[Requirement ID],0))),"",INDEX(Backlog[Priority],MATCH($A40,Backlog[Requirement ID],0))),"") -> Medium | L40: =IFERROR(IF(ISBLANK(INDEX(Backlog[HLE],MATCH($A40,Backlog[Requirement ID],0))),"",IF(INDEX(Backlog[HLE],MATCH($A40,Backlog[Requirement ID],0))<=5,0.5,IF(INDEX(Backlog[HLE],MATCH($A40,Backlog[Requirement ID],0))<=8,1,IF(INDEX(Backlog[HLE],MATCH($A40,Backlog[Requirement ID],0))<=13,2,IF(INDEX(Backlog[HLE],MATCH($A40,Backlog[Requirement ID],0))<=20,3,5))))),"") -> 5
A41: =Backlog!A41 -> NEW-0020 | B41: =IFERROR(IF(ISBLANK(INDEX(Backlog[Requirement Name],MATCH($A41,Backlog[Requirement ID],0))),"",INDEX(Backlog[Requirement Name],MATCH($A41,Backlog[Requirement ID],0))),"") -> MyMSC Spa | C41: =IFERROR(IF(ISBLANK(INDEX(Backlog[Stream],MATCH($A41,Backlog[Requirement ID],0))),"",INDEX(Backlog[Stream],MATCH($A41,Backlog[Requirement ID],0))),"") -> MyMSC | D41: =IFERROR(IF(ISBLANK(INDEX(Backlog[Jira Link],MATCH($A41,Backlog[Requirement ID],0))),"",INDEX(Backlog[Jira Link],MATCH($A41,Backlog[Requirement ID],0))),"") | E41: =IFERROR(IF(ISBLANK(INDEX(Backlog[Status],MATCH($A41,Backlog[Requirement ID],0))),"",INDEX(Backlog[Status],MATCH($A41,Backlog[Requirement ID],0))),"") -> NEW | F41: =IFERROR(IF(ISBLANK(INDEX(SprintPlanning[Sprint],MATCH($A41,SprintPlanning[Requirement ID],0))),"",INDEX(SprintPlanning[Sprint],MATCH($A41,SprintPlanning[Requirement ID],0))),"") -> To Plan | J41: =IFERROR(IF(ISBLANK(INDEX(Backlog[Priority],MATCH($A41,Backlog[Requirement ID],0))),"",INDEX(Backlog[Priority],MATCH($A41,Backlog[Requirement ID],0))),"") -> Medium | L41: =IFERROR(IF(ISBLANK(INDEX(Backlog[HLE],MATCH($A41,Backlog[Requirement ID],0))),"",IF(INDEX(Backlog[HLE],MATCH($A41,Backlog[Requirement ID],0))<=5,0.5,IF(INDEX(Backlog[HLE],MATCH($A41,Backlog[Requirement ID],0))<=8,1,IF(INDEX(Backlog[HLE],MATCH($A41,Backlog[Requirement ID],0))<=13,2,IF(INDEX(Backlog[HLE],MATCH($A41,Backlog[Requirement ID],0))<=20,3,5))))),"") -> 3
A42: =Backlog!A42 -> NEW-0022 | B42: =IFERROR(IF(ISBLANK(INDEX(Backlog[Requirement Name],MATCH($A42,Backlog[Requirement ID],0))),"",INDEX(Backlog[Requirement Name],MATCH($A42,Backlog[Requirement ID],0))),"") -> Super Agency Access | C42: =IFERROR(IF(ISBLANK(INDEX(Backlog[Stream],MATCH($A42,Backlog[Requirement ID],0))),"",INDEX(Backlog[Stream],MATCH($A42,Backlog[Requirement ID],0))),"") -> MyMSC | D42: =IFERROR(IF(ISBLANK(INDEX(Backlog[Jira Link],MATCH($A42,Backlog[Requirement ID],0))),"",INDEX(Backlog[Jira Link],MATCH($A42,Backlog[Requirement ID],0))),"") | E42: =IFERROR(IF(ISBLANK(INDEX(Backlog[Status],MATCH($A42,Backlog[Requirement ID],0))),"",INDEX(Backlog[Status],MATCH($A42,Backlog[Requirement ID],0))),"") -> NEW | F42: =IFERROR(IF(ISBLANK(INDEX(SprintPlanning[Sprint],MATCH($A42,SprintPlanning[Requirement ID],0))),"",INDEX(SprintPlanning[Sprint],MATCH($A42,SprintPlanning[Requirement ID],0))),"") -> To Plan | J42: =IFERROR(IF(ISBLANK(INDEX(Backlog[Priority],MATCH($A42,Backlog[Requirement ID],0))),"",INDEX(Backlog[Priority],MATCH($A42,Backlog[Requirement ID],0))),"") -> Medium | L42: =IFERROR(IF(ISBLANK(INDEX(Backlog[HLE],MATCH($A42,Backlog[Requirement ID],0))),"",IF(INDEX(Backlog[HLE],MATCH($A42,Backlog[Requirement ID],0))<=5,0.5,IF(INDEX(Backlog[HLE],MATCH($A42,Backlog[Requirement ID],0))<=8,1,IF(INDEX(Backlog[HLE],MATCH($A42,Backlog[Requirement ID],0))<=13,2,IF(INDEX(Backlog[HLE],MATCH($A42,Backlog[Requirement ID],0))<=20,3,5))))),"") -> 1
A43: =Backlog!A43 -> NEW-0033 | B43: =IFERROR(IF(ISBLANK(INDEX(Backlog[Requirement Name],MATCH($A43,Backlog[Requirement ID],0))),"",INDEX(Backlog[Requirement Name],MATCH($A43,Backlog[Requirement ID],0))),"") -> Pending Configurations for DACH, MED, LATAM | C43: =IFERROR(IF(ISBLANK(INDEX(Backlog[Stream],MATCH($A43,Backlog[Requirement ID],0))),"",INDEX(Backlog[Stream],MATCH($A43,Backlog[Requirement ID],0))),"") -> MyMSC | D43: =IFERROR(IF(ISBLANK(INDEX(Backlog[Jira Link],MATCH($A43,Backlog[Requirement ID],0))),"",INDEX(Backlog[Jira Link],MATCH($A43,Backlog[Requirement ID],0))),"") -> https://smartship.atlassian.net/browse/DTTP25-21230 | E43: =IFERROR(IF(ISBLANK(INDEX(Backlog[Status],MATCH($A43,Backlog[Requirement ID],0))),"",INDEX(Backlog[Status],MATCH($A43,Backlog[Requirement ID],0))),"") -> NEW | F43: =IFERROR(IF(ISBLANK(INDEX(SprintPlanning[Sprint],MATCH($A43,SprintPlanning[Requirement ID],0))),"",INDEX(SprintPlanning[Sprint],MATCH($A43,SprintPlanning[Requirement ID],0))),"") -> To Plan | J43: =IFERROR(IF(ISBLANK(INDEX(Backlog[Priority],MATCH($A43,Backlog[Requirement ID],0))),"",INDEX(Backlog[Priority],MATCH($A43,Backlog[Requirement ID],0))),"") -> Medium | L43: =IFERROR(IF(ISBLANK(INDEX(Backlog[HLE],MATCH($A43,Backlog[Requirement ID],0))),"",IF(INDEX(Backlog[HLE],MATCH($A43,Backlog[Requirement ID],0))<=5,0.5,IF(INDEX(Backlog[HLE],MATCH($A43,Backlog[Requirement ID],0))<=8,1,IF(INDEX(Backlog[HLE],MATCH($A43,Backlog[Requirement ID],0))<=13,2,IF(INDEX(Backlog[HLE],MATCH($A43,Backlog[Requirement ID],0))<=20,3,5))))),"") -> 0.5
A44: =Backlog!A44 -> NEW-0068 | B44: =IFERROR(IF(ISBLANK(INDEX(Backlog[Requirement Name],MATCH($A44,Backlog[Requirement ID],0))),"",INDEX(Backlog[Requirement Name],MATCH($A44,Backlog[Requirement ID],0))),"") -> [EAINT] [CR][INT026][INT133][INT130] Split calls to CMS for excursion/OBS data into chunks | C44: =IFERROR(IF(ISBLANK(INDEX(Backlog[Stream],MATCH($A44,Backlog[Requirement ID],0))),"",INDEX(Backlog[Stream],MATCH($A44,Backlog[Requirement ID],0))),"") -> MyMSC | D44: =IFERROR(IF(ISBLANK(INDEX(Backlog[Jira Link],MATCH($A44,Backlog[Requirement ID],0))),"",INDEX(Backlog[Jira Link],MATCH($A44,Backlog[Requirement ID],0))),"") | E44: =IFERROR(IF(ISBLANK(INDEX(Backlog[Status],MATCH($A44,Backlog[Requirement ID],0))),"",INDEX(Backlog[Status],MATCH($A44,Backlog[Requirement ID],0))),"") -> NEW | F44: =IFERROR(IF(ISBLANK(INDEX(SprintPlanning[Sprint],MATCH($A44,SprintPlanning[Requirement ID],0))),"",INDEX(SprintPlanning[Sprint],MATCH($A44,SprintPlanning[Requirement ID],0))),"") -> To Plan | J44: =IFERROR(IF(ISBLANK(INDEX(Backlog[Priority],MATCH($A44,Backlog[Requirement ID],0))),"",INDEX(Backlog[Priority],MATCH($A44,Backlog[Requirement ID],0))),"") -> Medium | L44: =IFERROR(IF(ISBLANK(INDEX(Backlog[HLE],MATCH($A44,Backlog[Requirement ID],0))),"",IF(INDEX(Backlog[HLE],MATCH($A44,Backlog[Requirement ID],0))<=5,0.5,IF(INDEX(Backlog[HLE],MATCH($A44,Backlog[Requirement ID],0))<=8,1,IF(INDEX(Backlog[HLE],MATCH($A44,Backlog[Requirement ID],0))<=13,2,IF(INDEX(Backlog[HLE],MATCH($A44,Backlog[Requirement ID],0))<=20,3,5))))),"") -> 1
A45: =Backlog!A45 -> NEW-0265 | B45: =IFERROR(IF(ISBLANK(INDEX(Backlog[Requirement Name],MATCH($A45,Backlog[Requirement ID],0))),"",INDEX(Backlog[Requirement Name],MATCH($A45,Backlog[Requirement ID],0))),"") -> TLI 99.1 | C45: =IFERROR(IF(ISBLANK(INDEX(Backlog[Stream],MATCH($A45,Backlog[Requirement ID],0))),"",INDEX(Backlog[Stream],MATCH($A45,Backlog[Requirement ID],0))),"") -> US | D45: =IFERROR(IF(ISBLANK(INDEX(Backlog[Jira Link],MATCH($A45,Backlog[Requirement ID],0))),"",INDEX(Backlog[Jira Link],MATCH($A45,Backlog[Requirement ID],0))),"") | E45: =IFERROR(IF(ISBLANK(INDEX(Backlog[Status],MATCH($A45,Backlog[Requirement ID],0))),"",INDEX(Backlog[Status],MATCH($A45,Backlog[Requirement ID],0))),"") -> DONE | F45: =IFERROR(IF(ISBLANK(INDEX(SprintPlanning[Sprint],MATCH($A45,SprintPlanning[Requirement ID],0))),"",INDEX(SprintPlanning[Sprint],MATCH($A45,SprintPlanning[Requirement ID],0))),"") | J45: =IFERROR(IF(ISBLANK(INDEX(Backlog[Priority],MATCH($A45,Backlog[Requirement ID],0))),"",INDEX(Backlog[Priority],MATCH($A45,Backlog[Requirement ID],0))),"") -> Medium | K45: Pending Solution | L45: =IFERROR(IF(ISBLANK(INDEX(Backlog[HLE],MATCH($A45,Backlog[Requirement ID],0))),"",IF(INDEX(Backlog[HLE],MATCH($A45,Backlog[Requirement ID],0))<=5,0.5,IF(INDEX(Backlog[HLE],MATCH($A45,Backlog[Requirement ID],0))<=8,1,IF(INDEX(Backlog[HLE],MATCH($A45,Backlog[Requirement ID],0))<=13,2,IF(INDEX(Backlog[HLE],MATCH($A45,Backlog[Requirement ID],0))<=20,3,5))))),"")
A46: =Backlog!A46 -> NEW-0266 | B46: =IFERROR(IF(ISBLANK(INDEX(Backlog[Requirement Name],MATCH($A46,Backlog[Requirement ID],0))),"",INDEX(Backlog[Requirement Name],MATCH($A46,Backlog[Requirement ID],0))),"") -> Campaigns for loyalty program management | C46: =IFERROR(IF(ISBLANK(INDEX(Backlog[Stream],MATCH($A46,Backlog[Requirement ID],0))),"",INDEX(Backlog[Stream],MATCH($A46,Backlog[Requirement ID],0))),"") -> US | D46: =IFERROR(IF(ISBLANK(INDEX(Backlog[Jira Link],MATCH($A46,Backlog[Requirement ID],0))),"",INDEX(Backlog[Jira Link],MATCH($A46,Backlog[Requirement ID],0))),"") | E46: =IFERROR(IF(ISBLANK(INDEX(Backlog[Status],MATCH($A46,Backlog[Requirement ID],0))),"",INDEX(Backlog[Status],MATCH($A46,Backlog[Requirement ID],0))),"") -> DONE | F46: =IFERROR(IF(ISBLANK(INDEX(SprintPlanning[Sprint],MATCH($A46,SprintPlanning[Requirement ID],0))),"",INDEX(SprintPlanning[Sprint],MATCH($A46,SprintPlanning[Requirement ID],0))),"") | J46: =IFERROR(IF(ISBLANK(INDEX(Backlog[Priority],MATCH($A46,Backlog[Requirement ID],0))),"",INDEX(Backlog[Priority],MATCH($A46,Backlog[Requirement ID],0))),"") -> Medium | K46: Pending Solution | L46: =IFERROR(IF(ISBLANK(INDEX(Backlog[HLE],MATCH($A46,Backlog[Requirement ID],0))),"",IF(INDEX(Backlog[HLE],MATCH($A46,Backlog[Requirement ID],0))<=5,0.5,IF(INDEX(Backlog[HLE],MATCH($A46,Backlog[Requirement ID],0))<=8,1,IF(INDEX(Backlog[HLE],MATCH($A46,Backlog[Requirement ID],0))<=13,2,IF(INDEX(Backlog[HLE],MATCH($A46,Backlog[Requirement ID],0))<=20,3,5))))),"")
A47: =Backlog!A47 -> NEW-0270 | B47: =IFERROR(IF(ISBLANK(INDEX(Backlog[Requirement Name],MATCH($A47,Backlog[Requirement ID],0))),"",INDEX(Backlog[Requirement Name],MATCH($A47,Backlog[Requirement ID],0))),"") -> Booking Group Management Cabin Selections | C47: =IFERROR(IF(ISBLANK(INDEX(Backlog[Stream],MATCH($A47,Backlog[Requirement ID],0))),"",INDEX(Backlog[Stream],MATCH($A47,Backlog[Requirement ID],0))),"") -> US | D47: =IFERROR(IF(ISBLANK(INDEX(Backlog[Jira Link],MATCH($A47,Backlog[Requirement ID],0))),"",INDEX(Backlog[Jira Link],MATCH($A47,Backlog[Requirement ID],0))),"") | E47: =IFERROR(IF(ISBLANK(INDEX(Backlog[Status],MATCH($A47,Backlog[Requirement ID],0))),"",INDEX(Backlog[Status],MATCH($A47,Backlog[Requirement ID],0))),"") -> NEW | F47: =IFERROR(IF(ISBLANK(INDEX(SprintPlanning[Sprint],MATCH($A47,SprintPlanning[Requirement ID],0))),"",INDEX(SprintPlanning[Sprint],MATCH($A47,SprintPlanning[Requirement ID],0))),"") -> To Plan | J47: =IFERROR(IF(ISBLANK(INDEX(Backlog[Priority],MATCH($A47,Backlog[Requirement ID],0))),"",INDEX(Backlog[Priority],MATCH($A47,Backlog[Requirement ID],0))),"") -> Medium | K47: Pending Solution | L47: =IFERROR(IF(ISBLANK(INDEX(Backlog[HLE],MATCH($A47,Backlog[Requirement ID],0))),"",IF(INDEX(Backlog[HLE],MATCH($A47,Backlog[Requirement ID],0))<=5,0.5,IF(INDEX(Backlog[HLE],MATCH($A47,Backlog[Requirement ID],0))<=8,1,IF(INDEX(Backlog[HLE],MATCH($A47,Backlog[Requirement ID],0))<=13,2,IF(INDEX(Backlog[HLE],MATCH($A47,Backlog[Requirement ID],0))<=20,3,5))))),"") -> 0.5
A48: =Backlog!A48 -> NEW-0274 | B48: =IFERROR(IF(ISBLANK(INDEX(Backlog[Requirement Name],MATCH($A48,Backlog[Requirement ID],0))),"",INDEX(Backlog[Requirement Name],MATCH($A48,Backlog[Requirement ID],0))),"") -> INT024.2 - Addition of “Disembarkation Date” and “Pay By” fields | C48: =IFERROR(IF(ISBLANK(INDEX(Backlog[Stream],MATCH($A48,Backlog[Requirement ID],0))),"",INDEX(Backlog[Stream],MATCH($A48,Backlog[Requirement ID],0))),"") -> Growth | D48: =IFERROR(IF(ISBLANK(INDEX(Backlog[Jira Link],MATCH($A48,Backlog[Requirement ID],0))),"",INDEX(Backlog[Jira Link],MATCH($A48,Backlog[Requirement ID],0))),"") | E48: =IFERROR(IF(ISBLANK(INDEX(Backlog[Status],MATCH($A48,Backlog[Requirement ID],0))),"",INDEX(Backlog[Status],MATCH($A48,Backlog[Requirement ID],0))),"") -> NEW | F48: =IFERROR(IF(ISBLANK(INDEX(SprintPlanning[Sprint],MATCH($A48,SprintPlanning[Requirement ID],0))),"",INDEX(SprintPlanning[Sprint],MATCH($A48,SprintPlanning[Requirement ID],0))),"") -> To Plan | J48: =IFERROR(IF(ISBLANK(INDEX(Backlog[Priority],MATCH($A48,Backlog[Requirement ID],0))),"",INDEX(Backlog[Priority],MATCH($A48,Backlog[Requirement ID],0))),"") -> Medium | K48: Pending Design | L48: =IFERROR(IF(ISBLANK(INDEX(Backlog[HLE],MATCH($A48,Backlog[Requirement ID],0))),"",IF(INDEX(Backlog[HLE],MATCH($A48,Backlog[Requirement ID],0))<=5,0.5,IF(INDEX(Backlog[HLE],MATCH($A48,Backlog[Requirement ID],0))<=8,1,IF(INDEX(Backlog[HLE],MATCH($A48,Backlog[Requirement ID],0))<=13,2,IF(INDEX(Backlog[HLE],MATCH($A48,Backlog[Requirement ID],0))<=20,3,5))))),"") -> 0.5 | M48: Yes
A49: =Backlog!A49 -> NEW-0284 | B49: =IFERROR(IF(ISBLANK(INDEX(Backlog[Requirement Name],MATCH($A49,Backlog[Requirement ID],0))),"",INDEX(Backlog[Requirement Name],MATCH($A49,Backlog[Requirement ID],0))),"") -> DACH, MED, LATAM Configurations | C49: =IFERROR(IF(ISBLANK(INDEX(Backlog[Stream],MATCH($A49,Backlog[Requirement ID],0))),"",INDEX(Backlog[Stream],MATCH($A49,Backlog[Requirement ID],0))),"") -> MyMSC | D49: =IFERROR(IF(ISBLANK(INDEX(Backlog[Jira Link],MATCH($A49,Backlog[Requirement ID],0))),"",INDEX(Backlog[Jira Link],MATCH($A49,Backlog[Requirement ID],0))),"") | E49: =IFERROR(IF(ISBLANK(INDEX(Backlog[Status],MATCH($A49,Backlog[Requirement ID],0))),"",INDEX(Backlog[Status],MATCH($A49,Backlog[Requirement ID],0))),"") -> NEW | F49: =IFERROR(IF(ISBLANK(INDEX(SprintPlanning[Sprint],MATCH($A49,SprintPlanning[Requirement ID],0))),"",INDEX(SprintPlanning[Sprint],MATCH($A49,SprintPlanning[Requirement ID],0))),"") -> To Plan | J49: =IFERROR(IF(ISBLANK(INDEX(Backlog[Priority],MATCH($A49,Backlog[Requirement ID],0))),"",INDEX(Backlog[Priority],MATCH($A49,Backlog[Requirement ID],0))),"") -> Medium | K49: Ready for Development | L49: =IFERROR(IF(ISBLANK(INDEX(Backlog[HLE],MATCH($A49,Backlog[Requirement ID],0))),"",IF(INDEX(Backlog[HLE],MATCH($A49,Backlog[Requirement ID],0))<=5,0.5,IF(INDEX(Backlog[HLE],MATCH($A49,Backlog[Requirement ID],0))<=8,1,IF(INDEX(Backlog[HLE],MATCH($A49,Backlog[Requirement ID],0))<=13,2,IF(INDEX(Backlog[HLE],MATCH($A49,Backlog[Requirement ID],0))<=20,3,5))))),"")
A50: =Backlog!A50 -> NEW-0288 | B50: =IFERROR(IF(ISBLANK(INDEX(Backlog[Requirement Name],MATCH($A50,Backlog[Requirement ID],0))),"",INDEX(Backlog[Requirement Name],MATCH($A50,Backlog[Requirement ID],0))),"") -> Remove of login endpoints from MyMSC EAPI | C50: =IFERROR(IF(ISBLANK(INDEX(Backlog[Stream],MATCH($A50,Backlog[Requirement ID],0))),"",INDEX(Backlog[Stream],MATCH($A50,Backlog[Requirement ID],0))),"") -> MyMSC | D50: =IFERROR(IF(ISBLANK(INDEX(Backlog[Jira Link],MATCH($A50,Backlog[Requirement ID],0))),"",INDEX(Backlog[Jira Link],MATCH($A50,Backlog[Requirement ID],0))),"") | E50: =IFERROR(IF(ISBLANK(INDEX(Backlog[Status],MATCH($A50,Backlog[Requirement ID],0))),"",INDEX(Backlog[Status],MATCH($A50,Backlog[Requirement ID],0))),"") -> NEW | F50: =IFERROR(IF(ISBLANK(INDEX(SprintPlanning[Sprint],MATCH($A50,SprintPlanning[Requirement ID],0))),"",INDEX(SprintPlanning[Sprint],MATCH($A50,SprintPlanning[Requirement ID],0))),"") -> To Plan | J50: =IFERROR(IF(ISBLANK(INDEX(Backlog[Priority],MATCH($A50,Backlog[Requirement ID],0))),"",INDEX(Backlog[Priority],MATCH($A50,Backlog[Requirement ID],0))),"") -> Medium | K50: Ready for Development | L50: =IFERROR(IF(ISBLANK(INDEX(Backlog[HLE],MATCH($A50,Backlog[Requirement ID],0))),"",IF(INDEX(Backlog[HLE],MATCH($A50,Backlog[Requirement ID],0))<=5,0.5,IF(INDEX(Backlog[HLE],MATCH($A50,Backlog[Requirement ID],0))<=8,1,IF(INDEX(Backlog[HLE],MATCH($A50,Backlog[Requirement ID],0))<=13,2,IF(INDEX(Backlog[HLE],MATCH($A50,Backlog[Requirement ID],0))<=20,3,5))))),"") -> 1 | M50: Yes
A51: =Backlog!A51 -> NEW-0290 | B51: =IFERROR(IF(ISBLANK(INDEX(Backlog[Requirement Name],MATCH($A51,Backlog[Requirement ID],0))),"",INDEX(Backlog[Requirement Name],MATCH($A51,Backlog[Requirement ID],0))),"") -> Bug fix for cabin logic in INT135.1/135.2 | C51: =IFERROR(IF(ISBLANK(INDEX(Backlog[Stream],MATCH($A51,Backlog[Requirement ID],0))),"",INDEX(Backlog[Stream],MATCH($A51,Backlog[Requirement ID],0))),"") -> MyMSC | D51: =IFERROR(IF(ISBLANK(INDEX(Backlog[Jira Link],MATCH($A51,Backlog[Requirement ID],0))),"",INDEX(Backlog[Jira Link],MATCH($A51,Backlog[Requirement ID],0))),"") -> https://smartship.atlassian.net/browse/DTTP25-29399 | E51: =IFERROR(IF(ISBLANK(INDEX(Backlog[Status],MATCH($A51,Backlog[Requirement ID],0))),"",INDEX(Backlog[Status],MATCH($A51,Backlog[Requirement ID],0))),"") -> NEW | F51: =IFERROR(IF(ISBLANK(INDEX(SprintPlanning[Sprint],MATCH($A51,SprintPlanning[Requirement ID],0))),"",INDEX(SprintPlanning[Sprint],MATCH($A51,SprintPlanning[Requirement ID],0))),"") -> Sprint 11 | G51: No | J51: =IFERROR(IF(ISBLANK(INDEX(Backlog[Priority],MATCH($A51,Backlog[Requirement ID],0))),"",INDEX(Backlog[Priority],MATCH($A51,Backlog[Requirement ID],0))),"") -> Medium | K51: No Design Required | L51: =IFERROR(IF(ISBLANK(INDEX(Backlog[HLE],MATCH($A51,Backlog[Requirement ID],0))),"",IF(INDEX(Backlog[HLE],MATCH($A51,Backlog[Requirement ID],0))<=5,0.5,IF(INDEX(Backlog[HLE],MATCH($A51,Backlog[Requirement ID],0))<=8,1,IF(INDEX(Backlog[HLE],MATCH($A51,Backlog[Requirement ID],0))<=13,2,IF(INDEX(Backlog[HLE],MATCH($A51,Backlog[Requirement ID],0))<=20,3,5))))),"") -> 0.5 | M51: Yes
A52: =Backlog!A52 -> NEW-0299 | B52: =IFERROR(IF(ISBLANK(INDEX(Backlog[Requirement Name],MATCH($A52,Backlog[Requirement ID],0))),"",INDEX(Backlog[Requirement Name],MATCH($A52,Backlog[Requirement ID],0))),"") -> Spa | C52: =IFERROR(IF(ISBLANK(INDEX(Backlog[Stream],MATCH($A52,Backlog[Requirement ID],0))),"",INDEX(Backlog[Stream],MATCH($A52,Backlog[Requirement ID],0))),"") -> MyMSC | D52: =IFERROR(IF(ISBLANK(INDEX(Backlog[Jira Link],MATCH($A52,Backlog[Requirement ID],0))),"",INDEX(Backlog[Jira Link],MATCH($A52,Backlog[Requirement ID],0))),"") | E52: =IFERROR(IF(ISBLANK(INDEX(Backlog[Status],MATCH($A52,Backlog[Requirement ID],0))),"",INDEX(Backlog[Status],MATCH($A52,Backlog[Requirement ID],0))),"") -> NEW | F52: =IFERROR(IF(ISBLANK(INDEX(SprintPlanning[Sprint],MATCH($A52,SprintPlanning[Requirement ID],0))),"",INDEX(SprintPlanning[Sprint],MATCH($A52,SprintPlanning[Requirement ID],0))),"") -> To Plan | J52: =IFERROR(IF(ISBLANK(INDEX(Backlog[Priority],MATCH($A52,Backlog[Requirement ID],0))),"",INDEX(Backlog[Priority],MATCH($A52,Backlog[Requirement ID],0))),"") -> Medium | K52: Pending Solution | L52: =IFERROR(IF(ISBLANK(INDEX(Backlog[HLE],MATCH($A52,Backlog[Requirement ID],0))),"",IF(INDEX(Backlog[HLE],MATCH($A52,Backlog[Requirement ID],0))<=5,0.5,IF(INDEX(Backlog[HLE],MATCH($A52,Backlog[Requirement ID],0))<=8,1,IF(INDEX(Backlog[HLE],MATCH($A52,Backlog[Requirement ID],0))<=13,2,IF(INDEX(Backlog[HLE],MATCH($A52,Backlog[Requirement ID],0))<=20,3,5))))),"") -> 5
A53: =Backlog!A53 -> NEW-0315 | B53: =IFERROR(IF(ISBLANK(INDEX(Backlog[Requirement Name],MATCH($A53,Backlog[Requirement ID],0))),"",INDEX(Backlog[Requirement Name],MATCH($A53,Backlog[Requirement ID],0))),"") -> MyMSC CR to handle BKG_001 when booking retrieved | C53: =IFERROR(IF(ISBLANK(INDEX(Backlog[Stream],MATCH($A53,Backlog[Requirement ID],0))),"",INDEX(Backlog[Stream],MATCH($A53,Backlog[Requirement ID],0))),"") -> MyMSC | D53: =IFERROR(IF(ISBLANK(INDEX(Backlog[Jira Link],MATCH($A53,Backlog[Requirement ID],0))),"",INDEX(Backlog[Jira Link],MATCH($A53,Backlog[Requirement ID],0))),"") | E53: =IFERROR(IF(ISBLANK(INDEX(Backlog[Status],MATCH($A53,Backlog[Requirement ID],0))),"",INDEX(Backlog[Status],MATCH($A53,Backlog[Requirement ID],0))),"") -> NEW | F53: =IFERROR(IF(ISBLANK(INDEX(SprintPlanning[Sprint],MATCH($A53,SprintPlanning[Requirement ID],0))),"",INDEX(SprintPlanning[Sprint],MATCH($A53,SprintPlanning[Requirement ID],0))),"") -> To Plan | J53: =IFERROR(IF(ISBLANK(INDEX(Backlog[Priority],MATCH($A53,Backlog[Requirement ID],0))),"",INDEX(Backlog[Priority],MATCH($A53,Backlog[Requirement ID],0))),"") -> Medium | K53: Pending Solution | L53: =IFERROR(IF(ISBLANK(INDEX(Backlog[HLE],MATCH($A53,Backlog[Requirement ID],0))),"",IF(INDEX(Backlog[HLE],MATCH($A53,Backlog[Requirement ID],0))<=5,0.5,IF(INDEX(Backlog[HLE],MATCH($A53,Backlog[Requirement ID],0))<=8,1,IF(INDEX(Backlog[HLE],MATCH($A53,Backlog[Requirement ID],0))<=13,2,IF(INDEX(Backlog[HLE],MATCH($A53,Backlog[Requirement ID],0))<=20,3,5))))),"") -> 1
A54: =Backlog!A54 -> NEW-0322 | B54: =IFERROR(IF(ISBLANK(INDEX(Backlog[Requirement Name],MATCH($A54,Backlog[Requirement ID],0))),"",INDEX(Backlog[Requirement Name],MATCH($A54,Backlog[Requirement ID],0))),"") -> MyMSC/MA CR for enabling DEM links to light login | C54: =IFERROR(IF(ISBLANK(INDEX(Backlog[Stream],MATCH($A54,Backlog[Requirement ID],0))),"",INDEX(Backlog[Stream],MATCH($A54,Backlog[Requirement ID],0))),"") -> MyMSC | D54: =IFERROR(IF(ISBLANK(INDEX(Backlog[Jira Link],MATCH($A54,Backlog[Requirement ID],0))),"",INDEX(Backlog[Jira Link],MATCH($A54,Backlog[Requirement ID],0))),"") | E54: =IFERROR(IF(ISBLANK(INDEX(Backlog[Status],MATCH($A54,Backlog[Requirement ID],0))),"",INDEX(Backlog[Status],MATCH($A54,Backlog[Requirement ID],0))),"") -> NEW | F54: =IFERROR(IF(ISBLANK(INDEX(SprintPlanning[Sprint],MATCH($A54,SprintPlanning[Requirement ID],0))),"",INDEX(SprintPlanning[Sprint],MATCH($A54,SprintPlanning[Requirement ID],0))),"") -> To Plan | J54: =IFERROR(IF(ISBLANK(INDEX(Backlog[Priority],MATCH($A54,Backlog[Requirement ID],0))),"",INDEX(Backlog[Priority],MATCH($A54,Backlog[Requirement ID],0))),"") -> Medium | K54: Pending Design | L54: =IFERROR(IF(ISBLANK(INDEX(Backlog[HLE],MATCH($A54,Backlog[Requirement ID],0))),"",IF(INDEX(Backlog[HLE],MATCH($A54,Backlog[Requirement ID],0))<=5,0.5,IF(INDEX(Backlog[HLE],MATCH($A54,Backlog[Requirement ID],0))<=8,1,IF(INDEX(Backlog[HLE],MATCH($A54,Backlog[Requirement ID],0))<=13,2,IF(INDEX(Backlog[HLE],MATCH($A54,Backlog[Requirement ID],0))<=20,3,5))))),"") -> 2
A55: =Backlog!A55 -> NEW-0324 | B55: =IFERROR(IF(ISBLANK(INDEX(Backlog[Requirement Name],MATCH($A55,Backlog[Requirement ID],0))),"",INDEX(Backlog[Requirement Name],MATCH($A55,Backlog[Requirement ID],0))),"") -> MSC- MyMSC PRE_CRM_002 error scenario change CR to additem | C55: =IFERROR(IF(ISBLANK(INDEX(Backlog[Stream],MATCH($A55,Backlog[Requirement ID],0))),"",INDEX(Backlog[Stream],MATCH($A55,Backlog[Requirement ID],0))),"") -> MyMSC | D55: =IFERROR(IF(ISBLANK(INDEX(Backlog[Jira Link],MATCH($A55,Backlog[Requirement ID],0))),"",INDEX(Backlog[Jira Link],MATCH($A55,Backlog[Requirement ID],0))),"") | E55: =IFERROR(IF(ISBLANK(INDEX(Backlog[Status],MATCH($A55,Backlog[Requirement ID],0))),"",INDEX(Backlog[Status],MATCH($A55,Backlog[Requirement ID],0))),"") -> NEW | F55: =IFERROR(IF(ISBLANK(INDEX(SprintPlanning[Sprint],MATCH($A55,SprintPlanning[Requirement ID],0))),"",INDEX(SprintPlanning[Sprint],MATCH($A55,SprintPlanning[Requirement ID],0))),"") -> To Plan | J55: =IFERROR(IF(ISBLANK(INDEX(Backlog[Priority],MATCH($A55,Backlog[Requirement ID],0))),"",INDEX(Backlog[Priority],MATCH($A55,Backlog[Requirement ID],0))),"") -> Medium | K55: Pending Solution | L55: =IFERROR(IF(ISBLANK(INDEX(Backlog[HLE],MATCH($A55,Backlog[Requirement ID],0))),"",IF(INDEX(Backlog[HLE],MATCH($A55,Backlog[Requirement ID],0))<=5,0.5,IF(INDEX(Backlog[HLE],MATCH($A55,Backlog[Requirement ID],0))<=8,1,IF(INDEX(Backlog[HLE],MATCH($A55,Backlog[Requirement ID],0))<=13,2,IF(INDEX(Backlog[HLE],MATCH($A55,Backlog[Requirement ID],0))<=20,3,5))))),"")
A56: =Backlog!A56 -> NEW-0343 | B56: =IFERROR(IF(ISBLANK(INDEX(Backlog[Requirement Name],MATCH($A56,Backlog[Requirement ID],0))),"",INDEX(Backlog[Requirement Name],MATCH($A56,Backlog[Requirement ID],0))),"") -> CDP / DTS Post Booking - CR - Passenger name filter | C56: =IFERROR(IF(ISBLANK(INDEX(Backlog[Stream],MATCH($A56,Backlog[Requirement ID],0))),"",INDEX(Backlog[Stream],MATCH($A56,Backlog[Requirement ID],0))),"") -> Backlog | D56: =IFERROR(IF(ISBLANK(INDEX(Backlog[Jira Link],MATCH($A56,Backlog[Requirement ID],0))),"",INDEX(Backlog[Jira Link],MATCH($A56,Backlog[Requirement ID],0))),"") | E56: =IFERROR(IF(ISBLANK(INDEX(Backlog[Status],MATCH($A56,Backlog[Requirement ID],0))),"",INDEX(Backlog[Status],MATCH($A56,Backlog[Requirement ID],0))),"") -> ON HOLD | F56: =IFERROR(IF(ISBLANK(INDEX(SprintPlanning[Sprint],MATCH($A56,SprintPlanning[Requirement ID],0))),"",INDEX(SprintPlanning[Sprint],MATCH($A56,SprintPlanning[Requirement ID],0))),"") -> To Plan | J56: =IFERROR(IF(ISBLANK(INDEX(Backlog[Priority],MATCH($A56,Backlog[Requirement ID],0))),"",INDEX(Backlog[Priority],MATCH($A56,Backlog[Requirement ID],0))),"") -> Medium | L56: =IFERROR(IF(ISBLANK(INDEX(Backlog[HLE],MATCH($A56,Backlog[Requirement ID],0))),"",IF(INDEX(Backlog[HLE],MATCH($A56,Backlog[Requirement ID],0))<=5,0.5,IF(INDEX(Backlog[HLE],MATCH($A56,Backlog[Requirement ID],0))<=8,1,IF(INDEX(Backlog[HLE],MATCH($A56,Backlog[Requirement ID],0))<=13,2,IF(INDEX(Backlog[HLE],MATCH($A56,Backlog[Requirement ID],0))<=20,3,5))))),"")
A57: =Backlog!A57 -> NEW-0344 | B57: =IFERROR(IF(ISBLANK(INDEX(Backlog[Requirement Name],MATCH($A57,Backlog[Requirement ID],0))),"",INDEX(Backlog[Requirement Name],MATCH($A57,Backlog[Requirement ID],0))),"") -> CDP / DTS Post Booking - CR - INT024.1 Improve data quality handling and optimise customer search | C57: =IFERROR(IF(ISBLANK(INDEX(Backlog[Stream],MATCH($A57,Backlog[Requirement ID],0))),"",INDEX(Backlog[Stream],MATCH($A57,Backlog[Requirement ID],0))),"") -> Backlog | D57: =IFERROR(IF(ISBLANK(INDEX(Backlog[Jira Link],MATCH($A57,Backlog[Requirement ID],0))),"",INDEX(Backlog[Jira Link],MATCH($A57,Backlog[Requirement ID],0))),"") | E57: =IFERROR(IF(ISBLANK(INDEX(Backlog[Status],MATCH($A57,Backlog[Requirement ID],0))),"",INDEX(Backlog[Status],MATCH($A57,Backlog[Requirement ID],0))),"") -> NEW | F57: =IFERROR(IF(ISBLANK(INDEX(SprintPlanning[Sprint],MATCH($A57,SprintPlanning[Requirement ID],0))),"",INDEX(SprintPlanning[Sprint],MATCH($A57,SprintPlanning[Requirement ID],0))),"") -> To Plan | J57: =IFERROR(IF(ISBLANK(INDEX(Backlog[Priority],MATCH($A57,Backlog[Requirement ID],0))),"",INDEX(Backlog[Priority],MATCH($A57,Backlog[Requirement ID],0))),"") -> Medium | K57: Pending Solution | L57: =IFERROR(IF(ISBLANK(INDEX(Backlog[HLE],MATCH($A57,Backlog[Requirement ID],0))),"",IF(INDEX(Backlog[HLE],MATCH($A57,Backlog[Requirement ID],0))<=5,0.5,IF(INDEX(Backlog[HLE],MATCH($A57,Backlog[Requirement ID],0))<=8,1,IF(INDEX(Backlog[HLE],MATCH($A57,Backlog[Requirement ID],0))<=13,2,IF(INDEX(Backlog[HLE],MATCH($A57,Backlog[Requirement ID],0))<=20,3,5))))),"")
A58: =Backlog!A58 -> NEW-0345 | B58: =IFERROR(IF(ISBLANK(INDEX(Backlog[Requirement Name],MATCH($A58,Backlog[Requirement ID],0))),"",INDEX(Backlog[Requirement Name],MATCH($A58,Backlog[Requirement ID],0))),"") -> CDP / DTS Post Booking - CR - INT024.1 Long term Improved data quality handling | C58: =IFERROR(IF(ISBLANK(INDEX(Backlog[Stream],MATCH($A58,Backlog[Requirement ID],0))),"",INDEX(Backlog[Stream],MATCH($A58,Backlog[Requirement ID],0))),"") -> Backlog | D58: =IFERROR(IF(ISBLANK(INDEX(Backlog[Jira Link],MATCH($A58,Backlog[Requirement ID],0))),"",INDEX(Backlog[Jira Link],MATCH($A58,Backlog[Requirement ID],0))),"") | E58: =IFERROR(IF(ISBLANK(INDEX(Backlog[Status],MATCH($A58,Backlog[Requirement ID],0))),"",INDEX(Backlog[Status],MATCH($A58,Backlog[Requirement ID],0))),"") -> NEW | F58: =IFERROR(IF(ISBLANK(INDEX(SprintPlanning[Sprint],MATCH($A58,SprintPlanning[Requirement ID],0))),"",INDEX(SprintPlanning[Sprint],MATCH($A58,SprintPlanning[Requirement ID],0))),"") -> To Plan | J58: =IFERROR(IF(ISBLANK(INDEX(Backlog[Priority],MATCH($A58,Backlog[Requirement ID],0))),"",INDEX(Backlog[Priority],MATCH($A58,Backlog[Requirement ID],0))),"") -> Medium | K58: Pending Solution | L58: =IFERROR(IF(ISBLANK(INDEX(Backlog[HLE],MATCH($A58,Backlog[Requirement ID],0))),"",IF(INDEX(Backlog[HLE],MATCH($A58,Backlog[Requirement ID],0))<=5,0.5,IF(INDEX(Backlog[HLE],MATCH($A58,Backlog[Requirement ID],0))<=8,1,IF(INDEX(Backlog[HLE],MATCH($A58,Backlog[Requirement ID],0))<=13,2,IF(INDEX(Backlog[HLE],MATCH($A58,Backlog[Requirement ID],0))<=20,3,5))))),"")
A59: =Backlog!A59 -> NEW-0346 | B59: =IFERROR(IF(ISBLANK(INDEX(Backlog[Requirement Name],MATCH($A59,Backlog[Requirement ID],0))),"",INDEX(Backlog[Requirement Name],MATCH($A59,Backlog[Requirement ID],0))),"") -> CR - Improved data quality handling optimise customer search page size across other integrations | C59: =IFERROR(IF(ISBLANK(INDEX(Backlog[Stream],MATCH($A59,Backlog[Requirement ID],0))),"",INDEX(Backlog[Stream],MATCH($A59,Backlog[Requirement ID],0))),"") -> Backlog | D59: =IFERROR(IF(ISBLANK(INDEX(Backlog[Jira Link],MATCH($A59,Backlog[Requirement ID],0))),"",INDEX(Backlog[Jira Link],MATCH($A59,Backlog[Requirement ID],0))),"") | E59: =IFERROR(IF(ISBLANK(INDEX(Backlog[Status],MATCH($A59,Backlog[Requirement ID],0))),"",INDEX(Backlog[Status],MATCH($A59,Backlog[Requirement ID],0))),"") -> NEW | F59: =IFERROR(IF(ISBLANK(INDEX(SprintPlanning[Sprint],MATCH($A59,SprintPlanning[Requirement ID],0))),"",INDEX(SprintPlanning[Sprint],MATCH($A59,SprintPlanning[Requirement ID],0))),"") -> To Plan | J59: =IFERROR(IF(ISBLANK(INDEX(Backlog[Priority],MATCH($A59,Backlog[Requirement ID],0))),"",INDEX(Backlog[Priority],MATCH($A59,Backlog[Requirement ID],0))),"") -> Medium | K59: Pending Solution | L59: =IFERROR(IF(ISBLANK(INDEX(Backlog[HLE],MATCH($A59,Backlog[Requirement ID],0))),"",IF(INDEX(Backlog[HLE],MATCH($A59,Backlog[Requirement ID],0))<=5,0.5,IF(INDEX(Backlog[HLE],MATCH($A59,Backlog[Requirement ID],0))<=8,1,IF(INDEX(Backlog[HLE],MATCH($A59,Backlog[Requirement ID],0))<=13,2,IF(INDEX(Backlog[HLE],MATCH($A59,Backlog[Requirement ID],0))<=20,3,5))))),"")
A60: =Backlog!A60 -> NEW-0356 | B60: =IFERROR(IF(ISBLANK(INDEX(Backlog[Requirement Name],MATCH($A60,Backlog[Requirement ID],0))),"",INDEX(Backlog[Requirement Name],MATCH($A60,Backlog[Requirement ID],0))),"") -> MED Insurance - Do not sell any insurance if CoR differ across pax | C60: =IFERROR(IF(ISBLANK(INDEX(Backlog[Stream],MATCH($A60,Backlog[Requirement ID],0))),"",INDEX(Backlog[Stream],MATCH($A60,Backlog[Requirement ID],0))),"") -> Growth | D60: =IFERROR(IF(ISBLANK(INDEX(Backlog[Jira Link],MATCH($A60,Backlog[Requirement ID],0))),"",INDEX(Backlog[Jira Link],MATCH($A60,Backlog[Requirement ID],0))),"") | E60: =IFERROR(IF(ISBLANK(INDEX(Backlog[Status],MATCH($A60,Backlog[Requirement ID],0))),"",INDEX(Backlog[Status],MATCH($A60,Backlog[Requirement ID],0))),"") -> ON HOLD | F60: =IFERROR(IF(ISBLANK(INDEX(SprintPlanning[Sprint],MATCH($A60,SprintPlanning[Requirement ID],0))),"",INDEX(SprintPlanning[Sprint],MATCH($A60,SprintPlanning[Requirement ID],0))),"") -> To Plan | J60: =IFERROR(IF(ISBLANK(INDEX(Backlog[Priority],MATCH($A60,Backlog[Requirement ID],0))),"",INDEX(Backlog[Priority],MATCH($A60,Backlog[Requirement ID],0))),"") -> Medium | L60: =IFERROR(IF(ISBLANK(INDEX(Backlog[HLE],MATCH($A60,Backlog[Requirement ID],0))),"",IF(INDEX(Backlog[HLE],MATCH($A60,Backlog[Requirement ID],0))<=5,0.5,IF(INDEX(Backlog[HLE],MATCH($A60,Backlog[Requirement ID],0))<=8,1,IF(INDEX(Backlog[HLE],MATCH($A60,Backlog[Requirement ID],0))<=13,2,IF(INDEX(Backlog[HLE],MATCH($A60,Backlog[Requirement ID],0))<=20,3,5))))),"") -> 1
A61: =Backlog!A61 -> NEW-0358 | B61: =IFERROR(IF(ISBLANK(INDEX(Backlog[Requirement Name],MATCH($A61,Backlog[Requirement ID],0))),"",INDEX(Backlog[Requirement Name],MATCH($A61,Backlog[Requirement ID],0))),"") -> CMS Configuration for Airports in B2CW Booking Funnel | C61: =IFERROR(IF(ISBLANK(INDEX(Backlog[Stream],MATCH($A61,Backlog[Requirement ID],0))),"",INDEX(Backlog[Stream],MATCH($A61,Backlog[Requirement ID],0))),"") -> Growth | D61: =IFERROR(IF(ISBLANK(INDEX(Backlog[Jira Link],MATCH($A61,Backlog[Requirement ID],0))),"",INDEX(Backlog[Jira Link],MATCH($A61,Backlog[Requirement ID],0))),"") | E61: =IFERROR(IF(ISBLANK(INDEX(Backlog[Status],MATCH($A61,Backlog[Requirement ID],0))),"",INDEX(Backlog[Status],MATCH($A61,Backlog[Requirement ID],0))),"") -> ON HOLD | F61: =IFERROR(IF(ISBLANK(INDEX(SprintPlanning[Sprint],MATCH($A61,SprintPlanning[Requirement ID],0))),"",INDEX(SprintPlanning[Sprint],MATCH($A61,SprintPlanning[Requirement ID],0))),"") -> To Plan | J61: =IFERROR(IF(ISBLANK(INDEX(Backlog[Priority],MATCH($A61,Backlog[Requirement ID],0))),"",INDEX(Backlog[Priority],MATCH($A61,Backlog[Requirement ID],0))),"") -> Medium | L61: =IFERROR(IF(ISBLANK(INDEX(Backlog[HLE],MATCH($A61,Backlog[Requirement ID],0))),"",IF(INDEX(Backlog[HLE],MATCH($A61,Backlog[Requirement ID],0))<=5,0.5,IF(INDEX(Backlog[HLE],MATCH($A61,Backlog[Requirement ID],0))<=8,1,IF(INDEX(Backlog[HLE],MATCH($A61,Backlog[Requirement ID],0))<=13,2,IF(INDEX(Backlog[HLE],MATCH($A61,Backlog[Requirement ID],0))<=20,3,5))))),"")
A62: =Backlog!A62 -> NEW-0360 | B62: =IFERROR(IF(ISBLANK(INDEX(Backlog[Requirement Name],MATCH($A62,Backlog[Requirement ID],0))),"",INDEX(Backlog[Requirement Name],MATCH($A62,Backlog[Requirement ID],0))),"") -> Paypal Reconciliation for prepaid | C62: =IFERROR(IF(ISBLANK(INDEX(Backlog[Stream],MATCH($A62,Backlog[Requirement ID],0))),"",INDEX(Backlog[Stream],MATCH($A62,Backlog[Requirement ID],0))),"") -> Growth | D62: =IFERROR(IF(ISBLANK(INDEX(Backlog[Jira Link],MATCH($A62,Backlog[Requirement ID],0))),"",INDEX(Backlog[Jira Link],MATCH($A62,Backlog[Requirement ID],0))),"") | E62: =IFERROR(IF(ISBLANK(INDEX(Backlog[Status],MATCH($A62,Backlog[Requirement ID],0))),"",INDEX(Backlog[Status],MATCH($A62,Backlog[Requirement ID],0))),"") -> NEW | F62: =IFERROR(IF(ISBLANK(INDEX(SprintPlanning[Sprint],MATCH($A62,SprintPlanning[Requirement ID],0))),"",INDEX(SprintPlanning[Sprint],MATCH($A62,SprintPlanning[Requirement ID],0))),"") -> To Plan | J62: =IFERROR(IF(ISBLANK(INDEX(Backlog[Priority],MATCH($A62,Backlog[Requirement ID],0))),"",INDEX(Backlog[Priority],MATCH($A62,Backlog[Requirement ID],0))),"") -> Medium | K62: Pending Solution | L62: =IFERROR(IF(ISBLANK(INDEX(Backlog[HLE],MATCH($A62,Backlog[Requirement ID],0))),"",IF(INDEX(Backlog[HLE],MATCH($A62,Backlog[Requirement ID],0))<=5,0.5,IF(INDEX(Backlog[HLE],MATCH($A62,Backlog[Requirement ID],0))<=8,1,IF(INDEX(Backlog[HLE],MATCH($A62,Backlog[Requirement ID],0))<=13,2,IF(INDEX(Backlog[HLE],MATCH($A62,Backlog[Requirement ID],0))<=20,3,5))))),"") -> 0.5
A63: =Backlog!A63 -> NEW-0361 | B63: =IFERROR(IF(ISBLANK(INDEX(Backlog[Requirement Name],MATCH($A63,Backlog[Requirement ID],0))),"",INDEX(Backlog[Requirement Name],MATCH($A63,Backlog[Requirement ID],0))),"") -> US - adding of fields to Hold option orchestration in call to AJO -cabincode, embarkation date, cruise area | C63: =IFERROR(IF(ISBLANK(INDEX(Backlog[Stream],MATCH($A63,Backlog[Requirement ID],0))),"",INDEX(Backlog[Stream],MATCH($A63,Backlog[Requirement ID],0))),"") -> Growth | D63: =IFERROR(IF(ISBLANK(INDEX(Backlog[Jira Link],MATCH($A63,Backlog[Requirement ID],0))),"",INDEX(Backlog[Jira Link],MATCH($A63,Backlog[Requirement ID],0))),"") | E63: =IFERROR(IF(ISBLANK(INDEX(Backlog[Status],MATCH($A63,Backlog[Requirement ID],0))),"",INDEX(Backlog[Status],MATCH($A63,Backlog[Requirement ID],0))),"") -> NEW | F63: =IFERROR(IF(ISBLANK(INDEX(SprintPlanning[Sprint],MATCH($A63,SprintPlanning[Requirement ID],0))),"",INDEX(SprintPlanning[Sprint],MATCH($A63,SprintPlanning[Requirement ID],0))),"") -> To Plan | J63: =IFERROR(IF(ISBLANK(INDEX(Backlog[Priority],MATCH($A63,Backlog[Requirement ID],0))),"",INDEX(Backlog[Priority],MATCH($A63,Backlog[Requirement ID],0))),"") -> Medium | K63: Pending Solution | L63: =IFERROR(IF(ISBLANK(INDEX(Backlog[HLE],MATCH($A63,Backlog[Requirement ID],0))),"",IF(INDEX(Backlog[HLE],MATCH($A63,Backlog[Requirement ID],0))<=5,0.5,IF(INDEX(Backlog[HLE],MATCH($A63,Backlog[Requirement ID],0))<=8,1,IF(INDEX(Backlog[HLE],MATCH($A63,Backlog[Requirement ID],0))<=13,2,IF(INDEX(Backlog[HLE],MATCH($A63,Backlog[Requirement ID],0))<=20,3,5))))),"")
A64: =Backlog!A64 -> NEW-0362 | B64: =IFERROR(IF(ISBLANK(INDEX(Backlog[Requirement Name],MATCH($A64,Backlog[Requirement ID],0))),"",INDEX(Backlog[Requirement Name],MATCH($A64,Backlog[Requirement ID],0))),"") -> US - Known and Unknown management analysis for US (CDP/AJO) | C64: =IFERROR(IF(ISBLANK(INDEX(Backlog[Stream],MATCH($A64,Backlog[Requirement ID],0))),"",INDEX(Backlog[Stream],MATCH($A64,Backlog[Requirement ID],0))),"") -> Growth | D64: =IFERROR(IF(ISBLANK(INDEX(Backlog[Jira Link],MATCH($A64,Backlog[Requirement ID],0))),"",INDEX(Backlog[Jira Link],MATCH($A64,Backlog[Requirement ID],0))),"") | E64: =IFERROR(IF(ISBLANK(INDEX(Backlog[Status],MATCH($A64,Backlog[Requirement ID],0))),"",INDEX(Backlog[Status],MATCH($A64,Backlog[Requirement ID],0))),"") -> NEW | F64: =IFERROR(IF(ISBLANK(INDEX(SprintPlanning[Sprint],MATCH($A64,SprintPlanning[Requirement ID],0))),"",INDEX(SprintPlanning[Sprint],MATCH($A64,SprintPlanning[Requirement ID],0))),"") -> To Plan | J64: =IFERROR(IF(ISBLANK(INDEX(Backlog[Priority],MATCH($A64,Backlog[Requirement ID],0))),"",INDEX(Backlog[Priority],MATCH($A64,Backlog[Requirement ID],0))),"") -> Medium | K64: Pending Solution | L64: =IFERROR(IF(ISBLANK(INDEX(Backlog[HLE],MATCH($A64,Backlog[Requirement ID],0))),"",IF(INDEX(Backlog[HLE],MATCH($A64,Backlog[Requirement ID],0))<=5,0.5,IF(INDEX(Backlog[HLE],MATCH($A64,Backlog[Requirement ID],0))<=8,1,IF(INDEX(Backlog[HLE],MATCH($A64,Backlog[Requirement ID],0))<=13,2,IF(INDEX(Backlog[HLE],MATCH($A64,Backlog[Requirement ID],0))<=20,3,5))))),"")
A65: =Backlog!A65 -> NEW-0363 | B65: =IFERROR(IF(ISBLANK(INDEX(Backlog[Requirement Name],MATCH($A65,Backlog[Requirement ID],0))),"",INDEX(Backlog[Requirement Name],MATCH($A65,Backlog[Requirement ID],0))),"") -> US - Outbound Leads - Light Login for Leads Moving Option Expiring | C65: =IFERROR(IF(ISBLANK(INDEX(Backlog[Stream],MATCH($A65,Backlog[Requirement ID],0))),"",INDEX(Backlog[Stream],MATCH($A65,Backlog[Requirement ID],0))),"") -> Growth | D65: =IFERROR(IF(ISBLANK(INDEX(Backlog[Jira Link],MATCH($A65,Backlog[Requirement ID],0))),"",INDEX(Backlog[Jira Link],MATCH($A65,Backlog[Requirement ID],0))),"") | E65: =IFERROR(IF(ISBLANK(INDEX(Backlog[Status],MATCH($A65,Backlog[Requirement ID],0))),"",INDEX(Backlog[Status],MATCH($A65,Backlog[Requirement ID],0))),"") -> NEW | F65: =IFERROR(IF(ISBLANK(INDEX(SprintPlanning[Sprint],MATCH($A65,SprintPlanning[Requirement ID],0))),"",INDEX(SprintPlanning[Sprint],MATCH($A65,SprintPlanning[Requirement ID],0))),"") -> To Plan | J65: =IFERROR(IF(ISBLANK(INDEX(Backlog[Priority],MATCH($A65,Backlog[Requirement ID],0))),"",INDEX(Backlog[Priority],MATCH($A65,Backlog[Requirement ID],0))),"") -> Medium | L65: =IFERROR(IF(ISBLANK(INDEX(Backlog[HLE],MATCH($A65,Backlog[Requirement ID],0))),"",IF(INDEX(Backlog[HLE],MATCH($A65,Backlog[Requirement ID],0))<=5,0.5,IF(INDEX(Backlog[HLE],MATCH($A65,Backlog[Requirement ID],0))<=8,1,IF(INDEX(Backlog[HLE],MATCH($A65,Backlog[Requirement ID],0))<=13,2,IF(INDEX(Backlog[HLE],MATCH($A65,Backlog[Requirement ID],0))<=20,3,5))))),"")
A66: =Backlog!A66 -> NEW-0364 | B66: =IFERROR(IF(ISBLANK(INDEX(Backlog[Requirement Name],MATCH($A66,Backlog[Requirement ID],0))),"",INDEX(Backlog[Requirement Name],MATCH($A66,Backlog[Requirement ID],0))),"") -> B2CW Booking Funnel - TRF and Pricing Structure Assessment – ESP Market | C66: =IFERROR(IF(ISBLANK(INDEX(Backlog[Stream],MATCH($A66,Backlog[Requirement ID],0))),"",INDEX(Backlog[Stream],MATCH($A66,Backlog[Requirement ID],0))),"") -> Growth | D66: =IFERROR(IF(ISBLANK(INDEX(Backlog[Jira Link],MATCH($A66,Backlog[Requirement ID],0))),"",INDEX(Backlog[Jira Link],MATCH($A66,Backlog[Requirement ID],0))),"") | E66: =IFERROR(IF(ISBLANK(INDEX(Backlog[Status],MATCH($A66,Backlog[Requirement ID],0))),"",INDEX(Backlog[Status],MATCH($A66,Backlog[Requirement ID],0))),"") -> NEW | F66: =IFERROR(IF(ISBLANK(INDEX(SprintPlanning[Sprint],MATCH($A66,SprintPlanning[Requirement ID],0))),"",INDEX(SprintPlanning[Sprint],MATCH($A66,SprintPlanning[Requirement ID],0))),"") -> To Plan | J66: =IFERROR(IF(ISBLANK(INDEX(Backlog[Priority],MATCH($A66,Backlog[Requirement ID],0))),"",INDEX(Backlog[Priority],MATCH($A66,Backlog[Requirement ID],0))),"") -> Medium | L66: =IFERROR(IF(ISBLANK(INDEX(Backlog[HLE],MATCH($A66,Backlog[Requirement ID],0))),"",IF(INDEX(Backlog[HLE],MATCH($A66,Backlog[Requirement ID],0))<=5,0.5,IF(INDEX(Backlog[HLE],MATCH($A66,Backlog[Requirement ID],0))<=8,1,IF(INDEX(Backlog[HLE],MATCH($A66,Backlog[Requirement ID],0))<=13,2,IF(INDEX(Backlog[HLE],MATCH($A66,Backlog[Requirement ID],0))<=20,3,5))))),"")
A67: =Backlog!A67 -> NEW-0366 | B67: =IFERROR(IF(ISBLANK(INDEX(Backlog[Requirement Name],MATCH($A67,Backlog[Requirement ID],0))),"",INDEX(Backlog[Requirement Name],MATCH($A67,Backlog[Requirement ID],0))),"") -> B2CW Accessibility & Medical Webform Business Rules for booking | C67: =IFERROR(IF(ISBLANK(INDEX(Backlog[Stream],MATCH($A67,Backlog[Requirement ID],0))),"",INDEX(Backlog[Stream],MATCH($A67,Backlog[Requirement ID],0))),"") -> Growth | D67: =IFERROR(IF(ISBLANK(INDEX(Backlog[Jira Link],MATCH($A67,Backlog[Requirement ID],0))),"",INDEX(Backlog[Jira Link],MATCH($A67,Backlog[Requirement ID],0))),"") | E67: =IFERROR(IF(ISBLANK(INDEX(Backlog[Status],MATCH($A67,Backlog[Requirement ID],0))),"",INDEX(Backlog[Status],MATCH($A67,Backlog[Requirement ID],0))),"") -> NEW | F67: =IFERROR(IF(ISBLANK(INDEX(SprintPlanning[Sprint],MATCH($A67,SprintPlanning[Requirement ID],0))),"",INDEX(SprintPlanning[Sprint],MATCH($A67,SprintPlanning[Requirement ID],0))),"") -> To Plan | J67: =IFERROR(IF(ISBLANK(INDEX(Backlog[Priority],MATCH($A67,Backlog[Requirement ID],0))),"",INDEX(Backlog[Priority],MATCH($A67,Backlog[Requirement ID],0))),"") -> Medium | K67: Pending Solution | L67: =IFERROR(IF(ISBLANK(INDEX(Backlog[HLE],MATCH($A67,Backlog[Requirement ID],0))),"",IF(INDEX(Backlog[HLE],MATCH($A67,Backlog[Requirement ID],0))<=5,0.5,IF(INDEX(Backlog[HLE],MATCH($A67,Backlog[Requirement ID],0))<=8,1,IF(INDEX(Backlog[HLE],MATCH($A67,Backlog[Requirement ID],0))<=13,2,IF(INDEX(Backlog[HLE],MATCH($A67,Backlog[Requirement ID],0))<=20,3,5))))),"")
A68: =Backlog!A68 -> NEW-0367 | B68: =IFERROR(IF(ISBLANK(INDEX(Backlog[Requirement Name],MATCH($A68,Backlog[Requirement ID],0))),"",INDEX(Backlog[Requirement Name],MATCH($A68,Backlog[Requirement ID],0))),"") -> MyMSC US | Extend JWT expiry | C68: =IFERROR(IF(ISBLANK(INDEX(Backlog[Stream],MATCH($A68,Backlog[Requirement ID],0))),"",INDEX(Backlog[Stream],MATCH($A68,Backlog[Requirement ID],0))),"") -> Growth | D68: =IFERROR(IF(ISBLANK(INDEX(Backlog[Jira Link],MATCH($A68,Backlog[Requirement ID],0))),"",INDEX(Backlog[Jira Link],MATCH($A68,Backlog[Requirement ID],0))),"") | E68: =IFERROR(IF(ISBLANK(INDEX(Backlog[Status],MATCH($A68,Backlog[Requirement ID],0))),"",INDEX(Backlog[Status],MATCH($A68,Backlog[Requirement ID],0))),"") -> NEW | F68: =IFERROR(IF(ISBLANK(INDEX(SprintPlanning[Sprint],MATCH($A68,SprintPlanning[Requirement ID],0))),"",INDEX(SprintPlanning[Sprint],MATCH($A68,SprintPlanning[Requirement ID],0))),"") -> To Plan | J68: =IFERROR(IF(ISBLANK(INDEX(Backlog[Priority],MATCH($A68,Backlog[Requirement ID],0))),"",INDEX(Backlog[Priority],MATCH($A68,Backlog[Requirement ID],0))),"") -> Medium | K68: Pending Solution | L68: =IFERROR(IF(ISBLANK(INDEX(Backlog[HLE],MATCH($A68,Backlog[Requirement ID],0))),"",IF(INDEX(Backlog[HLE],MATCH($A68,Backlog[Requirement ID],0))<=5,0.5,IF(INDEX(Backlog[HLE],MATCH($A68,Backlog[Requirement ID],0))<=8,1,IF(INDEX(Backlog[HLE],MATCH($A68,Backlog[Requirement ID],0))<=13,2,IF(INDEX(Backlog[HLE],MATCH($A68,Backlog[Requirement ID],0))<=20,3,5))))),"") -> 0.5
A69: =Backlog!A69 -> NEW-0370 | B69: =IFERROR(IF(ISBLANK(INDEX(Backlog[Requirement Name],MATCH($A69,Backlog[Requirement ID],0))),"",INDEX(Backlog[Requirement Name],MATCH($A69,Backlog[Requirement ID],0))),"") -> Handling DSC_076 scenario in booking funnel | C69: =IFERROR(IF(ISBLANK(INDEX(Backlog[Stream],MATCH($A69,Backlog[Requirement ID],0))),"",INDEX(Backlog[Stream],MATCH($A69,Backlog[Requirement ID],0))),"") -> Growth | D69: =IFERROR(IF(ISBLANK(INDEX(Backlog[Jira Link],MATCH($A69,Backlog[Requirement ID],0))),"",INDEX(Backlog[Jira Link],MATCH($A69,Backlog[Requirement ID],0))),"") | E69: =IFERROR(IF(ISBLANK(INDEX(Backlog[Status],MATCH($A69,Backlog[Requirement ID],0))),"",INDEX(Backlog[Status],MATCH($A69,Backlog[Requirement ID],0))),"") | F69: =IFERROR(IF(ISBLANK(INDEX(SprintPlanning[Sprint],MATCH($A69,SprintPlanning[Requirement ID],0))),"",INDEX(SprintPlanning[Sprint],MATCH($A69,SprintPlanning[Requirement ID],0))),"") -> To Plan | J69: =IFERROR(IF(ISBLANK(INDEX(Backlog[Priority],MATCH($A69,Backlog[Requirement ID],0))),"",INDEX(Backlog[Priority],MATCH($A69,Backlog[Requirement ID],0))),"") -> Medium | L69: =IFERROR(IF(ISBLANK(INDEX(Backlog[HLE],MATCH($A69,Backlog[Requirement ID],0))),"",IF(INDEX(Backlog[HLE],MATCH($A69,Backlog[Requirement ID],0))<=5,0.5,IF(INDEX(Backlog[HLE],MATCH($A69,Backlog[Requirement ID],0))<=8,1,IF(INDEX(Backlog[HLE],MATCH($A69,Backlog[Requirement ID],0))<=13,2,IF(INDEX(Backlog[HLE],MATCH($A69,Backlog[Requirement ID],0))<=20,3,5))))),"")
A70: =Backlog!A70 -> NEW-0371 | B70: =IFERROR(IF(ISBLANK(INDEX(Backlog[Requirement Name],MATCH($A70,Backlog[Requirement ID],0))),"",INDEX(Backlog[Requirement Name],MATCH($A70,Backlog[Requirement ID],0))),"") -> B2CW Prospect Onsite Quotation | C70: =IFERROR(IF(ISBLANK(INDEX(Backlog[Stream],MATCH($A70,Backlog[Requirement ID],0))),"",INDEX(Backlog[Stream],MATCH($A70,Backlog[Requirement ID],0))),"") -> Growth | D70: =IFERROR(IF(ISBLANK(INDEX(Backlog[Jira Link],MATCH($A70,Backlog[Requirement ID],0))),"",INDEX(Backlog[Jira Link],MATCH($A70,Backlog[Requirement ID],0))),"") | E70: =IFERROR(IF(ISBLANK(INDEX(Backlog[Status],MATCH($A70,Backlog[Requirement ID],0))),"",INDEX(Backlog[Status],MATCH($A70,Backlog[Requirement ID],0))),"") -> NEW | F70: =IFERROR(IF(ISBLANK(INDEX(SprintPlanning[Sprint],MATCH($A70,SprintPlanning[Requirement ID],0))),"",INDEX(SprintPlanning[Sprint],MATCH($A70,SprintPlanning[Requirement ID],0))),"") -> To Plan | J70: =IFERROR(IF(ISBLANK(INDEX(Backlog[Priority],MATCH($A70,Backlog[Requirement ID],0))),"",INDEX(Backlog[Priority],MATCH($A70,Backlog[Requirement ID],0))),"") -> Medium | K70: Pending Solution | L70: =IFERROR(IF(ISBLANK(INDEX(Backlog[HLE],MATCH($A70,Backlog[Requirement ID],0))),"",IF(INDEX(Backlog[HLE],MATCH($A70,Backlog[Requirement ID],0))<=5,0.5,IF(INDEX(Backlog[HLE],MATCH($A70,Backlog[Requirement ID],0))<=8,1,IF(INDEX(Backlog[HLE],MATCH($A70,Backlog[Requirement ID],0))<=13,2,IF(INDEX(Backlog[HLE],MATCH($A70,Backlog[Requirement ID],0))<=20,3,5))))),"") -> 0.5
A71: =Backlog!A71 -> NEW-0373 | B71: =IFERROR(IF(ISBLANK(INDEX(Backlog[Requirement Name],MATCH($A71,Backlog[Requirement ID],0))),"",INDEX(Backlog[Requirement Name],MATCH($A71,Backlog[Requirement ID],0))),"") -> Booking Funnel - AI Optimisation | C71: =IFERROR(IF(ISBLANK(INDEX(Backlog[Stream],MATCH($A71,Backlog[Requirement ID],0))),"",INDEX(Backlog[Stream],MATCH($A71,Backlog[Requirement ID],0))),"") -> Backlog / Tech Enh | D71: =IFERROR(IF(ISBLANK(INDEX(Backlog[Jira Link],MATCH($A71,Backlog[Requirement ID],0))),"",INDEX(Backlog[Jira Link],MATCH($A71,Backlog[Requirement ID],0))),"") | E71: =IFERROR(IF(ISBLANK(INDEX(Backlog[Status],MATCH($A71,Backlog[Requirement ID],0))),"",INDEX(Backlog[Status],MATCH($A71,Backlog[Requirement ID],0))),"") -> NEW | F71: =IFERROR(IF(ISBLANK(INDEX(SprintPlanning[Sprint],MATCH($A71,SprintPlanning[Requirement ID],0))),"",INDEX(SprintPlanning[Sprint],MATCH($A71,SprintPlanning[Requirement ID],0))),"") -> To Plan | J71: =IFERROR(IF(ISBLANK(INDEX(Backlog[Priority],MATCH($A71,Backlog[Requirement ID],0))),"",INDEX(Backlog[Priority],MATCH($A71,Backlog[Requirement ID],0))),"") -> Medium | K71: Ready for Development | L71: =IFERROR(IF(ISBLANK(INDEX(Backlog[HLE],MATCH($A71,Backlog[Requirement ID],0))),"",IF(INDEX(Backlog[HLE],MATCH($A71,Backlog[Requirement ID],0))<=5,0.5,IF(INDEX(Backlog[HLE],MATCH($A71,Backlog[Requirement ID],0))<=8,1,IF(INDEX(Backlog[HLE],MATCH($A71,Backlog[Requirement ID],0))<=13,2,IF(INDEX(Backlog[HLE],MATCH($A71,Backlog[Requirement ID],0))<=20,3,5))))),"")
A72: =Backlog!A72 -> NEW-0375 | B72: =IFERROR(IF(ISBLANK(INDEX(Backlog[Requirement Name],MATCH($A72,Backlog[Requirement ID],0))),"",INDEX(Backlog[Requirement Name],MATCH($A72,Backlog[Requirement ID],0))),"") -> Booking Funnel - OTEL | C72: =IFERROR(IF(ISBLANK(INDEX(Backlog[Stream],MATCH($A72,Backlog[Requirement ID],0))),"",INDEX(Backlog[Stream],MATCH($A72,Backlog[Requirement ID],0))),"") -> Backlog / Tech Enh | D72: =IFERROR(IF(ISBLANK(INDEX(Backlog[Jira Link],MATCH($A72,Backlog[Requirement ID],0))),"",INDEX(Backlog[Jira Link],MATCH($A72,Backlog[Requirement ID],0))),"") | E72: =IFERROR(IF(ISBLANK(INDEX(Backlog[Status],MATCH($A72,Backlog[Requirement ID],0))),"",INDEX(Backlog[Status],MATCH($A72,Backlog[Requirement ID],0))),"") -> IN PROGRESS | F72: =IFERROR(IF(ISBLANK(INDEX(SprintPlanning[Sprint],MATCH($A72,SprintPlanning[Requirement ID],0))),"",INDEX(SprintPlanning[Sprint],MATCH($A72,SprintPlanning[Requirement ID],0))),"") -> To Plan | J72: =IFERROR(IF(ISBLANK(INDEX(Backlog[Priority],MATCH($A72,Backlog[Requirement ID],0))),"",INDEX(Backlog[Priority],MATCH($A72,Backlog[Requirement ID],0))),"") -> Medium | L72: =IFERROR(IF(ISBLANK(INDEX(Backlog[HLE],MATCH($A72,Backlog[Requirement ID],0))),"",IF(INDEX(Backlog[HLE],MATCH($A72,Backlog[Requirement ID],0))<=5,0.5,IF(INDEX(Backlog[HLE],MATCH($A72,Backlog[Requirement ID],0))<=8,1,IF(INDEX(Backlog[HLE],MATCH($A72,Backlog[Requirement ID],0))<=13,2,IF(INDEX(Backlog[HLE],MATCH($A72,Backlog[Requirement ID],0))<=20,3,5))))),"")
A73: =Backlog!A73 -> NEW-0376 | B73: =IFERROR(IF(ISBLANK(INDEX(Backlog[Requirement Name],MATCH($A73,Backlog[Requirement ID],0))),"",INDEX(Backlog[Requirement Name],MATCH($A73,Backlog[Requirement ID],0))),"") -> Improve error handling in booking creation | C73: =IFERROR(IF(ISBLANK(INDEX(Backlog[Stream],MATCH($A73,Backlog[Requirement ID],0))),"",INDEX(Backlog[Stream],MATCH($A73,Backlog[Requirement ID],0))),"") -> Backlog / Tech Enh | D73: =IFERROR(IF(ISBLANK(INDEX(Backlog[Jira Link],MATCH($A73,Backlog[Requirement ID],0))),"",INDEX(Backlog[Jira Link],MATCH($A73,Backlog[Requirement ID],0))),"") | E73: =IFERROR(IF(ISBLANK(INDEX(Backlog[Status],MATCH($A73,Backlog[Requirement ID],0))),"",INDEX(Backlog[Status],MATCH($A73,Backlog[Requirement ID],0))),"") -> NEW | F73: =IFERROR(IF(ISBLANK(INDEX(SprintPlanning[Sprint],MATCH($A73,SprintPlanning[Requirement ID],0))),"",INDEX(SprintPlanning[Sprint],MATCH($A73,SprintPlanning[Requirement ID],0))),"") -> To Plan | J73: =IFERROR(IF(ISBLANK(INDEX(Backlog[Priority],MATCH($A73,Backlog[Requirement ID],0))),"",INDEX(Backlog[Priority],MATCH($A73,Backlog[Requirement ID],0))),"") -> Medium | K73: Pending Solution | L73: =IFERROR(IF(ISBLANK(INDEX(Backlog[HLE],MATCH($A73,Backlog[Requirement ID],0))),"",IF(INDEX(Backlog[HLE],MATCH($A73,Backlog[Requirement ID],0))<=5,0.5,IF(INDEX(Backlog[HLE],MATCH($A73,Backlog[Requirement ID],0))<=8,1,IF(INDEX(Backlog[HLE],MATCH($A73,Backlog[Requirement ID],0))<=13,2,IF(INDEX(Backlog[HLE],MATCH($A73,Backlog[Requirement ID],0))<=20,3,5))))),"")
A74: =Backlog!A74 -> NEW-0377 | B74: =IFERROR(IF(ISBLANK(INDEX(Backlog[Requirement Name],MATCH($A74,Backlog[Requirement ID],0))),"",INDEX(Backlog[Requirement Name],MATCH($A74,Backlog[Requirement ID],0))),"") -> DTTP25-27161 Change payment and newsletter redirection URL logic | C74: =IFERROR(IF(ISBLANK(INDEX(Backlog[Stream],MATCH($A74,Backlog[Requirement ID],0))),"",INDEX(Backlog[Stream],MATCH($A74,Backlog[Requirement ID],0))),"") -> Backlog / Tech Enh | D74: =IFERROR(IF(ISBLANK(INDEX(Backlog[Jira Link],MATCH($A74,Backlog[Requirement ID],0))),"",INDEX(Backlog[Jira Link],MATCH($A74,Backlog[Requirement ID],0))),"") | E74: =IFERROR(IF(ISBLANK(INDEX(Backlog[Status],MATCH($A74,Backlog[Requirement ID],0))),"",INDEX(Backlog[Status],MATCH($A74,Backlog[Requirement ID],0))),"") -> NEW | F74: =IFERROR(IF(ISBLANK(INDEX(SprintPlanning[Sprint],MATCH($A74,SprintPlanning[Requirement ID],0))),"",INDEX(SprintPlanning[Sprint],MATCH($A74,SprintPlanning[Requirement ID],0))),"") -> To Plan | J74: =IFERROR(IF(ISBLANK(INDEX(Backlog[Priority],MATCH($A74,Backlog[Requirement ID],0))),"",INDEX(Backlog[Priority],MATCH($A74,Backlog[Requirement ID],0))),"") -> Medium | L74: =IFERROR(IF(ISBLANK(INDEX(Backlog[HLE],MATCH($A74,Backlog[Requirement ID],0))),"",IF(INDEX(Backlog[HLE],MATCH($A74,Backlog[Requirement ID],0))<=5,0.5,IF(INDEX(Backlog[HLE],MATCH($A74,Backlog[Requirement ID],0))<=8,1,IF(INDEX(Backlog[HLE],MATCH($A74,Backlog[Requirement ID],0))<=13,2,IF(INDEX(Backlog[HLE],MATCH($A74,Backlog[Requirement ID],0))<=20,3,5))))),"")
A75: =Backlog!A75 -> NEW-0384 | B75: =IFERROR(IF(ISBLANK(INDEX(Backlog[Requirement Name],MATCH($A75,Backlog[Requirement ID],0))),"",INDEX(Backlog[Requirement Name],MATCH($A75,Backlog[Requirement ID],0))),"") -> New Security Remediation - DTTP Stack to CRM ASIS_EA | C75: =IFERROR(IF(ISBLANK(INDEX(Backlog[Stream],MATCH($A75,Backlog[Requirement ID],0))),"",INDEX(Backlog[Stream],MATCH($A75,Backlog[Requirement ID],0))),"") -> PI10 | D75: =IFERROR(IF(ISBLANK(INDEX(Backlog[Jira Link],MATCH($A75,Backlog[Requirement ID],0))),"",INDEX(Backlog[Jira Link],MATCH($A75,Backlog[Requirement ID],0))),"") | E75: =IFERROR(IF(ISBLANK(INDEX(Backlog[Status],MATCH($A75,Backlog[Requirement ID],0))),"",INDEX(Backlog[Status],MATCH($A75,Backlog[Requirement ID],0))),"") -> DONE | F75: =IFERROR(IF(ISBLANK(INDEX(SprintPlanning[Sprint],MATCH($A75,SprintPlanning[Requirement ID],0))),"",INDEX(SprintPlanning[Sprint],MATCH($A75,SprintPlanning[Requirement ID],0))),"") | J75: =IFERROR(IF(ISBLANK(INDEX(Backlog[Priority],MATCH($A75,Backlog[Requirement ID],0))),"",INDEX(Backlog[Priority],MATCH($A75,Backlog[Requirement ID],0))),"") -> Medium | L75: =IFERROR(IF(ISBLANK(INDEX(Backlog[HLE],MATCH($A75,Backlog[Requirement ID],0))),"",IF(INDEX(Backlog[HLE],MATCH($A75,Backlog[Requirement ID],0))<=5,0.5,IF(INDEX(Backlog[HLE],MATCH($A75,Backlog[Requirement ID],0))<=8,1,IF(INDEX(Backlog[HLE],MATCH($A75,Backlog[Requirement ID],0))<=13,2,IF(INDEX(Backlog[HLE],MATCH($A75,Backlog[Requirement ID],0))<=20,3,5))))),"")
A76: =Backlog!A76 -> NEW-0395 | B76: =IFERROR(IF(ISBLANK(INDEX(Backlog[Requirement Name],MATCH($A76,Backlog[Requirement ID],0))),"",INDEX(Backlog[Requirement Name],MATCH($A76,Backlog[Requirement ID],0))),"") -> PDF: age restrictions management | C76: =IFERROR(IF(ISBLANK(INDEX(Backlog[Stream],MATCH($A76,Backlog[Requirement ID],0))),"",INDEX(Backlog[Stream],MATCH($A76,Backlog[Requirement ID],0))),"") -> MyMSC | D76: =IFERROR(IF(ISBLANK(INDEX(Backlog[Jira Link],MATCH($A76,Backlog[Requirement ID],0))),"",INDEX(Backlog[Jira Link],MATCH($A76,Backlog[Requirement ID],0))),"") | E76: =IFERROR(IF(ISBLANK(INDEX(Backlog[Status],MATCH($A76,Backlog[Requirement ID],0))),"",INDEX(Backlog[Status],MATCH($A76,Backlog[Requirement ID],0))),"") -> NEW | F76: =IFERROR(IF(ISBLANK(INDEX(SprintPlanning[Sprint],MATCH($A76,SprintPlanning[Requirement ID],0))),"",INDEX(SprintPlanning[Sprint],MATCH($A76,SprintPlanning[Requirement ID],0))),"") -> To Plan | J76: =IFERROR(IF(ISBLANK(INDEX(Backlog[Priority],MATCH($A76,Backlog[Requirement ID],0))),"",INDEX(Backlog[Priority],MATCH($A76,Backlog[Requirement ID],0))),"") -> Medium | L76: =IFERROR(IF(ISBLANK(INDEX(Backlog[HLE],MATCH($A76,Backlog[Requirement ID],0))),"",IF(INDEX(Backlog[HLE],MATCH($A76,Backlog[Requirement ID],0))<=5,0.5,IF(INDEX(Backlog[HLE],MATCH($A76,Backlog[Requirement ID],0))<=8,1,IF(INDEX(Backlog[HLE],MATCH($A76,Backlog[Requirement ID],0))<=13,2,IF(INDEX(Backlog[HLE],MATCH($A76,Backlog[Requirement ID],0))<=20,3,5))))),"") -> 0.5
A77: =Backlog!A77 -> NEW-0397 | B77: =IFERROR(IF(ISBLANK(INDEX(Backlog[Requirement Name],MATCH($A77,Backlog[Requirement ID],0))),"",INDEX(Backlog[Requirement Name],MATCH($A77,Backlog[Requirement ID],0))),"") -> MSC Voyagers Club subscription block for pending Status Match request for the same user | C77: =IFERROR(IF(ISBLANK(INDEX(Backlog[Stream],MATCH($A77,Backlog[Requirement ID],0))),"",INDEX(Backlog[Stream],MATCH($A77,Backlog[Requirement ID],0))),"") -> MyMSC | D77: =IFERROR(IF(ISBLANK(INDEX(Backlog[Jira Link],MATCH($A77,Backlog[Requirement ID],0))),"",INDEX(Backlog[Jira Link],MATCH($A77,Backlog[Requirement ID],0))),"") | E77: =IFERROR(IF(ISBLANK(INDEX(Backlog[Status],MATCH($A77,Backlog[Requirement ID],0))),"",INDEX(Backlog[Status],MATCH($A77,Backlog[Requirement ID],0))),"") -> NEW | F77: =IFERROR(IF(ISBLANK(INDEX(SprintPlanning[Sprint],MATCH($A77,SprintPlanning[Requirement ID],0))),"",INDEX(SprintPlanning[Sprint],MATCH($A77,SprintPlanning[Requirement ID],0))),"") -> To Plan | J77: =IFERROR(IF(ISBLANK(INDEX(Backlog[Priority],MATCH($A77,Backlog[Requirement ID],0))),"",INDEX(Backlog[Priority],MATCH($A77,Backlog[Requirement ID],0))),"") -> Medium | L77: =IFERROR(IF(ISBLANK(INDEX(Backlog[HLE],MATCH($A77,Backlog[Requirement ID],0))),"",IF(INDEX(Backlog[HLE],MATCH($A77,Backlog[Requirement ID],0))<=5,0.5,IF(INDEX(Backlog[HLE],MATCH($A77,Backlog[Requirement ID],0))<=8,1,IF(INDEX(Backlog[HLE],MATCH($A77,Backlog[Requirement ID],0))<=13,2,IF(INDEX(Backlog[HLE],MATCH($A77,Backlog[Requirement ID],0))<=20,3,5))))),"") -> 1
A78: =Backlog!A78 -> NEW-0398 | B78: =IFERROR(IF(ISBLANK(INDEX(Backlog[Requirement Name],MATCH($A78,Backlog[Requirement ID],0))),"",INDEX(Backlog[Requirement Name],MATCH($A78,Backlog[Requirement ID],0))),"") -> MSC Voyagers Club children association | C78: =IFERROR(IF(ISBLANK(INDEX(Backlog[Stream],MATCH($A78,Backlog[Requirement ID],0))),"",INDEX(Backlog[Stream],MATCH($A78,Backlog[Requirement ID],0))),"") -> MyMSC | D78: =IFERROR(IF(ISBLANK(INDEX(Backlog[Jira Link],MATCH($A78,Backlog[Requirement ID],0))),"",INDEX(Backlog[Jira Link],MATCH($A78,Backlog[Requirement ID],0))),"") | E78: =IFERROR(IF(ISBLANK(INDEX(Backlog[Status],MATCH($A78,Backlog[Requirement ID],0))),"",INDEX(Backlog[Status],MATCH($A78,Backlog[Requirement ID],0))),"") -> NEW | F78: =IFERROR(IF(ISBLANK(INDEX(SprintPlanning[Sprint],MATCH($A78,SprintPlanning[Requirement ID],0))),"",INDEX(SprintPlanning[Sprint],MATCH($A78,SprintPlanning[Requirement ID],0))),"") -> To Plan | J78: =IFERROR(IF(ISBLANK(INDEX(Backlog[Priority],MATCH($A78,Backlog[Requirement ID],0))),"",INDEX(Backlog[Priority],MATCH($A78,Backlog[Requirement ID],0))),"") -> Medium | L78: =IFERROR(IF(ISBLANK(INDEX(Backlog[HLE],MATCH($A78,Backlog[Requirement ID],0))),"",IF(INDEX(Backlog[HLE],MATCH($A78,Backlog[Requirement ID],0))<=5,0.5,IF(INDEX(Backlog[HLE],MATCH($A78,Backlog[Requirement ID],0))<=8,1,IF(INDEX(Backlog[HLE],MATCH($A78,Backlog[Requirement ID],0))<=13,2,IF(INDEX(Backlog[HLE],MATCH($A78,Backlog[Requirement ID],0))<=20,3,5))))),"") -> 2
