Workbook
Name ReleaseList: Lists!$G$2:$G$100

Sheet README
B1: EINT MuleSoft Backlog Tracker — How This Works
B3: Replaces: MuleSoft Team - Planning.xlsx and Requirements Traceability Matrix - EINT Mulesoft 2026.xlsx
B5: The golden rule: every field has exactly one home.
B6: Each requirement is one row, tracked by its Requirement ID across every tab below. Each field (Priority, Sprint, Dependencies, Release, etc.) is only ever typed into ONE tab — the tab owned by the role responsible for it. Every other tab shows that same field automatically, pulled live from wherever it was entered. If you change it in its home tab, it updates everywhere else immediately. Nobody should ever need to copy a value between tabs by hand.
B8: Colour legend
B9: Text is plain black everywhere. Row shading instead shows which Stream an item belongs to (applied automatically via conditional formatting, so it updates itself as Stream values change):
B10: US
B11: MyMSC
B12: Rollout / MVP Rollout
B13: Backlog / Growth
B14: Tech Enhancements
B15: PI11, PI12, or any other PI-specific stream
... B22: Tab ownership — who edits what
B23: Tab | C23: Owner | D23: Types here (input) | E23: Shown automatically (pulled)
B24: Backlog | C24: Anyone (entry point) | D24: Requirement Name, Type, Stream, Status, Date Added, Create Jira Ticket?, Jira Key | E24: Jira Link, Priority, Sprint, Release
B25: API Design Planning | C25: API Design Lead | D25: RAML Required, RAML Delivery Date, Assignee, Priority, Design Status, Handover | E25: Requirement Name, Stream, Jira Link, Status, Sprint
B26: RTM | C26: BA | D26: Predecessor, Successor, Dependency Status, Notes | E26: Requirement Name, Stream, Jira Link, Status, Priority, Sprint
B27: Sprint Planning | C27: BA / PO / SM | D27: Sprint, HLE | E27: Requirement Name, Stream, Priority, Status
B28: Roadmap | C28: Nobody — all view | D28: (fully automatic) | E28: Stream x Sprint HLE grid
B29: Release | C29: DM / SM | D29: Release | E29: Requirement Name, Stream, Sprint, Status, Priority, HLE
B31: Status: template only
B32: This workbook is currently a clean, empty structure — no data has been migrated yet. Automations planned for later phases are NOT yet wired up:
B33: 1. Jira (labelled ticket) -> auto-creates a Backlog row with Jira Key/Link filled in.
B34: 2. Any new Backlog row (Jira-sourced or typed straight in with no Jira ticket) -> auto-creates a Trello card.
B35: 3. Sprint changed for an item -> updates the sprint label on its Trello card.
B36: 4. 'Create Jira Ticket?' set to Yes on a manually-added row -> creates the Jira issue and writes the key back into Jira Key/Jira Link, then flips the flag to Created.
B37: 5. Scheduled refresh of the RTM Dependency Status column from the live status of the Predecessor/Successor Jira key.
B39: Until these are wired up, fill in Jira Key, Predecessor/Successor, and Dependency Status manually.
B41: Sprint Planning sort order
B42: Sprint Planning is kept sorted ascending by Sprint (lowest in-scope sprint first, unassigned/'To Plan' last), using a hidden 'Sort Key' column (H) that converts the Sprint text to a number. If you add new rows and want to re-sort, select the table and use Data > Sort by column H — don't unhide/delete that column.
B44: Release tab population
B45: The Release tab lists every item that has a real Sprint assigned in Sprint Planning (not blank/'To Plan') — once an item gets a sprint for the first time, add its Requirement ID to the Release tab so DM/SM can assign it a Release. This mirrors how RTM/Sprint Planning/API Design Planning already work: copy the ID over when the item reaches that stage.
... B50: The Sprint->Quarter mapping only covers 2026 right now (Sprint 1-16, Q1-Q4). It will need updating on the Lists sheet every year, since sprint numbering and quarter week boundaries reset annually and a new set of 4 quarterly tabs will need creating for the new year.

Sheet Backlog
A1: Requirement ID | B1: Requirement Name | C1: Type | D1: Stream | E1: Stream Owner | F1: Status | G1: Priority | H1: Planned Delivery | I1: Sprint | J1: HLE | K1: Release | L1: Date Added | M1: Create Jira Ticket? | N1: Jira Key | O1: Jira Link | P1: ID Number
A2: NEW-0002 | B2: Whatsapp Subscription (Phase 2) | C2: CR | D2: Backlog | E2: MA | F2: ON HOLD | G2: Medium | H2: Q4 2026 | I2: =IF($A2="","",IFERROR(IF(ISBLANK(INDEX(SprintPlanning[Sprint],MATCH($A2,SprintPlanning[Requirement ID],0))),"To Plan",INDEX(SprintPlanning[Sprint],MATCH($A2,SprintPlanning[Requirement ID],0))),"To Plan")) | K2: =IFERROR(IF(ISBLANK(INDEX(Release[Release],MATCH($A2,Release[Requirement ID],0))),"",INDEX(Release[Release],MATCH($A2,Release[Requirement ID],0))),"") | L2: 46226 | O2: =IF($N2="","","https://smartship.atlassian.net/browse/"&$N2) | P2: =IFERROR(VALUE(MID($A2,5,4)),0)
A3: NEW-0005 | B3: Handling multicabin booking | C3: CR | D3: Growth | E3: B2CW | F3: NEW | G3: Medium | H3: Q4 2026 | I3: =IF($A3="","",IFERROR(IF(ISBLANK(INDEX(SprintPlanning[Sprint],MATCH($A3,SprintPlanning[Requirement ID],0))),"To Plan",INDEX(SprintPlanning[Sprint],MATCH($A3,SprintPlanning[Requirement ID],0))),"To Plan")) | J3: 21 | K3: =IFERROR(IF(ISBLANK(INDEX(Release[Release],MATCH($A3,Release[Requirement ID],0))),"",INDEX(Release[Release],MATCH($A3,Release[Requirement ID],0))),"") | L3: 46226 | O3: =IF($N3="","","https://smartship.atlassian.net/browse/"&$N3) | P3: =IFERROR(VALUE(MID($A3,5,4)),0)
A4: NEW-0006 | B4: New UWO Interface (decoupling) | C4: New | D4: Growth | E4: B2CW | F4: NEW | G4: Medium | H4: Q1 2027 | I4: =IF($A4="","",IFERROR(IF(ISBLANK(INDEX(SprintPlanning[Sprint],MATCH($A4,SprintPlanning[Requirement ID],0))),"To Plan",INDEX(SprintPlanning[Sprint],MATCH($A4,SprintPlanning[Requirement ID],0))),"To Plan")) | J4: 3 | K4: =IFERROR(IF(ISBLANK(INDEX(Release[Release],MATCH($A4,Release[Requirement ID],0))),"",INDEX(Release[Release],MATCH($A4,Release[Requirement ID],0))),"") | L4: 46226 | O4: =IF($N4="","","https://smartship.atlassian.net/browse/"&$N4) | P4: =IFERROR(VALUE(MID($A4,5,4)),0)
A5: NEW-0007 | B5: Update Hold option (decoupling) | C5: CR | D5: Growth | E5: B2CW | F5: NEW | G5: Medium | H5: Q1 2027 | I5: =IF($A5="","",IFERROR(IF(ISBLANK(INDEX(SprintPlanning[Sprint],MATCH($A5,SprintPlanning[Requirement ID],0))),"To Plan",INDEX(SprintPlanning[Sprint],MATCH($A5,SprintPlanning[Requirement ID],0))),"To Plan")) | J5: 3 | K5: =IFERROR(IF(ISBLANK(INDEX(Release[Release],MATCH($A5,Release[Requirement ID],0))),"",INDEX(Release[Release],MATCH($A5,Release[Requirement ID],0))),"") | L5: 46226 | O5: =IF($N5="","","https://smartship.atlassian.net/browse/"&$N5) | P5: =IFERROR(VALUE(MID($A5,5,4)),0)
A6: NEW-0011 | B6: INT 101 - Cabin Selections (Booking Group Management) | C6: CR | D6: Growth | E6: S&S | F6: NEW | G6: Medium | H6: Q4 2026 | I6: =IF($A6="","",IFERROR(IF(ISBLANK(INDEX(SprintPlanning[Sprint],MATCH($A6,SprintPlanning[Requirement ID],0))),"To Plan",INDEX(SprintPlanning[Sprint],MATCH($A6,SprintPlanning[Requirement ID],0))),"To Plan")) | J6: 8 | K6: =IFERROR(IF(ISBLANK(INDEX(Release[Release],MATCH($A6,Release[Requirement ID],0))),"",INDEX(Release[Release],MATCH($A6,Release[Requirement ID],0))),"") | L6: 46226 | M6: Created | N6: MDTTPU-8135 | O6: =IF($N6="","","https://smartship.atlassian.net/browse/"&$N6) | P6: =IFERROR(VALUE(MID($A6,5,4)),0)
A7: NEW-0016 | B7: myMSC Add USA Market Configuration - Chain 1/ Chain 2 | C7: Config | D7: US | E7: B2CW | F7: NEW | G7: Medium | H7: Q3 2026 | I7: =IF($A7="","",IFERROR(IF(ISBLANK(INDEX(SprintPlanning[Sprint],MATCH($A7,SprintPlanning[Requirement ID],0))),"To Plan",INDEX(SprintPlanning[Sprint],MATCH($A7,SprintPlanning[Requirement ID],0))),"To Plan")) | J7: 8 | K7: =IFERROR(IF(ISBLANK(INDEX(Release[Release],MATCH($A7,Release[Requirement ID],0))),"",INDEX(Release[Release],MATCH($A7,Release[Requirement ID],0))),"") | L7: 46226 | M7: Created | N7: MDTTPU-13662 | O7: =IF($N7="","","https://smartship.atlassian.net/browse/"&$N7) | P7: =IFERROR(VALUE(MID($A7,5,4)),0)
A8: NEW-0017 | B8: ARG Payment provider Pagtur | C8: New | D8: MVP Rollout | E8: B2CW | F8: NEW | G8: Medium | H8: Q1 2027 | I8: =IF($A8="","",IFERROR(IF(ISBLANK(INDEX(SprintPlanning[Sprint],MATCH($A8,SprintPlanning[Requirement ID],0))),"To Plan",INDEX(SprintPlanning[Sprint],MATCH($A8,SprintPlanning[Requirement ID],0))),"To Plan")) | J8: 40 | K8: =IFERROR(IF(ISBLANK(INDEX(Release[Release],MATCH($A8,Release[Requirement ID],0))),"",INDEX(Release[Release],MATCH($A8,Release[Requirement ID],0))),"") | L8: 46226 | O8: =IF($N8="","","https://smartship.atlassian.net/browse/"&$N8) | P8: =IFERROR(VALUE(MID($A8,5,4)),0)
A9: NEW-0018 | B9: BR Payment providerDireçao | C9: New | D9: MVP Rollout | E9: B2CW | F9: NEW | G9: Medium | H9: Q1 2027 | I9: =IF($A9="","",IFERROR(IF(ISBLANK(INDEX(SprintPlanning[Sprint],MATCH($A9,SprintPlanning[Requirement ID],0))),"To Plan",INDEX(SprintPlanning[Sprint],MATCH($A9,SprintPlanning[Requirement ID],0))),"To Plan")) | J9: 40 | K9: =IFERROR(IF(ISBLANK(INDEX(Release[Release],MATCH($A9,Release[Requirement ID],0))),"",INDEX(Release[Release],MATCH($A9,Release[Requirement ID],0))),"") | L9: 46226 | O9: =IF($N9="","","https://smartship.atlassian.net/browse/"&$N9) | P9: =IFERROR(VALUE(MID($A9,5,4)),0)
A10: NEW-0020 | B10: MyMSC Spa | C10: New | D10: MyMSC | E10: B2CW | F10: NEW | G10: Medium | I10: =IF($A10="","",IFERROR(IF(ISBLANK(INDEX(SprintPlanning[Sprint],MATCH($A10,SprintPlanning[Requirement ID],0))),"To Plan",INDEX(SprintPlanning[Sprint],MATCH($A10,SprintPlanning[Requirement ID],0))),"To Plan")) | J10: 20 | K10: =IFERROR(IF(ISBLANK(INDEX(Release[Release],MATCH($A10,Release[Requirement ID],0))),"",INDEX(Release[Release],MATCH($A10,Release[Requirement ID],0))),"") | L10: 46226 | O10: =IF($N10="","","https://smartship.atlassian.net/browse/"&$N10) | P10: =IFERROR(VALUE(MID($A10,5,4)),0)
A11: NEW-0022 | B11: Super Agency Access | C11: New | D11: MyMSC | E11: B2CW | F11: NEW | G11: Medium | I11: =IF($A11="","",IFERROR(IF(ISBLANK(INDEX(SprintPlanning[Sprint],MATCH($A11,SprintPlanning[Requirement ID],0))),"To Plan",INDEX(SprintPlanning[Sprint],MATCH($A11,SprintPlanning[Requirement ID],0))),"To Plan")) | J11: 8 | K11: =IFERROR(IF(ISBLANK(INDEX(Release[Release],MATCH($A11,Release[Requirement ID],0))),"",INDEX(Release[Release],MATCH($A11,Release[Requirement ID],0))),"") | L11: 46226 | O11: =IF($N11="","","https://smartship.atlassian.net/browse/"&$N11) | P11: =IFERROR(VALUE(MID($A11,5,4)),0)
A12: NEW-0033 | B12: Pending Configurations for DACH, MED, LATAM | C12: Config | D12: MyMSC | E12: B2CW | F12: NEW | G12: Medium | I12: =IF($A12="","",IFERROR(IF(ISBLANK(INDEX(SprintPlanning[Sprint],MATCH($A12,SprintPlanning[Requirement ID],0))),"To Plan",INDEX(SprintPlanning[Sprint],MATCH($A12,SprintPlanning[Requirement ID],0))),"To Plan")) | J12: 3 | K12: =IFERROR(IF(ISBLANK(INDEX(Release[Release],MATCH($A12,Release[Requirement ID],0))),"",INDEX(Release[Release],MATCH($A12,Release[Requirement ID],0))),"") | L12: 46226 | M12: Created | N12: DTTP25-21230 | O12: =IF($N12="","","https://smartship.atlassian.net/browse/"&$N12) | P12: =IFERROR(VALUE(MID($A12,5,4)),0)
A13: NEW-0068 | B13: [EAINT] [CR][INT026][INT133][INT130] Split calls to CMS for excursion/OBS data into chunks | C13: CR | D13: MyMSC | E13: B2CW | F13: NEW | G13: Medium | I13: =IF($A13="","",IFERROR(IF(ISBLANK(INDEX(SprintPlanning[Sprint],MATCH($A13,SprintPlanning[Requirement ID],0))),"To Plan",INDEX(SprintPlanning[Sprint],MATCH($A13,SprintPlanning[Requirement ID],0))),"To Plan")) | J13: 8 | K13: =IFERROR(IF(ISBLANK(INDEX(Release[Release],MATCH($A13,Release[Requirement ID],0))),"",INDEX(Release[Release],MATCH($A13,Release[Requirement ID],0))),"") | L13: 46226 | O13: =IF($N13="","","https://smartship.atlassian.net/browse/"&$N13) | P13: =IFERROR(VALUE(MID($A13,5,4)),0)
A14: NEW-0265 | B14: TLI 99.1 | C14: TBC | D14: US | E14: MA | F14: NA | G14: Medium | I14: =IF($A14="","",IFERROR(IF(ISBLANK(INDEX(SprintPlanning[Sprint],MATCH($A14,SprintPlanning[Requirement ID],0))),"To Plan",INDEX(SprintPlanning[Sprint],MATCH($A14,SprintPlanning[Requirement ID],0))),"To Plan")) | K14: =IFERROR(IF(ISBLANK(INDEX(Release[Release],MATCH($A14,Release[Requirement ID],0))),"",INDEX(Release[Release],MATCH($A14,Release[Requirement ID],0))),"") | L14: 46232 | O14: =IF($N14="","","https://smartship.atlassian.net/browse/"&$N14) | P14: =IFERROR(VALUE(MID($A14,5,4)),0)
A15: NEW-0266 | B15: Campaigns for loyalty program management | C15: TBC | D15: US | E15: MA | F15: NA | G15: Medium | I15: =IF($A15="","",IFERROR(IF(ISBLANK(INDEX(SprintPlanning[Sprint],MATCH($A15,SprintPlanning[Requirement ID],0))),"To Plan",INDEX(SprintPlanning[Sprint],MATCH($A15,SprintPlanning[Requirement ID],0))),"To Plan")) | K15: =IFERROR(IF(ISBLANK(INDEX(Release[Release],MATCH($A15,Release[Requirement ID],0))),"",INDEX(Release[Release],MATCH($A15,Release[Requirement ID],0))),"") | L15: 46232 | O15: =IF($N15="","","https://smartship.atlassian.net/browse/"&$N15) | P15: =IFERROR(VALUE(MID($A15,5,4)),0)
A16: NEW-0270 | B16: Booking Group Management Cabin Selections | C16: CR | D16: US | E16: B2CW | F16: NEW | G16: Medium | I16: =IF($A16="","",IFERROR(IF(ISBLANK(INDEX(SprintPlanning[Sprint],MATCH($A16,SprintPlanning[Requirement ID],0))),"To Plan",INDEX(SprintPlanning[Sprint],MATCH($A16,SprintPlanning[Requirement ID],0))),"To Plan")) | J16: 5 | K16: =IFERROR(IF(ISBLANK(INDEX(Release[Release],MATCH($A16,Release[Requirement ID],0))),"",INDEX(Release[Release],MATCH($A16,Release[Requirement ID],0))),"") | L16: 46232 | O16: =IF($N16="","","https://smartship.atlassian.net/browse/"&$N16) | P16: =IFERROR(VALUE(MID($A16,5,4)),0)
A17: NEW-0274 | B17: INT024.2 - Addition of “Disembarkation Date” and “Pay By” fields | C17: CR | D17: Growth | E17: S&S | F17: NEW | G17: Medium | I17: =IF($A17="","",IFERROR(IF(ISBLANK(INDEX(SprintPlanning[Sprint],MATCH($A17,SprintPlanning[Requirement ID],0))),"To Plan",INDEX(SprintPlanning[Sprint],MATCH($A17,SprintPlanning[Requirement ID],0))),"To Plan")) | J17: 3 | K17: =IFERROR(IF(ISBLANK(INDEX(Release[Release],MATCH($A17,Release[Requirement ID],0))),"",INDEX(Release[Release],MATCH($A17,Release[Requirement ID],0))),"") | L17: 46232 | O17: =IF($N17="","","https://smartship.atlassian.net/browse/"&$N17) | P17: =IFERROR(VALUE(MID($A17,5,4)),0)
A18: NEW-0284 | B18: DACH, MED, LATAM Configurations | C18: CR | D18: MyMSC | E18: B2CW | F18: NEW | G18: Medium | I18: =IF($A18="","",IFERROR(IF(ISBLANK(INDEX(SprintPlanning[Sprint],MATCH($A18,SprintPlanning[Requirement ID],0))),"To Plan",INDEX(SprintPlanning[Sprint],MATCH($A18,SprintPlanning[Requirement ID],0))),"To Plan")) | K18: =IFERROR(IF(ISBLANK(INDEX(Release[Release],MATCH($A18,Release[Requirement ID],0))),"",INDEX(Release[Release],MATCH($A18,Release[Requirement ID],0))),"") | L18: 46232 | O18: =IF($N18="","","https://smartship.atlassian.net/browse/"&$N18) | P18: =IFERROR(VALUE(MID($A18,5,4)),0)
A19: NEW-0288 | B19: Remove of login endpoints from MyMSC EAPI | C19: Tech Task | D19: MyMSC | E19: ALL | F19: NEW | G19: Medium | I19: =IF($A19="","",IFERROR(IF(ISBLANK(INDEX(SprintPlanning[Sprint],MATCH($A19,SprintPlanning[Requirement ID],0))),"To Plan",INDEX(SprintPlanning[Sprint],MATCH($A19,SprintPlanning[Requirement ID],0))),"To Plan")) | J19: 8 | K19: =IFERROR(IF(ISBLANK(INDEX(Release[Release],MATCH($A19,Release[Requirement ID],0))),"",INDEX(Release[Release],MATCH($A19,Release[Requirement ID],0))),"") | L19: 46232 | O19: =IF($N19="","","https://smartship.atlassian.net/browse/"&$N19) | P19: =IFERROR(VALUE(MID($A19,5,4)),0)
A20: NEW-0290 | B20: Bug fix for cabin logic in INT135.1/135.2 | C20: Bug | D20: MyMSC | E20: B2CW | F20: NEW | G20: Medium | I20: =IF($A20="","",IFERROR(IF(ISBLANK(INDEX(SprintPlanning[Sprint],MATCH($A20,SprintPlanning[Requirement ID],0))),"To Plan",INDEX(SprintPlanning[Sprint],MATCH($A20,SprintPlanning[Requirement ID],0))),"To Plan")) | K20: =IFERROR(IF(ISBLANK(INDEX(Release[Release],MATCH($A20,Release[Requirement ID],0))),"",INDEX(Release[Release],MATCH($A20,Release[Requirement ID],0))),"") | L20: 46232 | O20: =IF($N20="","","https://smartship.atlassian.net/browse/"&$N20) | P20: =IFERROR(VALUE(MID($A20,5,4)),0)
A21: NEW-0299 | B21: Spa | C21: CR | D21: MyMSC | E21: B2CW | F21: NEW | G21: Medium | I21: =IF($A21="","",IFERROR(IF(ISBLANK(INDEX(SprintPlanning[Sprint],MATCH($A21,SprintPlanning[Requirement ID],0))),"To Plan",INDEX(SprintPlanning[Sprint],MATCH($A21,SprintPlanning[Requirement ID],0))),"To Plan")) | J21: 33 | K21: =IFERROR(IF(ISBLANK(INDEX(Release[Release],MATCH($A21,Release[Requirement ID],0))),"",INDEX(Release[Release],MATCH($A21,Release[Requirement ID],0))),"") | L21: 46232 | O21: =IF($N21="","","https://smartship.atlassian.net/browse/"&$N21) | P21: =IFERROR(VALUE(MID($A21,5,4)),0)
A22: NEW-0315 | B22: MyMSC CR to handle BKG_001 when booking retrieved | C22: CR | D22: MyMSC | E22: B2CW | F22: NEW | G22: Medium | I22: =IF($A22="","",IFERROR(IF(ISBLANK(INDEX(SprintPlanning[Sprint],MATCH($A22,SprintPlanning[Requirement ID],0))),"To Plan",INDEX(SprintPlanning[Sprint],MATCH($A22,SprintPlanning[Requirement ID],0))),"To Plan")) | J22: 8 | K22: =IFERROR(IF(ISBLANK(INDEX(Release[Release],MATCH($A22,Release[Requirement ID],0))),"",INDEX(Release[Release],MATCH($A22,Release[Requirement ID],0))),"") | L22: 46232 | O22: =IF($N22="","","https://smartship.atlassian.net/browse/"&$N22) | P22: =IFERROR(VALUE(MID($A22,5,4)),0)
A23: NEW-0322 | B23: MyMSC/MA CR for enabling DEM links to light login | C23: CR | D23: MyMSC | E23: B2CW | F23: NEW | G23: Medium | I23: =IF($A23="","",IFERROR(IF(ISBLANK(INDEX(SprintPlanning[Sprint],MATCH($A23,SprintPlanning[Requirement ID],0))),"To Plan",INDEX(SprintPlanning[Sprint],MATCH($A23,SprintPlanning[Requirement ID],0))),"To Plan")) | J23: 13 | K23: =IFERROR(IF(ISBLANK(INDEX(Release[Release],MATCH($A23,Release[Requirement ID],0))),"",INDEX(Release[Release],MATCH($A23,Release[Requirement ID],0))),"") | L23: 46232 | O23: =IF($N23="","","https://smartship.atlassian.net/browse/"&$N23) | P23: =IFERROR(VALUE(MID($A23,5,4)),0)
A24: NEW-0324 | B24: MSC- MyMSC PRE_CRM_002 error scenario change CR to additem | C24: CR | D24: MyMSC | E24: B2CW | F24: NEW | G24: Medium | I24: =IF($A24="","",IFERROR(IF(ISBLANK(INDEX(SprintPlanning[Sprint],MATCH($A24,SprintPlanning[Requirement ID],0))),"To Plan",INDEX(SprintPlanning[Sprint],MATCH($A24,SprintPlanning[Requirement ID],0))),"To Plan")) | K24: =IFERROR(IF(ISBLANK(INDEX(Release[Release],MATCH($A24,Release[Requirement ID],0))),"",INDEX(Release[Release],MATCH($A24,Release[Requirement ID],0))),"") | L24: 46232 | O24: =IF($N24="","","https://smartship.atlassian.net/browse/"&$N24) | P24: =IFERROR(VALUE(MID($A24,5,4)),0)
A25: NEW-0343 | B25: CDP / DTS Post Booking - CR - Passenger name filter | C25: CR | D25: Backlog | E25: MA | F25: ON HOLD | G25: Medium | I25: =IF($A25="","",IFERROR(IF(ISBLANK(INDEX(SprintPlanning[Sprint],MATCH($A25,SprintPlanning[Requirement ID],0))),"To Plan",INDEX(SprintPlanning[Sprint],MATCH($A25,SprintPlanning[Requirement ID],0))),"To Plan")) | K25: =IFERROR(IF(ISBLANK(INDEX(Release[Release],MATCH($A25,Release[Requirement ID],0))),"",INDEX(Release[Release],MATCH($A25,Release[Requirement ID],0))),"") | L25: 46232 | O25: =IF($N25="","","https://smartship.atlassian.net/browse/"&$N25) | P25: =IFERROR(VALUE(MID($A25,5,4)),0)
A26: NEW-0344 | B26: CDP / DTS Post Booking - CR - INT024.1 Improve data quality handling and optimise customer search | C26: CR | D26: Backlog | E26: MA | F26: NEW | G26: Medium | I26: =IF($A26="","",IFERROR(IF(ISBLANK(INDEX(SprintPlanning[Sprint],MATCH($A26,SprintPlanning[Requirement ID],0))),"To Plan",INDEX(SprintPlanning[Sprint],MATCH($A26,SprintPlanning[Requirement ID],0))),"To Plan")) | K26: =IFERROR(IF(ISBLANK(INDEX(Release[Release],MATCH($A26,Release[Requirement ID],0))),"",INDEX(Release[Release],MATCH($A26,Release[Requirement ID],0))),"") | L26: 46232 | O26: =IF($N26="","","https://smartship.atlassian.net/browse/"&$N26) | P26: =IFERROR(VALUE(MID($A26,5,4)),0)
A27: NEW-0345 | B27: CDP / DTS Post Booking - CR - INT024.1 Long term Improved data quality handling | C27: CR | D27: Backlog | E27: MA | F27: NEW | G27: Medium | I27: =IF($A27="","",IFERROR(IF(ISBLANK(INDEX(SprintPlanning[Sprint],MATCH($A27,SprintPlanning[Requirement ID],0))),"To Plan",INDEX(SprintPlanning[Sprint],MATCH($A27,SprintPlanning[Requirement ID],0))),"To Plan")) | K27: =IFERROR(IF(ISBLANK(INDEX(Release[Release],MATCH($A27,Release[Requirement ID],0))),"",INDEX(Release[Release],MATCH($A27,Release[Requirement ID],0))),"") | L27: 46232 | O27: =IF($N27="","","https://smartship.atlassian.net/browse/"&$N27) | P27: =IFERROR(VALUE(MID($A27,5,4)),0)
A28: NEW-0346 | B28: CR - Improved data quality handling optimise customer search page size across other integrations | C28: CR | D28: Backlog | E28: MA | F28: NEW | G28: Medium | I28: =IF($A28="","",IFERROR(IF(ISBLANK(INDEX(SprintPlanning[Sprint],MATCH($A28,SprintPlanning[Requirement ID],0))),"To Plan",INDEX(SprintPlanning[Sprint],MATCH($A28,SprintPlanning[Requirement ID],0))),"To Plan")) | K28: =IFERROR(IF(ISBLANK(INDEX(Release[Release],MATCH($A28,Release[Requirement ID],0))),"",INDEX(Release[Release],MATCH($A28,Release[Requirement ID],0))),"") | L28: 46232 | O28: =IF($N28="","","https://smartship.atlassian.net/browse/"&$N28) | P28: =IFERROR(VALUE(MID($A28,5,4)),0)
A29: NEW-0356 | B29: MED Insurance - Do not sell any insurance if CoR differ across pax | C29: CR | D29: Growth | E29: B2CW | F29: ON HOLD | G29: Medium | I29: =IF($A29="","",IFERROR(IF(ISBLANK(INDEX(SprintPlanning[Sprint],MATCH($A29,SprintPlanning[Requirement ID],0))),"To Plan",INDEX(SprintPlanning[Sprint],MATCH($A29,SprintPlanning[Requirement ID],0))),"To Plan")) | J29: 8 | K29: =IFERROR(IF(ISBLANK(INDEX(Release[Release],MATCH($A29,Release[Requirement ID],0))),"",INDEX(Release[Release],MATCH($A29,Release[Requirement ID],0))),"") | L29: 46232 | O29: =IF($N29="","","https://smartship.atlassian.net/browse/"&$N29) | P29: =IFERROR(VALUE(MID($A29,5,4)),0)
A30: NEW-0358 | B30: CMS Configuration for Airports in B2CW Booking Funnel | C30: CR | D30: Growth | E30: B2CW | F30: ON HOLD | G30: Medium | I30: =IF($A30="","",IFERROR(IF(ISBLANK(INDEX(SprintPlanning[Sprint],MATCH($A30,SprintPlanning[Requirement ID],0))),"To Plan",INDEX(SprintPlanning[Sprint],MATCH($A30,SprintPlanning[Requirement ID],0))),"To Plan")) | K30: =IFERROR(IF(ISBLANK(INDEX(Release[Release],MATCH($A30,Release[Requirement ID],0))),"",INDEX(Release[Release],MATCH($A30,Release[Requirement ID],0))),"") | L30: 46232 | O30: =IF($N30="","","https://smartship.atlassian.net/browse/"&$N30) | P30: =IFERROR(VALUE(MID($A30,5,4)),0)
A31: NEW-0360 | B31: Paypal Reconciliation for prepaid | C31: CR | D31: Growth | E31: B2CW | F31: NEW | G31: Medium | H31: Q4 2026 | I31: =IF($A31="","",IFERROR(IF(ISBLANK(INDEX(SprintPlanning[Sprint],MATCH($A31,SprintPlanning[Requirement ID],0))),"To Plan",INDEX(SprintPlanning[Sprint],MATCH($A31,SprintPlanning[Requirement ID],0))),"To Plan")) | J31: 5 | K31: =IFERROR(IF(ISBLANK(INDEX(Release[Release],MATCH($A31,Release[Requirement ID],0))),"",INDEX(Release[Release],MATCH($A31,Release[Requirement ID],0))),"") | L31: 46232 | O31: =IF($N31="","","https://smartship.atlassian.net/browse/"&$N31) | P31: =IFERROR(VALUE(MID($A31,5,4)),0)
A32: NEW-0361 | B32: US - adding of fields to Hold option orchestration in call to AJO -cabincode, embarkation date, cruise area | C32: CR | D32: Growth | E32: MA | F32: NEW | G32: Medium | H32: Q4 2026 | I32: =IF($A32="","",IFERROR(IF(ISBLANK(INDEX(SprintPlanning[Sprint],MATCH($A32,SprintPlanning[Requirement ID],0))),"To Plan",INDEX(SprintPlanning[Sprint],MATCH($A32,SprintPlanning[Requirement ID],0))),"To Plan")) | K32: =IFERROR(IF(ISBLANK(INDEX(Release[Release],MATCH($A32,Release[Requirement ID],0))),"",INDEX(Release[Release],MATCH($A32,Release[Requirement ID],0))),"") | L32: 46232 | O32: =IF($N32="","","https://smartship.atlassian.net/browse/"&$N32) | P32: =IFERROR(VALUE(MID($A32,5,4)),0)
A33: NEW-0362 | B33: US - Known and Unknown management analysis for US (CDP/AJO) | C33: CR | D33: Growth | E33: MA | F33: NEW | G33: Medium | H33: Q4 2026 | I33: =IF($A33="","",IFERROR(IF(ISBLANK(INDEX(SprintPlanning[Sprint],MATCH($A33,SprintPlanning[Requirement ID],0))),"To Plan",INDEX(SprintPlanning[Sprint],MATCH($A33,SprintPlanning[Requirement ID],0))),"To Plan")) | K33: =IFERROR(IF(ISBLANK(INDEX(Release[Release],MATCH($A33,Release[Requirement ID],0))),"",INDEX(Release[Release],MATCH($A33,Release[Requirement ID],0))),"") | L33: 46232 | O33: =IF($N33="","","https://smartship.atlassian.net/browse/"&$N33) | P33: =IFERROR(VALUE(MID($A33,5,4)),0)
A34: NEW-0363 | B34: US - Outbound Leads - Light Login for Leads Moving Option Expiring | C34: CR | D34: Growth | E34: B2CW | F34: NEW | G34: Medium | H34: Q4 2026 | I34: =IF($A34="","",IFERROR(IF(ISBLANK(INDEX(SprintPlanning[Sprint],MATCH($A34,SprintPlanning[Requirement ID],0))),"To Plan",INDEX(SprintPlanning[Sprint],MATCH($A34,SprintPlanning[Requirement ID],0))),"To Plan")) | K34: =IFERROR(IF(ISBLANK(INDEX(Release[Release],MATCH($A34,Release[Requirement ID],0))),"",INDEX(Release[Release],MATCH($A34,Release[Requirement ID],0))),"") | L34: 46232 | O34: =IF($N34="","","https://smartship.atlassian.net/browse/"&$N34) | P34: =IFERROR(VALUE(MID($A34,5,4)),0)
A35: NEW-0364 | B35: B2CW Booking Funnel - TRF and Pricing Structure Assessment – ESP Market | C35: CR | D35: Growth | E35: B2CW | F35: NEW | G35: Medium | H35: Q4 2026 | I35: =IF($A35="","",IFERROR(IF(ISBLANK(INDEX(SprintPlanning[Sprint],MATCH($A35,SprintPlanning[Requirement ID],0))),"To Plan",INDEX(SprintPlanning[Sprint],MATCH($A35,SprintPlanning[Requirement ID],0))),"To Plan")) | K35: =IFERROR(IF(ISBLANK(INDEX(Release[Release],MATCH($A35,Release[Requirement ID],0))),"",INDEX(Release[Release],MATCH($A35,Release[Requirement ID],0))),"") | L35: 46232 | O35: =IF($N35="","","https://smartship.atlassian.net/browse/"&$N35) | P35: =IFERROR(VALUE(MID($A35,5,4)),0)
A36: NEW-0366 | B36: B2CW Accessibility & Medical Webform Business Rules for booking | C36: CR | D36: Growth | E36: B2CW | F36: NEW | G36: Medium | H36: Q4 2026 | I36: =IF($A36="","",IFERROR(IF(ISBLANK(INDEX(SprintPlanning[Sprint],MATCH($A36,SprintPlanning[Requirement ID],0))),"To Plan",INDEX(SprintPlanning[Sprint],MATCH($A36,SprintPlanning[Requirement ID],0))),"To Plan")) | K36: =IFERROR(IF(ISBLANK(INDEX(Release[Release],MATCH($A36,Release[Requirement ID],0))),"",INDEX(Release[Release],MATCH($A36,Release[Requirement ID],0))),"") | L36: 46232 | O36: =IF($N36="","","https://smartship.atlassian.net/browse/"&$N36) | P36: =IFERROR(VALUE(MID($A36,5,4)),0)
A37: NEW-0367 | B37: MyMSC US | Extend JWT expiry | C37: CR | D37: Growth | E37: B2CW | F37: NEW | G37: Medium | H37: Q4 2026 | I37: =IF($A37="","",IFERROR(IF(ISBLANK(INDEX(SprintPlanning[Sprint],MATCH($A37,SprintPlanning[Requirement ID],0))),"To Plan",INDEX(SprintPlanning[Sprint],MATCH($A37,SprintPlanning[Requirement ID],0))),"To Plan")) | J37: 5 | K37: =IFERROR(IF(ISBLANK(INDEX(Release[Release],MATCH($A37,Release[Requirement ID],0))),"",INDEX(Release[Release],MATCH($A37,Release[Requirement ID],0))),"") | L37: 46232 | O37: =IF($N37="","","https://smartship.atlassian.net/browse/"&$N37) | P37: =IFERROR(VALUE(MID($A37,5,4)),0)
A38: NEW-0370 | B38: Handling DSC_076 scenario in booking funnel | C38: CR | D38: Growth | E38: B2CW | G38: Medium | I38: =IF($A38="","",IFERROR(IF(ISBLANK(INDEX(SprintPlanning[Sprint],MATCH($A38,SprintPlanning[Requirement ID],0))),"To Plan",INDEX(SprintPlanning[Sprint],MATCH($A38,SprintPlanning[Requirement ID],0))),"To Plan")) | K38: =IFERROR(IF(ISBLANK(INDEX(Release[Release],MATCH($A38,Release[Requirement ID],0))),"",INDEX(Release[Release],MATCH($A38,Release[Requirement ID],0))),"") | L38: 46232 | O38: =IF($N38="","","https://smartship.atlassian.net/browse/"&$N38) | P38: =IFERROR(VALUE(MID($A38,5,4)),0)
A39: NEW-0371 | B39: B2CW Prospect Onsite Quotation | C39: TBC | D39: Growth | E39: B2CW | F39: NEW | G39: Medium | I39: =IF($A39="","",IFERROR(IF(ISBLANK(INDEX(SprintPlanning[Sprint],MATCH($A39,SprintPlanning[Requirement ID],0))),"To Plan",INDEX(SprintPlanning[Sprint],MATCH($A39,SprintPlanning[Requirement ID],0))),"To Plan")) | J39: 5 | K39: =IFERROR(IF(ISBLANK(INDEX(Release[Release],MATCH($A39,Release[Requirement ID],0))),"",INDEX(Release[Release],MATCH($A39,Release[Requirement ID],0))),"") | L39: 46232 | O39: =IF($N39="","","https://smartship.atlassian.net/browse/"&$N39) | P39: =IFERROR(VALUE(MID($A39,5,4)),0)
A40: NEW-0373 | B40: Booking Funnel - AI Optimisation | C40: Tech Task | D40: Backlog / Tech Enh | E40: ALL | F40: NEW | G40: Medium | I40: =IF($A40="","",IFERROR(IF(ISBLANK(INDEX(SprintPlanning[Sprint],MATCH($A40,SprintPlanning[Requirement ID],0))),"To Plan",INDEX(SprintPlanning[Sprint],MATCH($A40,SprintPlanning[Requirement ID],0))),"To Plan")) | K40: =IFERROR(IF(ISBLANK(INDEX(Release[Release],MATCH($A40,Release[Requirement ID],0))),"",INDEX(Release[Release],MATCH($A40,Release[Requirement ID],0))),"") | L40: 46232 | O40: =IF($N40="","","https://smartship.atlassian.net/browse/"&$N40) | P40: =IFERROR(VALUE(MID($A40,5,4)),0)
A41: NEW-0375 | B41: Booking Funnel - OTEL | C41: Tech Task | D41: Backlog / Tech Enh | E41: ALL | F41: IN PROGRESS | G41: Medium | I41: =IF($A41="","",IFERROR(IF(ISBLANK(INDEX(SprintPlanning[Sprint],MATCH($A41,SprintPlanning[Requirement ID],0))),"To Plan",INDEX(SprintPlanning[Sprint],MATCH($A41,SprintPlanning[Requirement ID],0))),"To Plan")) | K41: =IFERROR(IF(ISBLANK(INDEX(Release[Release],MATCH($A41,Release[Requirement ID],0))),"",INDEX(Release[Release],MATCH($A41,Release[Requirement ID],0))),"") | L41: 46232 | O41: =IF($N41="","","https://smartship.atlassian.net/browse/"&$N41) | P41: =IFERROR(VALUE(MID($A41,5,4)),0)
A42: NEW-0376 | B42: Improve error handling in booking creation | C42: Tech Task | D42: Backlog / Tech Enh | E42: ALL | F42: NEW | G42: Medium | I42: =IF($A42="","",IFERROR(IF(ISBLANK(INDEX(SprintPlanning[Sprint],MATCH($A42,SprintPlanning[Requirement ID],0))),"To Plan",INDEX(SprintPlanning[Sprint],MATCH($A42,SprintPlanning[Requirement ID],0))),"To Plan")) | K42: =IFERROR(IF(ISBLANK(INDEX(Release[Release],MATCH($A42,Release[Requirement ID],0))),"",INDEX(Release[Release],MATCH($A42,Release[Requirement ID],0))),"") | L42: 46232 | O42: =IF($N42="","","https://smartship.atlassian.net/browse/"&$N42) | P42: =IFERROR(VALUE(MID($A42,5,4)),0)
A43: NEW-0377 | B43: DTTP25-27161 Change payment and newsletter redirection URL logic | C43: Tech Task | D43: Backlog / Tech Enh | E43: ALL | F43: NEW | G43: Medium | I43: =IF($A43="","",IFERROR(IF(ISBLANK(INDEX(SprintPlanning[Sprint],MATCH($A43,SprintPlanning[Requirement ID],0))),"To Plan",INDEX(SprintPlanning[Sprint],MATCH($A43,SprintPlanning[Requirement ID],0))),"To Plan")) | K43: =IFERROR(IF(ISBLANK(INDEX(Release[Release],MATCH($A43,Release[Requirement ID],0))),"",INDEX(Release[Release],MATCH($A43,Release[Requirement ID],0))),"") | L43: 46232 | O43: =IF($N43="","","https://smartship.atlassian.net/browse/"&$N43) | P43: =IFERROR(VALUE(MID($A43,5,4)),0)
A44: NEW-0384 | B44: New Security Remediation - DTTP Stack to CRM ASIS_EA | C44: CR | D44: PI10 | E44: CRMASIS | F44: NA | G44: Medium | I44: =IF($A44="","",IFERROR(IF(ISBLANK(INDEX(SprintPlanning[Sprint],MATCH($A44,SprintPlanning[Requirement ID],0))),"To Plan",INDEX(SprintPlanning[Sprint],MATCH($A44,SprintPlanning[Requirement ID],0))),"To Plan")) | K44: =IFERROR(IF(ISBLANK(INDEX(Release[Release],MATCH($A44,Release[Requirement ID],0))),"",INDEX(Release[Release],MATCH($A44,Release[Requirement ID],0))),"") | L44: 46232 | O44: =IF($N44="","","https://smartship.atlassian.net/browse/"&$N44) | P44: =IFERROR(VALUE(MID($A44,5,4)),0)
A45: NEW-0395 | B45: PDF: age restrictions management | C45: CR | D45: MyMSC | E45: B2CW | F45: NEW | G45: Medium | H45: Aug 2026 | I45: =IF($A45="","",IFERROR(IF(ISBLANK(INDEX(SprintPlanning[Sprint],MATCH($A45,SprintPlanning[Requirement ID],0))),"To Plan",INDEX(SprintPlanning[Sprint],MATCH($A45,SprintPlanning[Requirement ID],0))),"To Plan")) | J45: 5 | K45: =IFERROR(IF(ISBLANK(INDEX(Release[Release],MATCH($A45,Release[Requirement ID],0))),"",INDEX(Release[Release],MATCH($A45,Release[Requirement ID],0))),"") | L45: 46232 | O45: =IF($N45="","","https://smartship.atlassian.net/browse/"&$N45) | P45: =IFERROR(VALUE(MID($A45,5,4)),0)
A46: NEW-0397 | B46: MSC Voyagers Club subscription block for pending Status Match request for the same user | C46: CR | D46: MyMSC | E46: B2CW | F46: NEW | G46: Medium | H46: Q1 2027 | I46: =IF($A46="","",IFERROR(IF(ISBLANK(INDEX(SprintPlanning[Sprint],MATCH($A46,SprintPlanning[Requirement ID],0))),"To Plan",INDEX(SprintPlanning[Sprint],MATCH($A46,SprintPlanning[Requirement ID],0))),"To Plan")) | J46: 8 | K46: =IFERROR(IF(ISBLANK(INDEX(Release[Release],MATCH($A46,Release[Requirement ID],0))),"",INDEX(Release[Release],MATCH($A46,Release[Requirement ID],0))),"") | L46: 46232 | O46: =IF($N46="","","https://smartship.atlassian.net/browse/"&$N46) | P46: =IFERROR(VALUE(MID($A46,5,4)),0)
A47: NEW-0398 | B47: MSC Voyagers Club children association | C47: CR | D47: MyMSC | E47: B2CW | F47: NEW | G47: Medium | H47: Q1 2027 | I47: =IF($A47="","",IFERROR(IF(ISBLANK(INDEX(SprintPlanning[Sprint],MATCH($A47,SprintPlanning[Requirement ID],0))),"To Plan",INDEX(SprintPlanning[Sprint],MATCH($A47,SprintPlanning[Requirement ID],0))),"To Plan")) | J47: 13 | K47: =IFERROR(IF(ISBLANK(INDEX(Release[Release],MATCH($A47,Release[Requirement ID],0))),"",INDEX(Release[Release],MATCH($A47,Release[Requirement ID],0))),"") | L47: 46232 | O47: =IF($N47="","","https://smartship.atlassian.net/browse/"&$N47) | P47: =IFERROR(VALUE(MID($A47,5,4)),0)
A48: NEW-0399 | B48: Managing the possibility of multiple categories for the same EXC item | C48: CR | D48: MyMSC | E48: B2CW | F48: NEW | G48: Medium | H48: Q1 2027 | I48: =IF($A48="","",IFERROR(IF(ISBLANK(INDEX(SprintPlanning[Sprint],MATCH($A48,SprintPlanning[Requirement ID],0))),"To Plan",INDEX(SprintPlanning[Sprint],MATCH($A48,SprintPlanning[Requirement ID],0))),"To Plan")) | J48: 8 | K48: =IFERROR(IF(ISBLANK(INDEX(Release[Release],MATCH($A48,Release[Requirement ID],0))),"",INDEX(Release[Release],MATCH($A48,Release[Requirement ID],0))),"") | L48: 46232 | O48: =IF($N48="","","https://smartship.atlassian.net/browse/"&$N48) | P48: =IFERROR(VALUE(MID($A48,5,4)),0)
A49: NEW-0400 | B49: Card Points History Reliability Enhancement - B2C | C49: CR | D49: MyMSC | E49: B2CW | F49: NEW | G49: Medium | H49: Q1 2027 | I49: =IF($A49="","",IFERROR(IF(ISBLANK(INDEX(SprintPlanning[Sprint],MATCH($A49,SprintPlanning[Requirement ID],0))),"To Plan",INDEX(SprintPlanning[Sprint],MATCH($A49,SprintPlanning[Requirement ID],0))),"To Plan")) | J49: 8 | K49: =IFERROR(IF(ISBLANK(INDEX(Release[Release],MATCH($A49,Release[Requirement ID],0))),"",INDEX(Release[Release],MATCH($A49,Release[Requirement ID],0))),"") | L49: 46232 | O49: =IF($N49="","","https://smartship.atlassian.net/browse/"&$N49) | P49: =IFERROR(VALUE(MID($A49,5,4)),0)
A50: NEW-0401 | B50: Excursions' category not visible, neither in the catalogue nor in the modal | C50: CR | D50: MyMSC | E50: B2CW | F50: NEW | G50: Medium | H50: Q1 2027 | I50: =IF($A50="","",IFERROR(IF(ISBLANK(INDEX(SprintPlanning[Sprint],MATCH($A50,SprintPlanning[Requirement ID],0))),"To Plan",INDEX(SprintPlanning[Sprint],MATCH($A50,SprintPlanning[Requirement ID],0))),"To Plan")) | J50: 8 | K50: =IFERROR(IF(ISBLANK(INDEX(Release[Release],MATCH($A50,Release[Requirement ID],0))),"",INDEX(Release[Release],MATCH($A50,Release[Requirement ID],0))),"") | L50: 46232 | O50: =IF($N50="","","https://smartship.atlassian.net/browse/"&$N50) | P50: =IFERROR(VALUE(MID($A50,5,4)),0)
A51: NEW-0402 | B51: Cross Device > Plan my cruise: Cart > Impossible to apply a coupon on a NON-Discounted item | C51: CR | D51: MyMSC | E51: B2CW | F51: NEW | G51: Medium | H51: Q1 2027 | I51: =IF($A51="","",IFERROR(IF(ISBLANK(INDEX(SprintPlanning[Sprint],MATCH($A51,SprintPlanning[Requirement ID],0))),"To Plan",INDEX(SprintPlanning[Sprint],MATCH($A51,SprintPlanning[Requirement ID],0))),"To Plan")) | J51: 8 | K51: =IFERROR(IF(ISBLANK(INDEX(Release[Release],MATCH($A51,Release[Requirement ID],0))),"",INDEX(Release[Release],MATCH($A51,Release[Requirement ID],0))),"") | L51: 46232 | O51: =IF($N51="","","https://smartship.atlassian.net/browse/"&$N51) | P51: =IFERROR(VALUE(MID($A51,5,4)),0)
A52: NEW-0403 | B52: Wider management of label | C52: TBC | D52: MyMSC | E52: B2CW | F52: NEW | G52: Medium | H52: Q1 2027 | I52: =IF($A52="","",IFERROR(IF(ISBLANK(INDEX(SprintPlanning[Sprint],MATCH($A52,SprintPlanning[Requirement ID],0))),"To Plan",INDEX(SprintPlanning[Sprint],MATCH($A52,SprintPlanning[Requirement ID],0))),"To Plan")) | K52: =IFERROR(IF(ISBLANK(INDEX(Release[Release],MATCH($A52,Release[Requirement ID],0))),"",INDEX(Release[Release],MATCH($A52,Release[Requirement ID],0))),"") | L52: 46232 | O52: =IF($N52="","","https://smartship.atlassian.net/browse/"&$N52) | P52: =IFERROR(VALUE(MID($A52,5,4)),0)
A53: NEW-0404 | B53: Cross Device > Plan My Cruise > OBS/ACT 'Add passenger' CTA shown even if only non-eligible pax | C53: TBC | D53: MyMSC | E53: B2CW | F53: NEW | G53: Medium | H53: Q1 2027 | I53: =IF($A53="","",IFERROR(IF(ISBLANK(INDEX(SprintPlanning[Sprint],MATCH($A53,SprintPlanning[Requirement ID],0))),"To Plan",INDEX(SprintPlanning[Sprint],MATCH($A53,SprintPlanning[Requirement ID],0))),"To Plan")) | K53: =IFERROR(IF(ISBLANK(INDEX(Release[Release],MATCH($A53,Release[Requirement ID],0))),"",INDEX(Release[Release],MATCH($A53,Release[Requirement ID],0))),"") | L53: 46232 | O53: =IF($N53="","","https://smartship.atlassian.net/browse/"&$N53) | P53: =IFERROR(VALUE(MID($A53,5,4)),0)
A54: NEW-0405 | B54: Whatsapp Subscription (Phase 3) | C54: CR | D54: Backlog | E54: MA | F54: NEW | G54: Medium | H54: Q4 2026 | I54: =IF($A54="","",IFERROR(IF(ISBLANK(INDEX(SprintPlanning[Sprint],MATCH($A54,SprintPlanning[Requirement ID],0))),"To Plan",INDEX(SprintPlanning[Sprint],MATCH($A54,SprintPlanning[Requirement ID],0))),"To Plan")) | J54: 16 | K54: =IFERROR(IF(ISBLANK(INDEX(Release[Release],MATCH($A54,Release[Requirement ID],0))),"",INDEX(Release[Release],MATCH($A54,Release[Requirement ID],0))),"") | L54: 46233 | O54: =IF($N54="","","https://smartship.atlassian.net/browse/"&$N54) | P54: =IFERROR(VALUE(MID($A54,5,4)),0)
A55: NEW-0407 | B55: Puerto Rico on US site Status Match (INT010.3) | C55: CR | D55: US | F55: NEW | G55: High | H55: Q3 2026 | I55: =IF($A55="","",IFERROR(IF(ISBLANK(INDEX(SprintPlanning[Sprint],MATCH($A55,SprintPlanning[Requirement ID],0))),"To Plan",INDEX(SprintPlanning[Sprint],MATCH($A55,SprintPlanning[Requirement ID],0))),"To Plan")) | J55: 5 | K55: =IFERROR(IF(ISBLANK(INDEX(Release[Release],MATCH($A55,Release[Requirement ID],0))),"",INDEX(Release[Release],MATCH($A55,Release[Requirement ID],0))),"") | L55: 46237 | M55: Created | N55: MDTTPU-15251 | O55: =IF($N55="","","https://smartship.atlassian.net/browse/"&$N55) | P55: =IFERROR(VALUE(MID($A55,5,4)),0)
A56: NEW-0413 | B56: [EINT][INT187][INT139][INT145] - Remove phone number mapping from Datatrans transaction creation | C56: Tech Story | D56: PI10 | E56: M4M | F56: NEW | G56: Medium | I56: =IF($A56="","",IFERROR(IF(ISBLANK(INDEX(SprintPlanning[Sprint],MATCH($A56,SprintPlanning[Requirement ID],0))),"To Plan",INDEX(SprintPlanning[Sprint],MATCH($A56,SprintPlanning[Requirement ID],0))),"To Plan")) | K56: =IFERROR(IF(ISBLANK(INDEX(Release[Release],MATCH($A56,Release[Requirement ID],0))),"",INDEX(Release[Release],MATCH($A56,Release[Requirement ID],0))),"") | L56: 46237 | M56: Created | N56: DTTP25-41728 | O56: =IF($N56="","","https://smartship.atlassian.net/browse/"&$N56) | P56: =IFERROR(VALUE(MID($A56,5,4)),0)
A57: NEW-0414 | B57: [EINT][INT139][INT140][INT187][INT188] - Fix PromoCodeData coupon/discount code field mapping | C57: Tech Story | D57: PI10 | E57: M4M | F57: NEW | G57: Medium | I57: =IF($A57="","",IFERROR(IF(ISBLANK(INDEX(SprintPlanning[Sprint],MATCH($A57,SprintPlanning[Requirement ID],0))),"To Plan",INDEX(SprintPlanning[Sprint],MATCH($A57,SprintPlanning[Requirement ID],0))),"To Plan")) | K57: =IFERROR(IF(ISBLANK(INDEX(Release[Release],MATCH($A57,Release[Requirement ID],0))),"",INDEX(Release[Release],MATCH($A57,Release[Requirement ID],0))),"") | L57: 46237 | M57: Created | N57: DTTP25-41730 | O57: =IF($N57="","","https://smartship.atlassian.net/browse/"&$N57) | P57: =IFERROR(VALUE(MID($A57,5,4)),0)
A58: NEW-0415 | B58: [EINT][INT139][INT187][INT140][INT188] - Improve error handling: BKGREQ_098, BKGREQ_050, PPI_DRIPR_11 | C58: Tech Story | D58: PI10 | E58: M4M | F58: NEW | G58: Medium | I58: =IF($A58="","",IFERROR(IF(ISBLANK(INDEX(SprintPlanning[Sprint],MATCH($A58,SprintPlanning[Requirement ID],0))),"To Plan",INDEX(SprintPlanning[Sprint],MATCH($A58,SprintPlanning[Requirement ID],0))),"To Plan")) | K58: =IFERROR(IF(ISBLANK(INDEX(Release[Release],MATCH($A58,Release[Requirement ID],0))),"",INDEX(Release[Release],MATCH($A58,Release[Requirement ID],0))),"") | L58: 46237 | M58: Created | N58: DTTP25-41725 | O58: =IF($N58="","","https://smartship.atlassian.net/browse/"&$N58) | P58: =IFERROR(VALUE(MID($A58,5,4)),0)
A59: NEW-0032 | B59: Cruise ID / Birthdate missing from A013 and A007 | C59: CR | D59: MyMSC | E59: B2CW | F59: DONE | G59: Medium | I59: =IF($A59="","",IFERROR(IF(ISBLANK(INDEX(SprintPlanning[Sprint],MATCH($A59,SprintPlanning[Requirement ID],0))),"To Plan",INDEX(SprintPlanning[Sprint],MATCH($A59,SprintPlanning[Requirement ID],0))),"To Plan")) | J59: 8 | K59: =IFERROR(IF(ISBLANK(INDEX(Release[Release],MATCH($A59,Release[Requirement ID],0))),"",INDEX(Release[Release],MATCH($A59,Release[Requirement ID],0))),"") | L59: 46226 | M59: Created | N59: DTTP25-40256 | O59: =IF($N59="","","https://smartship.atlassian.net/browse/"&$N59) | P59: =IFERROR(VALUE(MID($A59,5,4)),0)
A60: NEW-0047 | B60: Load Test + Performance Enhancements | C60: Tech Task | D60: US | E60: ALL | F60: IN PROGRESS | G60: Medium | I60: =IF($A60="","",IFERROR(IF(ISBLANK(INDEX(SprintPlanning[Sprint],MATCH($A60,SprintPlanning[Requirement ID],0))),"To Plan",INDEX(SprintPlanning[Sprint],MATCH($A60,SprintPlanning[Requirement ID],0))),"To Plan")) | J60: 40 | K60: =IFERROR(IF(ISBLANK(INDEX(Release[Release],MATCH($A60,Release[Requirement ID],0))),"",INDEX(Release[Release],MATCH($A60,Release[Requirement ID],0))),"") | L60: 46226 | M60: Created | N60: MDTTPU-13969 | O60: =IF($N60="","","https://smartship.atlassian.net/browse/"&$N60) | P60: =IFERROR(VALUE(MID($A60,5,4)),0)
A61: NEW-0048 | B61: API Prod Configurations | C61: Config | D61: US | E61: B2CW | F61: IN PROGRESS | G61: Medium | I61: =IF($A61="","",IFERROR(IF(ISBLANK(INDEX(SprintPlanning[Sprint],MATCH($A61,SprintPlanning[Requirement ID],0))),"To Plan",INDEX(SprintPlanning[Sprint],MATCH($A61,SprintPlanning[Requirement ID],0))),"To Plan")) | J61: 8 | K61: =IFERROR(IF(ISBLANK(INDEX(Release[Release],MATCH($A61,Release[Requirement ID],0))),"",INDEX(Release[Release],MATCH($A61,Release[Requirement ID],0))),"") | L61: 46226 | M61: Created | N61: MDTTPU-1292 | O61: =IF($N61="","","https://smartship.atlassian.net/browse/"&$N61) | P61: =IFERROR(VALUE(MID($A61,5,4)),0)
A62: NEW-0049 | B62: Redo configs of US in Chain 1 branches for non-prod/ prod | C62: Config | D62: US | E62: ALL | F62: IN PROGRESS | G62: Medium | I62: =IF($A62="","",IFERROR(IF(ISBLANK(INDEX(SprintPlanning[Sprint],MATCH($A62,SprintPlanning[Requirement ID],0))),"To Plan",INDEX(SprintPlanning[Sprint],MATCH($A62,SprintPlanning[Requirement ID],0))),"To Plan")) | J62: 8 | K62: =IFERROR(IF(ISBLANK(INDEX(Release[Release],MATCH($A62,Release[Requirement ID],0))),"",INDEX(Release[Release],MATCH($A62,Release[Requirement ID],0))),"") | L62: 46226 | M62: Created | N62: MDTTPU-13739 | O62: =IF($N62="","","https://smartship.atlassian.net/browse/"&$N62) | P62: =IFERROR(VALUE(MID($A62,5,4)),0)
A63: NEW-0050 | B63: Redo market routing logic to cover calls to CDP for Chain 1 | C63: Config | D63: US | E63: ALL | F63: IN PROGRESS | G63: Medium | I63: =IF($A63="","",IFERROR(IF(ISBLANK(INDEX(SprintPlanning[Sprint],MATCH($A63,SprintPlanning[Requirement ID],0))),"To Plan",INDEX(SprintPlanning[Sprint],MATCH($A63,SprintPlanning[Requirement ID],0))),"To Plan")) | J63: 13 | K63: =IFERROR(IF(ISBLANK(INDEX(Release[Release],MATCH($A63,Release[Requirement ID],0))),"",INDEX(Release[Release],MATCH($A63,Release[Requirement ID],0))),"") | L63: 46226 | M63: Created | N63: MDTTPU-13740 | O63: =IF($N63="","","https://smartship.atlassian.net/browse/"&$N63) | P63: =IFERROR(VALUE(MID($A63,5,4)),0)
A64: NEW-0051 | B64: US Migration to CHAIN1 | C64: Tech Task | D64: US | E64: ALL | F64: IN PROGRESS | G64: High | I64: =IF($A64="","",IFERROR(IF(ISBLANK(INDEX(SprintPlanning[Sprint],MATCH($A64,SprintPlanning[Requirement ID],0))),"To Plan",INDEX(SprintPlanning[Sprint],MATCH($A64,SprintPlanning[Requirement ID],0))),"To Plan")) | J64: 5 | K64: =IFERROR(IF(ISBLANK(INDEX(Release[Release],MATCH($A64,Release[Requirement ID],0))),"",INDEX(Release[Release],MATCH($A64,Release[Requirement ID],0))),"") | L64: 46226 | M64: Created | N64: MDTTPU-13970 | O64: =IF($N64="","","https://smartship.atlassian.net/browse/"&$N64) | P64: =IFERROR(VALUE(MID($A64,5,4)),0)
A65: NEW-0053 | B65: US Configuration CHAIN1/2 | C65: Config | D65: MyMSC | E65: B2CW | F65: NEW | G65: Medium | I65: =IF($A65="","",IFERROR(IF(ISBLANK(INDEX(SprintPlanning[Sprint],MATCH($A65,SprintPlanning[Requirement ID],0))),"To Plan",INDEX(SprintPlanning[Sprint],MATCH($A65,SprintPlanning[Requirement ID],0))),"To Plan")) | J65: 8 | K65: =IFERROR(IF(ISBLANK(INDEX(Release[Release],MATCH($A65,Release[Requirement ID],0))),"",INDEX(Release[Release],MATCH($A65,Release[Requirement ID],0))),"") | L65: 46226 | M65: Created | N65: MDTTPU-13662 | O65: =IF($N65="","","https://smartship.atlassian.net/browse/"&$N65) | P65: =IFERROR(VALUE(MID($A65,5,4)),0)
A66: NEW-0055 | B66: Release Preparation (Release 15, M4M, US) | C66: Tech Task | D66: Cross | E66: ALL | F66: IN PROGRESS | G66: High | I66: =IF($A66="","",IFERROR(IF(ISBLANK(INDEX(SprintPlanning[Sprint],MATCH($A66,SprintPlanning[Requirement ID],0))),"To Plan",INDEX(SprintPlanning[Sprint],MATCH($A66,SprintPlanning[Requirement ID],0))),"To Plan")) | J66: 21 | K66: =IFERROR(IF(ISBLANK(INDEX(Release[Release],MATCH($A66,Release[Requirement ID],0))),"",INDEX(Release[Release],MATCH($A66,Release[Requirement ID],0))),"") | L66: 46226 | M66: Created | N66: MDTTPU-13971 | O66: =IF($N66="","","https://smartship.atlassian.net/browse/"&$N66) | P66: =IFERROR(VALUE(MID($A66,5,4)),0)
A67: NEW-0359 | B67: Paypal Reconciliation for booking payments | C67: CR | D67: Growth | E67: B2CW | F67: DONE | G67: High | I67: =IF($A67="","",IFERROR(IF(ISBLANK(INDEX(SprintPlanning[Sprint],MATCH($A67,SprintPlanning[Requirement ID],0))),"To Plan",INDEX(SprintPlanning[Sprint],MATCH($A67,SprintPlanning[Requirement ID],0))),"To Plan")) | J67: 5 | K67: =IFERROR(IF(ISBLANK(INDEX(Release[Release],MATCH($A67,Release[Requirement ID],0))),"",INDEX(Release[Release],MATCH($A67,Release[Requirement ID],0))),"") | L67: 46232 | M67: Created | N67: DTTP25-19655 | O67: =IF($N67="","","https://smartship.atlassian.net/browse/"&$N67) | P67: =IFERROR(VALUE(MID($A67,5,4)),0)
A68: NEW-0392 | B68: INT183 - Add price per night | C68: CR | D68: PI10 | E68: M4M | F68: DONE | G68: High | I68: =IF($A68="","",IFERROR(IF(ISBLANK(INDEX(SprintPlanning[Sprint],MATCH($A68,SprintPlanning[Requirement ID],0))),"To Plan",INDEX(SprintPlanning[Sprint],MATCH($A68,SprintPlanning[Requirement ID],0))),"To Plan")) | J68: 3 | K68: =IFERROR(IF(ISBLANK(INDEX(Release[Release],MATCH($A68,Release[Requirement ID],0))),"",INDEX(Release[Release],MATCH($A68,Release[Requirement ID],0))),"") | L68: 46232 | M68: Created | N68: EA-1772 | O68: =IF($N68="","","https://smartship.atlassian.net/browse/"&$N68) | P68: =IFERROR(VALUE(MID($A68,5,4)),0)
A69: NEW-0406 | B69: myMSC Add USA Market Configuration - Production | C69: Config | D69: MyMSC | E69: B2CW | F69: NEW | G69: Medium | H69: Q3 2026 | I69: =IF($A69="","",IFERROR(IF(ISBLANK(INDEX(SprintPlanning[Sprint],MATCH($A69,SprintPlanning[Requirement ID],0))),"To Plan",INDEX(SprintPlanning[Sprint],MATCH($A69,SprintPlanning[Requirement ID],0))),"To Plan")) | J69: 8 | K69: =IFERROR(IF(ISBLANK(INDEX(Release[Release],MATCH($A69,Release[Requirement ID],0))),"",INDEX(Release[Release],MATCH($A69,Release[Requirement ID],0))),"") | L69: 46233 | M69: Created | N69: MDTTPU-14018 | O69: =IF($N69="","","https://smartship.atlassian.net/browse/"&$N69) | P69: =IFERROR(VALUE(MID($A69,5,4)),0)
A70: NEW-0416 | B70: Relax MyArea access rules in LL | C70: CR | D70: MyMSC | E70: B2CW | F70: DONE | G70: Medium | I70: =IF($A70="","",IFERROR(IF(ISBLANK(INDEX(SprintPlanning[Sprint],MATCH($A70,SprintPlanning[Requirement ID],0))),"To Plan",INDEX(SprintPlanning[Sprint],MATCH($A70,SprintPlanning[Requirement ID],0))),"To Plan")) | J70: 5 | K70: =IFERROR(IF(ISBLANK(INDEX(Release[Release],MATCH($A70,Release[Requirement ID],0))),"",INDEX(Release[Release],MATCH($A70,Release[Requirement ID],0))),"") | L70: 46238 | M70: Created | N70: DTTP25-41462 | O70: =IF($N70="","","https://smartship.atlassian.net/browse/"&$N70) | P70: =IFERROR(VALUE(MID($A70,5,4)),0)
A71: NEW-0012 | B71: INT 103 - agency email,. Representative code in INT 101/ 103 (webform US) | C71: CR | D71: US | E71: S&S | F71: DONE | G71: Medium | I71: =IF($A71="","",IFERROR(IF(ISBLANK(INDEX(SprintPlanning[Sprint],MATCH($A71,SprintPlanning[Requirement ID],0))),"To Plan",INDEX(SprintPlanning[Sprint],MATCH($A71,SprintPlanning[Requirement ID],0))),"To Plan")) | J71: 5 | K71: =IFERROR(IF(ISBLANK(INDEX(Release[Release],MATCH($A71,Release[Requirement ID],0))),"",INDEX(Release[Release],MATCH($A71,Release[Requirement ID],0))),"") | L71: 46226 | M71: Created | N71: MDTTPU-6137 | O71: =IF($N71="","","https://smartship.atlassian.net/browse/"&$N71) | P71: =IFERROR(VALUE(MID($A71,5,4)),0)
A72: NEW-0015 | B72: Tokenisation - CR - INT 007/ INT 146 | C72: CR | D72: US | E72: B2CW | F72: DONE | G72: Medium | I72: =IF($A72="","",IFERROR(IF(ISBLANK(INDEX(SprintPlanning[Sprint],MATCH($A72,SprintPlanning[Requirement ID],0))),"To Plan",INDEX(SprintPlanning[Sprint],MATCH($A72,SprintPlanning[Requirement ID],0))),"To Plan")) | J72: 5 | K72: =IFERROR(IF(ISBLANK(INDEX(Release[Release],MATCH($A72,Release[Requirement ID],0))),"",INDEX(Release[Release],MATCH($A72,Release[Requirement ID],0))),"") | L72: 46226 | M72: Created | N72: MDTTPU-10926 | O72: =IF($N72="","","https://smartship.atlassian.net/browse/"&$N72) | P72: =IFERROR(VALUE(MID($A72,5,4)),0)
A73: NEW-0043 | B73: CR INT 113 - FormofPayment (PL) | C73: CR | D73: MyMSC | E73: B2CW | F73: DONE | G73: Medium | I73: =IF($A73="","",IFERROR(IF(ISBLANK(INDEX(SprintPlanning[Sprint],MATCH($A73,SprintPlanning[Requirement ID],0))),"To Plan",INDEX(SprintPlanning[Sprint],MATCH($A73,SprintPlanning[Requirement ID],0))),"To Plan")) | J73: 2 | K73: =IFERROR(IF(ISBLANK(INDEX(Release[Release],MATCH($A73,Release[Requirement ID],0))),"",INDEX(Release[Release],MATCH($A73,Release[Requirement ID],0))),"") | L73: 46226 | M73: Created | N73: DTTP25-38934 | O73: =IF($N73="","","https://smartship.atlassian.net/browse/"&$N73) | P73: =IFERROR(VALUE(MID($A73,5,4)),0)
A74: NEW-0044 | B74: CR INT 113/ INT 142 - Group type field | C74: CR | D74: MyMSC | E74: B2CW | F74: DONE | G74: Medium | I74: =IF($A74="","",IFERROR(IF(ISBLANK(INDEX(SprintPlanning[Sprint],MATCH($A74,SprintPlanning[Requirement ID],0))),"To Plan",INDEX(SprintPlanning[Sprint],MATCH($A74,SprintPlanning[Requirement ID],0))),"To Plan")) | J74: 3 | K74: =IFERROR(IF(ISBLANK(INDEX(Release[Release],MATCH($A74,Release[Requirement ID],0))),"",INDEX(Release[Release],MATCH($A74,Release[Requirement ID],0))),"") | L74: 46226 | M74: Created | N74: DTTP25-38931 | O74: =IF($N74="","","https://smartship.atlassian.net/browse/"&$N74) | P74: =IFERROR(VALUE(MID($A74,5,4)),0)
A75: NEW-0263 | B75: B2CW Payment Review - Data Lodging - INT140 & INT146 - prepaid/cruise booking myAREA | C75: CR | D75: US | E75: B2CW | F75: DONE | G75: Medium | I75: =IF($A75="","",IFERROR(IF(ISBLANK(INDEX(SprintPlanning[Sprint],MATCH($A75,SprintPlanning[Requirement ID],0))),"To Plan",INDEX(SprintPlanning[Sprint],MATCH($A75,SprintPlanning[Requirement ID],0))),"To Plan")) | J75: 10 | K75: =IFERROR(IF(ISBLANK(INDEX(Release[Release],MATCH($A75,Release[Requirement ID],0))),"",INDEX(Release[Release],MATCH($A75,Release[Requirement ID],0))),"") | L75: 46232 | M75: Created | N75: MDTTPU-4728 | O75: =IF($N75="","","https://smartship.atlassian.net/browse/"&$N75) | P75: =IFERROR(VALUE(MID($A75,5,4)),0)
A76: NEW-0264 | B76: Web form for US | C76: CR | D76: US | E76: MA | F76: DONE | G76: Medium | I76: =IF($A76="","",IFERROR(IF(ISBLANK(INDEX(SprintPlanning[Sprint],MATCH($A76,SprintPlanning[Requirement ID],0))),"To Plan",INDEX(SprintPlanning[Sprint],MATCH($A76,SprintPlanning[Requirement ID],0))),"To Plan")) | J76: 6 | K76: =IFERROR(IF(ISBLANK(INDEX(Release[Release],MATCH($A76,Release[Requirement ID],0))),"",INDEX(Release[Release],MATCH($A76,Release[Requirement ID],0))),"") | L76: 46232 | M76: Created | N76: MDTTPU-6137 | O76: =IF($N76="","","https://smartship.atlassian.net/browse/"&$N76) | P76: =IFERROR(VALUE(MID($A76,5,4)),0)
A77: NEW-0272 | B77: B2CW Payment Review Tokenisation - CR to update AJO/CDP A013/A070 | C77: CR | D77: US | E77: MA | F77: IN PROGRESS | G77: Medium | I77: =IF($A77="","",IFERROR(IF(ISBLANK(INDEX(SprintPlanning[Sprint],MATCH($A77,SprintPlanning[Requirement ID],0))),"To Plan",INDEX(SprintPlanning[Sprint],MATCH($A77,SprintPlanning[Requirement ID],0))),"To Plan")) | J77: 5 | K77: =IFERROR(IF(ISBLANK(INDEX(Release[Release],MATCH($A77,Release[Requirement ID],0))),"",INDEX(Release[Release],MATCH($A77,Release[Requirement ID],0))),"") | L77: 46232 | M77: Created | N77: MDTTPU-10926 | O77: =IF($N77="","","https://smartship.atlassian.net/browse/"&$N77) | P77: =IFERROR(VALUE(MID($A77,5,4)),0)
A78: NEW-0292 | B78: INT139 / INT140 - CR - Klarna Prepaid + PDC Customer Contacts | C78: CR | D78: MyMSC | E78: B2CW | F78: DONE | G78: Medium | I78: =IF($A78="","",IFERROR(IF(ISBLANK(INDEX(SprintPlanning[Sprint],MATCH($A78,SprintPlanning[Requirement ID],0))),"To Plan",INDEX(SprintPlanning[Sprint],MATCH($A78,SprintPlanning[Requirement ID],0))),"To Plan")) | J78: 16 | K78: =IFERROR(IF(ISBLANK(INDEX(Release[Release],MATCH($A78,Release[Requirement ID],0))),"",INDEX(Release[Release],MATCH($A78,Release[Requirement ID],0))),"") | L78: 46232 | M78: Created | N78: DTTP25-35604 | O78: =IF($N78="","","https://smartship.atlassian.net/browse/"&$N78) | P78: =IFERROR(VALUE(MID($A78,5,4)),0)
A79: NEW-0293 | B79: INT145 - CR - Klarna - MyMSC Checkout Payment Support | C79: CR | D79: MyMSC | E79: B2CW | F79: DONE | G79: Medium | I79: =IF($A79="","",IFERROR(IF(ISBLANK(INDEX(SprintPlanning[Sprint],MATCH($A79,SprintPlanning[Requirement ID],0))),"To Plan",INDEX(SprintPlanning[Sprint],MATCH($A79,SprintPlanning[Requirement ID],0))),"To Plan")) | J79: 8 | K79: =IFERROR(IF(ISBLANK(INDEX(Release[Release],MATCH($A79,Release[Requirement ID],0))),"",INDEX(Release[Release],MATCH($A79,Release[Requirement ID],0))),"") | L79: 46232 | M79: Created | N79: DTTP25-35603 | O79: =IF($N79="","","https://smartship.atlassian.net/browse/"&$N79) | P79: =IFERROR(VALUE(MID($A79,5,4)),0)
A80: NEW-0313 | B80: Idempotency on booking payments | C80: CR | D80: MyMSC | E80: B2CW | F80: DONE | G80: Medium | I80: =IF($A80="","",IFERROR(IF(ISBLANK(INDEX(SprintPlanning[Sprint],MATCH($A80,SprintPlanning[Requirement ID],0))),"To Plan",INDEX(SprintPlanning[Sprint],MATCH($A80,SprintPlanning[Requirement ID],0))),"To Plan")) | J80: 8 | K80: =IFERROR(IF(ISBLANK(INDEX(Release[Release],MATCH($A80,Release[Requirement ID],0))),"",INDEX(Release[Release],MATCH($A80,Release[Requirement ID],0))),"") | L80: 46232 | M80: Created | N80: DTTP25-36938 | O80: =IF($N80="","","https://smartship.atlassian.net/browse/"&$N80) | P80: =IFERROR(VALUE(MID($A80,5,4)),0)
A81: NEW-0341 | B81: DTS Post Booking Migration - Market US + CAN | C81: CR | D81: Backlog | E81: MA | F81: DONE | G81: Medium | I81: =IF($A81="","",IFERROR(IF(ISBLANK(INDEX(SprintPlanning[Sprint],MATCH($A81,SprintPlanning[Requirement ID],0))),"To Plan",INDEX(SprintPlanning[Sprint],MATCH($A81,SprintPlanning[Requirement ID],0))),"To Plan")) | J81: 8 | K81: =IFERROR(IF(ISBLANK(INDEX(Release[Release],MATCH($A81,Release[Requirement ID],0))),"",INDEX(Release[Release],MATCH($A81,Release[Requirement ID],0))),"") | L81: 46232 | M81: Created | N81: DTTP25-38409 | O81: =IF($N81="","","https://smartship.atlassian.net/browse/"&$N81) | P81: =IFERROR(VALUE(MID($A81,5,4)),0)
A82: NEW-0342 | B82: CDP / DTS Post Booking - CR - Pax details Change | C82: CR | D82: Backlog | E82: MA | F82: DONE | G82: Medium | I82: =IF($A82="","",IFERROR(IF(ISBLANK(INDEX(SprintPlanning[Sprint],MATCH($A82,SprintPlanning[Requirement ID],0))),"To Plan",INDEX(SprintPlanning[Sprint],MATCH($A82,SprintPlanning[Requirement ID],0))),"To Plan")) | J82: 5 | K82: =IFERROR(IF(ISBLANK(INDEX(Release[Release],MATCH($A82,Release[Requirement ID],0))),"",INDEX(Release[Release],MATCH($A82,Release[Requirement ID],0))),"") | L82: 46232 | M82: Created | N82: DTTP25-36972 | O82: =IF($N82="","","https://smartship.atlassian.net/browse/"&$N82) | P82: =IFERROR(VALUE(MID($A82,5,4)),0)
A83: NEW-0380 | B83: MSC4Me Precruise - Prepaids flow indipendence | C83: New | D83: PI9 | E83: M4M | F83: DONE | G83: Medium | I83: =IF($A83="","",IFERROR(IF(ISBLANK(INDEX(SprintPlanning[Sprint],MATCH($A83,SprintPlanning[Requirement ID],0))),"To Plan",INDEX(SprintPlanning[Sprint],MATCH($A83,SprintPlanning[Requirement ID],0))),"To Plan")) | K83: =IFERROR(IF(ISBLANK(INDEX(Release[Release],MATCH($A83,Release[Requirement ID],0))),"",INDEX(Release[Release],MATCH($A83,Release[Requirement ID],0))),"") | L83: 46232 | M83: Created | N83: EA-1117 | O83: =IF($N83="","","https://smartship.atlassian.net/browse/"&$N83) | P83: =IFERROR(VALUE(MID($A83,5,4)),0)
A84: NEW-0042 | B84: Idempotency Key for Prepaids + Refund | C84: CR | D84: MyMSC | E84: B2CW | F84: DONE | G84: Medium | I84: =IF($A84="","",IFERROR(IF(ISBLANK(INDEX(SprintPlanning[Sprint],MATCH($A84,SprintPlanning[Requirement ID],0))),"To Plan",INDEX(SprintPlanning[Sprint],MATCH($A84,SprintPlanning[Requirement ID],0))),"To Plan")) | J84: 3 | K84: =IFERROR(IF(ISBLANK(INDEX(Release[Release],MATCH($A84,Release[Requirement ID],0))),"",INDEX(Release[Release],MATCH($A84,Release[Requirement ID],0))),"") | L84: 46226 | N84: DTTP25-36939 | O84: =IF($N84="","","https://smartship.atlassian.net/browse/"&$N84) | P84: =IFERROR(VALUE(MID($A84,5,4)),0)
A85: NEW-0417 | B85: Configure APIs for India | C85: Config | D85: MVP Rollout | E85: B2CW | F85: DONE | G85: Medium | I85: =IF($A85="","",IFERROR(IF(ISBLANK(INDEX(SprintPlanning[Sprint],MATCH($A85,SprintPlanning[Requirement ID],0))),"To Plan",INDEX(SprintPlanning[Sprint],MATCH($A85,SprintPlanning[Requirement ID],0))),"To Plan")) | J85: 8 | K85: =IFERROR(IF(ISBLANK(INDEX(Release[Release],MATCH($A85,Release[Requirement ID],0))),"",INDEX(Release[Release],MATCH($A85,Release[Requirement ID],0))),"") | L85: 46238 | M85: Created | N85: DTTP25-40332 | O85: =IF($N85="","","https://smartship.atlassian.net/browse/"&$N85) | P85: =IFERROR(VALUE(MID($A85,5,4)),0)
A86: NEW-0418 | B86: INT146 - CR - Klarna - MyMSC Post-Booking Payment Support | C86: CR | D86: MyMSC | E86: B2CW | F86: DONE | G86: Medium | I86: =IF($A86="","",IFERROR(IF(ISBLANK(INDEX(SprintPlanning[Sprint],MATCH($A86,SprintPlanning[Requirement ID],0))),"To Plan",INDEX(SprintPlanning[Sprint],MATCH($A86,SprintPlanning[Requirement ID],0))),"To Plan")) | J86: 13 | K86: =IFERROR(IF(ISBLANK(INDEX(Release[Release],MATCH($A86,Release[Requirement ID],0))),"",INDEX(Release[Release],MATCH($A86,Release[Requirement ID],0))),"") | L86: 46238 | M86: Created | N86: DTTP25-38635 | O86: =IF($N86="","","https://smartship.atlassian.net/browse/"&$N86) | P86: =IFERROR(VALUE(MID($A86,5,4)),0)
A87: NEW-0063 | B87: INT 005.2 - Support One-Way Air Packages in Flight Availability | C87: CR | D87: Growth | E87: B2CW | F87: DONE | G87: Critical | I87: =IF($A87="","",IFERROR(IF(ISBLANK(INDEX(SprintPlanning[Sprint],MATCH($A87,SprintPlanning[Requirement ID],0))),"To Plan",INDEX(SprintPlanning[Sprint],MATCH($A87,SprintPlanning[Requirement ID],0))),"To Plan")) | J87: 5 | K87: =IFERROR(IF(ISBLANK(INDEX(Release[Release],MATCH($A87,Release[Requirement ID],0))),"",INDEX(Release[Release],MATCH($A87,Release[Requirement ID],0))),"") | L87: 46226 | M87: Created | N87: DTTP25-37438 | O87: =IF($N87="","","https://smartship.atlassian.net/browse/"&$N87) | P87: =IFERROR(VALUE(MID($A87,5,4)),0)
A88: NEW-0112 | B88: Lead pax details in booking event | C88: CR | D88: US | E88: S&S | F88: DONE | G88: Medium | I88: =IF($A88="","",IFERROR(IF(ISBLANK(INDEX(SprintPlanning[Sprint],MATCH($A88,SprintPlanning[Requirement ID],0))),"To Plan",INDEX(SprintPlanning[Sprint],MATCH($A88,SprintPlanning[Requirement ID],0))),"To Plan")) | K88: =IFERROR(IF(ISBLANK(INDEX(Release[Release],MATCH($A88,Release[Requirement ID],0))),"",INDEX(Release[Release],MATCH($A88,Release[Requirement ID],0))),"") | L88: 46232 | M88: Created | N88: DTTP25-36972 | O88: =IF($N88="","","https://smartship.atlassian.net/browse/"&$N88) | P88: =IFERROR(VALUE(MID($A88,5,4)),0)
A89: NEW-0113 | B89: INT 710 Timezone Lookup | C89: CR | D89: US | E89: S&S | F89: DONE | G89: Medium | I89: =IF($A89="","",IFERROR(IF(ISBLANK(INDEX(SprintPlanning[Sprint],MATCH($A89,SprintPlanning[Requirement ID],0))),"To Plan",INDEX(SprintPlanning[Sprint],MATCH($A89,SprintPlanning[Requirement ID],0))),"To Plan")) | K89: =IFERROR(IF(ISBLANK(INDEX(Release[Release],MATCH($A89,Release[Requirement ID],0))),"",INDEX(Release[Release],MATCH($A89,Release[Requirement ID],0))),"") | L89: 46232 | M89: Created | N89: MDTTPU-6141 | O89: =IF($N89="","","https://smartship.atlassian.net/browse/"&$N89) | P89: =IFERROR(VALUE(MID($A89,5,4)),0)
A90: NEW-0120 | B90: INT 101 - Add group id in webforms | C90: CR | D90: US | E90: S&S | F90: DONE | G90: Medium | I90: =IF($A90="","",IFERROR(IF(ISBLANK(INDEX(SprintPlanning[Sprint],MATCH($A90,SprintPlanning[Requirement ID],0))),"To Plan",INDEX(SprintPlanning[Sprint],MATCH($A90,SprintPlanning[Requirement ID],0))),"To Plan")) | K90: =IFERROR(IF(ISBLANK(INDEX(Release[Release],MATCH($A90,Release[Requirement ID],0))),"",INDEX(Release[Release],MATCH($A90,Release[Requirement ID],0))),"") | L90: 46232 | M90: Created | N90: MDTTPU-8133 | O90: =IF($N90="","","https://smartship.atlassian.net/browse/"&$N90) | P90: =IFERROR(VALUE(MID($A90,5,4)),0)
A91: NEW-0121 | B91: INT 024.1/ INT 025/ INT100 - Add group type field | C91: CR | D91: US | E91: S&S | F91: DONE | G91: Medium | I91: =IF($A91="","",IFERROR(IF(ISBLANK(INDEX(SprintPlanning[Sprint],MATCH($A91,SprintPlanning[Requirement ID],0))),"To Plan",INDEX(SprintPlanning[Sprint],MATCH($A91,SprintPlanning[Requirement ID],0))),"To Plan")) | J91: 3 | K91: =IFERROR(IF(ISBLANK(INDEX(Release[Release],MATCH($A91,Release[Requirement ID],0))),"",INDEX(Release[Release],MATCH($A91,Release[Requirement ID],0))),"") | L91: 46232 | M91: Created | N91: MDTTPU-6140 | O91: =IF($N91="","","https://smartship.atlassian.net/browse/"&$N91) | P91: =IFERROR(VALUE(MID($A91,5,4)),0)
A92: NEW-0122 | B92: INT 037 - B2B Representative Event | C92: New | D92: US | E92: S&S | F92: DONE | G92: Medium | I92: =IF($A92="","",IFERROR(IF(ISBLANK(INDEX(SprintPlanning[Sprint],MATCH($A92,SprintPlanning[Requirement ID],0))),"To Plan",INDEX(SprintPlanning[Sprint],MATCH($A92,SprintPlanning[Requirement ID],0))),"To Plan")) | J92: 5 | K92: =IFERROR(IF(ISBLANK(INDEX(Release[Release],MATCH($A92,Release[Requirement ID],0))),"",INDEX(Release[Release],MATCH($A92,Release[Requirement ID],0))),"") | L92: 46232 | M92: Created | N92: MDTTPU-2675 | O92: =IF($N92="","","https://smartship.atlassian.net/browse/"&$N92) | P92: =IFERROR(VALUE(MID($A92,5,4)),0)
A93: NEW-0151 | B93: INT 139 / 140 - additional applicability logic | C93: CR | D93: MyMSC | E93: B2CW | F93: DONE | G93: Medium | I93: =IF($A93="","",IFERROR(IF(ISBLANK(INDEX(SprintPlanning[Sprint],MATCH($A93,SprintPlanning[Requirement ID],0))),"To Plan",INDEX(SprintPlanning[Sprint],MATCH($A93,SprintPlanning[Requirement ID],0))),"To Plan")) | K93: =IFERROR(IF(ISBLANK(INDEX(Release[Release],MATCH($A93,Release[Requirement ID],0))),"",INDEX(Release[Release],MATCH($A93,Release[Requirement ID],0))),"") | L93: 46232 | M93: Created | N93: DTTP25-35437 | O93: =IF($N93="","","https://smartship.atlassian.net/browse/"&$N93) | P93: =IFERROR(VALUE(MID($A93,5,4)),0)
A94: NEW-0219 | B94: INT710 - Outbound leads - Abandoned Cart - Genesys Contact ID Mapping and Multiple Case Handling | C94: CR | D94: US | E94: S&S | F94: DONE | G94: Medium | I94: =IF($A94="","",IFERROR(IF(ISBLANK(INDEX(SprintPlanning[Sprint],MATCH($A94,SprintPlanning[Requirement ID],0))),"To Plan",INDEX(SprintPlanning[Sprint],MATCH($A94,SprintPlanning[Requirement ID],0))),"To Plan")) | J94: 5 | K94: =IFERROR(IF(ISBLANK(INDEX(Release[Release],MATCH($A94,Release[Requirement ID],0))),"",INDEX(Release[Release],MATCH($A94,Release[Requirement ID],0))),"") | L94: 46232 | M94: Created | N94: MDTTPU-5929 | O94: =IF($N94="","","https://smartship.atlassian.net/browse/"&$N94) | P94: =IFERROR(VALUE(MID($A94,5,4)),0)
A95: NEW-0228 | B95: INT114.1 / INT114.2 / INT113 Limit access to bookings from the same office as the website agency | C95: CR | D95: MyMSC | E95: B2CW | F95: DONE | G95: Medium | I95: =IF($A95="","",IFERROR(IF(ISBLANK(INDEX(SprintPlanning[Sprint],MATCH($A95,SprintPlanning[Requirement ID],0))),"To Plan",INDEX(SprintPlanning[Sprint],MATCH($A95,SprintPlanning[Requirement ID],0))),"To Plan")) | J95: 3 | K95: =IFERROR(IF(ISBLANK(INDEX(Release[Release],MATCH($A95,Release[Requirement ID],0))),"",INDEX(Release[Release],MATCH($A95,Release[Requirement ID],0))),"") | L95: 46232 | M95: Created | N95: DTTP25-38013 | O95: =IF($N95="","","https://smartship.atlassian.net/browse/"&$N95) | P95: =IFERROR(VALUE(MID($A95,5,4)),0)
A96: NEW-0233 | B96: [CR] Booking Funnel Market Segregation - Include market-level data in logging | C96: Tech Task | D96: Tech | E96: ALL | F96: DONE | G96: Medium | I96: =IF($A96="","",IFERROR(IF(ISBLANK(INDEX(SprintPlanning[Sprint],MATCH($A96,SprintPlanning[Requirement ID],0))),"To Plan",INDEX(SprintPlanning[Sprint],MATCH($A96,SprintPlanning[Requirement ID],0))),"To Plan")) | J96: 8 | K96: =IFERROR(IF(ISBLANK(INDEX(Release[Release],MATCH($A96,Release[Requirement ID],0))),"",INDEX(Release[Release],MATCH($A96,Release[Requirement ID],0))),"") | L96: 46232 | M96: Created | N96: DTTP25-34120 | O96: =IF($N96="","","https://smartship.atlassian.net/browse/"&$N96) | P96: =IFERROR(VALUE(MID($A96,5,4)),0)
A97: NEW-0234 | B97: LOAD TEST in Perf Env - Part 2 | C97: Tech Task | D97: Tech | E97: ALL | F97: DONE | G97: Medium | I97: =IF($A97="","",IFERROR(IF(ISBLANK(INDEX(SprintPlanning[Sprint],MATCH($A97,SprintPlanning[Requirement ID],0))),"To Plan",INDEX(SprintPlanning[Sprint],MATCH($A97,SprintPlanning[Requirement ID],0))),"To Plan")) | J97: 5 | K97: =IFERROR(IF(ISBLANK(INDEX(Release[Release],MATCH($A97,Release[Requirement ID],0))),"",INDEX(Release[Release],MATCH($A97,Release[Requirement ID],0))),"") | L97: 46232 | O97: =IF($N97="","","https://smartship.atlassian.net/browse/"&$N97) | P97: =IFERROR(VALUE(MID($A97,5,4)),0)
A98: NEW-0242 | B98: PVC - INT024.2 CR | C98: CR | D98: US | E98: S&S | F98: DONE | G98: Medium | I98: =IF($A98="","",IFERROR(IF(ISBLANK(INDEX(SprintPlanning[Sprint],MATCH($A98,SprintPlanning[Requirement ID],0))),"To Plan",INDEX(SprintPlanning[Sprint],MATCH($A98,SprintPlanning[Requirement ID],0))),"To Plan")) | J98: 2 | K98: =IFERROR(IF(ISBLANK(INDEX(Release[Release],MATCH($A98,Release[Requirement ID],0))),"",INDEX(Release[Release],MATCH($A98,Release[Requirement ID],0))),"") | L98: 46232 | M98: Created | N98: MDTTPU-4777 | O98: =IF($N98="","","https://smartship.atlassian.net/browse/"&$N98) | P98: =IFERROR(VALUE(MID($A98,5,4)),0)
A99: NEW-0247 | B99: Attentive - INT172 | C99: New | D99: US | E99: MA | F99: DONE | G99: Medium | I99: =IF($A99="","",IFERROR(IF(ISBLANK(INDEX(SprintPlanning[Sprint],MATCH($A99,SprintPlanning[Requirement ID],0))),"To Plan",INDEX(SprintPlanning[Sprint],MATCH($A99,SprintPlanning[Requirement ID],0))),"To Plan")) | J99: 21 | K99: =IFERROR(IF(ISBLANK(INDEX(Release[Release],MATCH($A99,Release[Requirement ID],0))),"",INDEX(Release[Release],MATCH($A99,Release[Requirement ID],0))),"") | L99: 46232 | O99: =IF($N99="","","https://smartship.atlassian.net/browse/"&$N99) | P99: =IFERROR(VALUE(MID($A99,5,4)),0)
A100: NEW-0248 | B100: Attentive - INT174 | C100: New | D100: US | E100: MA | F100: DONE | G100: Medium | I100: =IF($A100="","",IFERROR(IF(ISBLANK(INDEX(SprintPlanning[Sprint],MATCH($A100,SprintPlanning[Requirement ID],0))),"To Plan",INDEX(SprintPlanning[Sprint],MATCH($A100,SprintPlanning[Requirement ID],0))),"To Plan")) | J100: 8 | K100: =IFERROR(IF(ISBLANK(INDEX(Release[Release],MATCH($A100,Release[Requirement ID],0))),"",INDEX(Release[Release],MATCH($A100,Release[Requirement ID],0))),"") | L100: 46232 | O100: =IF($N100="","","https://smartship.atlassian.net/browse/"&$N100) | P100: =IFERROR(VALUE(MID($A100,5,4)),0)
...

Sheet API Design Planning
A1: Requirement ID | B1: Requirement Name | C1: Stream | D1: Jira Link | E1: Status | F1: Sprint | G1: RAML Required | H1: RAML Delivery Date | I1: Assignee | J1: Priority | K1: Design Status | L1: Handover
A2: NEW-0001 | B2: =IFERROR(IF(ISBLANK(INDEX(Backlog[Requirement Name],MATCH($A2,Backlog[Requirement ID],0))),"",INDEX(Backlog[Requirement Name],MATCH($A2,Backlog[Requirement ID],0))),"") | C2: =IFERROR(IF(ISBLANK(INDEX(Backlog[Stream],MATCH($A2,Backlog[Requirement ID],0))),"",INDEX(Backlog[Stream],MATCH($A2,Backlog[Requirement ID],0))),"") | D2: =IFERROR(IF(ISBLANK(INDEX(Backlog[Jira Link],MATCH($A2,Backlog[Requirement ID],0))),"",INDEX(Backlog[Jira Link],MATCH($A2,Backlog[Requirement ID],0))),"") | E2: =IFERROR(IF(ISBLANK(INDEX(Backlog[Status],MATCH($A2,Backlog[Requirement ID],0))),"",INDEX(Backlog[Status],MATCH($A2,Backlog[Requirement ID],0))),"") | F2: =IFERROR(IF(ISBLANK(INDEX(SprintPlanning[Sprint],MATCH($A2,SprintPlanning[Requirement ID],0))),"",INDEX(SprintPlanning[Sprint],MATCH($A2,SprintPlanning[Requirement ID],0))),"") | J2: =IFERROR(IF(ISBLANK(INDEX(Backlog[Priority],MATCH($A2,Backlog[Requirement ID],0))),"",INDEX(Backlog[Priority],MATCH($A2,Backlog[Requirement ID],0))),"")
A3: NEW-0002 | B3: =IFERROR(IF(ISBLANK(INDEX(Backlog[Requirement Name],MATCH($A3,Backlog[Requirement ID],0))),"",INDEX(Backlog[Requirement Name],MATCH($A3,Backlog[Requirement ID],0))),"") | C3: =IFERROR(IF(ISBLANK(INDEX(Backlog[Stream],MATCH($A3,Backlog[Requirement ID],0))),"",INDEX(Backlog[Stream],MATCH($A3,Backlog[Requirement ID],0))),"") | D3: =IFERROR(IF(ISBLANK(INDEX(Backlog[Jira Link],MATCH($A3,Backlog[Requirement ID],0))),"",INDEX(Backlog[Jira Link],MATCH($A3,Backlog[Requirement ID],0))),"") | E3: =IFERROR(IF(ISBLANK(INDEX(Backlog[Status],MATCH($A3,Backlog[Requirement ID],0))),"",INDEX(Backlog[Status],MATCH($A3,Backlog[Requirement ID],0))),"") | F3: =IFERROR(IF(ISBLANK(INDEX(SprintPlanning[Sprint],MATCH($A3,SprintPlanning[Requirement ID],0))),"",INDEX(SprintPlanning[Sprint],MATCH($A3,SprintPlanning[Requirement ID],0))),"") | J3: =IFERROR(IF(ISBLANK(INDEX(Backlog[Priority],MATCH($A3,Backlog[Requirement ID],0))),"",INDEX(Backlog[Priority],MATCH($A3,Backlog[Requirement ID],0))),"")
A4: NEW-0003 | B4: =IFERROR(IF(ISBLANK(INDEX(Backlog[Requirement Name],MATCH($A4,Backlog[Requirement ID],0))),"",INDEX(Backlog[Requirement Name],MATCH($A4,Backlog[Requirement ID],0))),"") | C4: =IFERROR(IF(ISBLANK(INDEX(Backlog[Stream],MATCH($A4,Backlog[Requirement ID],0))),"",INDEX(Backlog[Stream],MATCH($A4,Backlog[Requirement ID],0))),"") | D4: =IFERROR(IF(ISBLANK(INDEX(Backlog[Jira Link],MATCH($A4,Backlog[Requirement ID],0))),"",INDEX(Backlog[Jira Link],MATCH($A4,Backlog[Requirement ID],0))),"") | E4: =IFERROR(IF(ISBLANK(INDEX(Backlog[Status],MATCH($A4,Backlog[Requirement ID],0))),"",INDEX(Backlog[Status],MATCH($A4,Backlog[Requirement ID],0))),"") | F4: =IFERROR(IF(ISBLANK(INDEX(SprintPlanning[Sprint],MATCH($A4,SprintPlanning[Requirement ID],0))),"",INDEX(SprintPlanning[Sprint],MATCH($A4,SprintPlanning[Requirement ID],0))),"") | J4: =IFERROR(IF(ISBLANK(INDEX(Backlog[Priority],MATCH($A4,Backlog[Requirement ID],0))),"",INDEX(Backlog[Priority],MATCH($A4,Backlog[Requirement ID],0))),"")
A5: NEW-0005 | B5: =IFERROR(IF(ISBLANK(INDEX(Backlog[Requirement Name],MATCH($A5,Backlog[Requirement ID],0))),"",INDEX(Backlog[Requirement Name],MATCH($A5,Backlog[Requirement ID],0))),"") | C5: =IFERROR(IF(ISBLANK(INDEX(Backlog[Stream],MATCH($A5,Backlog[Requirement ID],0))),"",INDEX(Backlog[Stream],MATCH($A5,Backlog[Requirement ID],0))),"") | D5: =IFERROR(IF(ISBLANK(INDEX(Backlog[Jira Link],MATCH($A5,Backlog[Requirement ID],0))),"",INDEX(Backlog[Jira Link],MATCH($A5,Backlog[Requirement ID],0))),"") | E5: =IFERROR(IF(ISBLANK(INDEX(Backlog[Status],MATCH($A5,Backlog[Requirement ID],0))),"",INDEX(Backlog[Status],MATCH($A5,Backlog[Requirement ID],0))),"") | F5: =IFERROR(IF(ISBLANK(INDEX(SprintPlanning[Sprint],MATCH($A5,SprintPlanning[Requirement ID],0))),"",INDEX(SprintPlanning[Sprint],MATCH($A5,SprintPlanning[Requirement ID],0))),"") | J5: =IFERROR(IF(ISBLANK(INDEX(Backlog[Priority],MATCH($A5,Backlog[Requirement ID],0))),"",INDEX(Backlog[Priority],MATCH($A5,Backlog[Requirement ID],0))),"")
A6: NEW-0006 | B6: =IFERROR(IF(ISBLANK(INDEX(Backlog[Requirement Name],MATCH($A6,Backlog[Requirement ID],0))),"",INDEX(Backlog[Requirement Name],MATCH($A6,Backlog[Requirement ID],0))),"") | C6: =IFERROR(IF(ISBLANK(INDEX(Backlog[Stream],MATCH($A6,Backlog[Requirement ID],0))),"",INDEX(Backlog[Stream],MATCH($A6,Backlog[Requirement ID],0))),"") | D6: =IFERROR(IF(ISBLANK(INDEX(Backlog[Jira Link],MATCH($A6,Backlog[Requirement ID],0))),"",INDEX(Backlog[Jira Link],MATCH($A6,Backlog[Requirement ID],0))),"") | E6: =IFERROR(IF(ISBLANK(INDEX(Backlog[Status],MATCH($A6,Backlog[Requirement ID],0))),"",INDEX(Backlog[Status],MATCH($A6,Backlog[Requirement ID],0))),"") | F6: =IFERROR(IF(ISBLANK(INDEX(SprintPlanning[Sprint],MATCH($A6,SprintPlanning[Requirement ID],0))),"",INDEX(SprintPlanning[Sprint],MATCH($A6,SprintPlanning[Requirement ID],0))),"") | J6: =IFERROR(IF(ISBLANK(INDEX(Backlog[Priority],MATCH($A6,Backlog[Requirement ID],0))),"",INDEX(Backlog[Priority],MATCH($A6,Backlog[Requirement ID],0))),"")
A7: NEW-0007 | B7: =IFERROR(IF(ISBLANK(INDEX(Backlog[Requirement Name],MATCH($A7,Backlog[Requirement ID],0))),"",INDEX(Backlog[Requirement Name],MATCH($A7,Backlog[Requirement ID],0))),"") | C7: =IFERROR(IF(ISBLANK(INDEX(Backlog[Stream],MATCH($A7,Backlog[Requirement ID],0))),"",INDEX(Backlog[Stream],MATCH($A7,Backlog[Requirement ID],0))),"") | D7: =IFERROR(IF(ISBLANK(INDEX(Backlog[Jira Link],MATCH($A7,Backlog[Requirement ID],0))),"",INDEX(Backlog[Jira Link],MATCH($A7,Backlog[Requirement ID],0))),"") | E7: =IFERROR(IF(ISBLANK(INDEX(Backlog[Status],MATCH($A7,Backlog[Requirement ID],0))),"",INDEX(Backlog[Status],MATCH($A7,Backlog[Requirement ID],0))),"") | F7: =IFERROR(IF(ISBLANK(INDEX(SprintPlanning[Sprint],MATCH($A7,SprintPlanning[Requirement ID],0))),"",INDEX(SprintPlanning[Sprint],MATCH($A7,SprintPlanning[Requirement ID],0))),"") | J7: =IFERROR(IF(ISBLANK(INDEX(Backlog[Priority],MATCH($A7,Backlog[Requirement ID],0))),"",INDEX(Backlog[Priority],MATCH($A7,Backlog[Requirement ID],0))),"")
A8: NEW-0011 | B8: =IFERROR(IF(ISBLANK(INDEX(Backlog[Requirement Name],MATCH($A8,Backlog[Requirement ID],0))),"",INDEX(Backlog[Requirement Name],MATCH($A8,Backlog[Requirement ID],0))),"") | C8: =IFERROR(IF(ISBLANK(INDEX(Backlog[Stream],MATCH($A8,Backlog[Requirement ID],0))),"",INDEX(Backlog[Stream],MATCH($A8,Backlog[Requirement ID],0))),"") | D8: =IFERROR(IF(ISBLANK(INDEX(Backlog[Jira Link],MATCH($A8,Backlog[Requirement ID],0))),"",INDEX(Backlog[Jira Link],MATCH($A8,Backlog[Requirement ID],0))),"") | E8: =IFERROR(IF(ISBLANK(INDEX(Backlog[Status],MATCH($A8,Backlog[Requirement ID],0))),"",INDEX(Backlog[Status],MATCH($A8,Backlog[Requirement ID],0))),"") | F8: =IFERROR(IF(ISBLANK(INDEX(SprintPlanning[Sprint],MATCH($A8,SprintPlanning[Requirement ID],0))),"",INDEX(SprintPlanning[Sprint],MATCH($A8,SprintPlanning[Requirement ID],0))),"") | J8: =IFERROR(IF(ISBLANK(INDEX(Backlog[Priority],MATCH($A8,Backlog[Requirement ID],0))),"",INDEX(Backlog[Priority],MATCH($A8,Backlog[Requirement ID],0))),"")
A9: NEW-0012 | B9: =IFERROR(IF(ISBLANK(INDEX(Backlog[Requirement Name],MATCH($A9,Backlog[Requirement ID],0))),"",INDEX(Backlog[Requirement Name],MATCH($A9,Backlog[Requirement ID],0))),"") | C9: =IFERROR(IF(ISBLANK(INDEX(Backlog[Stream],MATCH($A9,Backlog[Requirement ID],0))),"",INDEX(Backlog[Stream],MATCH($A9,Backlog[Requirement ID],0))),"") | D9: =IFERROR(IF(ISBLANK(INDEX(Backlog[Jira Link],MATCH($A9,Backlog[Requirement ID],0))),"",INDEX(Backlog[Jira Link],MATCH($A9,Backlog[Requirement ID],0))),"") | E9: =IFERROR(IF(ISBLANK(INDEX(Backlog[Status],MATCH($A9,Backlog[Requirement ID],0))),"",INDEX(Backlog[Status],MATCH($A9,Backlog[Requirement ID],0))),"") | F9: =IFERROR(IF(ISBLANK(INDEX(SprintPlanning[Sprint],MATCH($A9,SprintPlanning[Requirement ID],0))),"",INDEX(SprintPlanning[Sprint],MATCH($A9,SprintPlanning[Requirement ID],0))),"") | J9: =IFERROR(IF(ISBLANK(INDEX(Backlog[Priority],MATCH($A9,Backlog[Requirement ID],0))),"",INDEX(Backlog[Priority],MATCH($A9,Backlog[Requirement ID],0))),"")
A10: NEW-0015 | B10: =IFERROR(IF(ISBLANK(INDEX(Backlog[Requirement Name],MATCH($A10,Backlog[Requirement ID],0))),"",INDEX(Backlog[Requirement Name],MATCH($A10,Backlog[Requirement ID],0))),"") | C10: =IFERROR(IF(ISBLANK(INDEX(Backlog[Stream],MATCH($A10,Backlog[Requirement ID],0))),"",INDEX(Backlog[Stream],MATCH($A10,Backlog[Requirement ID],0))),"") | D10: =IFERROR(IF(ISBLANK(INDEX(Backlog[Jira Link],MATCH($A10,Backlog[Requirement ID],0))),"",INDEX(Backlog[Jira Link],MATCH($A10,Backlog[Requirement ID],0))),"") | E10: =IFERROR(IF(ISBLANK(INDEX(Backlog[Status],MATCH($A10,Backlog[Requirement ID],0))),"",INDEX(Backlog[Status],MATCH($A10,Backlog[Requirement ID],0))),"") | F10: =IFERROR(IF(ISBLANK(INDEX(SprintPlanning[Sprint],MATCH($A10,SprintPlanning[Requirement ID],0))),"",INDEX(SprintPlanning[Sprint],MATCH($A10,SprintPlanning[Requirement ID],0))),"") | J10: =IFERROR(IF(ISBLANK(INDEX(Backlog[Priority],MATCH($A10,Backlog[Requirement ID],0))),"",INDEX(Backlog[Priority],MATCH($A10,Backlog[Requirement ID],0))),"")
A11: NEW-0016 | B11: =IFERROR(IF(ISBLANK(INDEX(Backlog[Requirement Name],MATCH($A11,Backlog[Requirement ID],0))),"",INDEX(Backlog[Requirement Name],MATCH($A11,Backlog[Requirement ID],0))),"") | C11: =IFERROR(IF(ISBLANK(INDEX(Backlog[Stream],MATCH($A11,Backlog[Requirement ID],0))),"",INDEX(Backlog[Stream],MATCH($A11,Backlog[Requirement ID],0))),"") | D11: =IFERROR(IF(ISBLANK(INDEX(Backlog[Jira Link],MATCH($A11,Backlog[Requirement ID],0))),"",INDEX(Backlog[Jira Link],MATCH($A11,Backlog[Requirement ID],0))),"") | E11: =IFERROR(IF(ISBLANK(INDEX(Backlog[Status],MATCH($A11,Backlog[Requirement ID],0))),"",INDEX(Backlog[Status],MATCH($A11,Backlog[Requirement ID],0))),"") | F11: =IFERROR(IF(ISBLANK(INDEX(SprintPlanning[Sprint],MATCH($A11,SprintPlanning[Requirement ID],0))),"",INDEX(SprintPlanning[Sprint],MATCH($A11,SprintPlanning[Requirement ID],0))),"") | J11: =IFERROR(IF(ISBLANK(INDEX(Backlog[Priority],MATCH($A11,Backlog[Requirement ID],0))),"",INDEX(Backlog[Priority],MATCH($A11,Backlog[Requirement ID],0))),"")
A12: NEW-0017 | B12: =IFERROR(IF(ISBLANK(INDEX(Backlog[Requirement Name],MATCH($A12,Backlog[Requirement ID],0))),"",INDEX(Backlog[Requirement Name],MATCH($A12,Backlog[Requirement ID],0))),"") | C12: =IFERROR(IF(ISBLANK(INDEX(Backlog[Stream],MATCH($A12,Backlog[Requirement ID],0))),"",INDEX(Backlog[Stream],MATCH($A12,Backlog[Requirement ID],0))),"") | D12: =IFERROR(IF(ISBLANK(INDEX(Backlog[Jira Link],MATCH($A12,Backlog[Requirement ID],0))),"",INDEX(Backlog[Jira Link],MATCH($A12,Backlog[Requirement ID],0))),"") | E12: =IFERROR(IF(ISBLANK(INDEX(Backlog[Status],MATCH($A12,Backlog[Requirement ID],0))),"",INDEX(Backlog[Status],MATCH($A12,Backlog[Requirement ID],0))),"") | F12: =IFERROR(IF(ISBLANK(INDEX(SprintPlanning[Sprint],MATCH($A12,SprintPlanning[Requirement ID],0))),"",INDEX(SprintPlanning[Sprint],MATCH($A12,SprintPlanning[Requirement ID],0))),"") | J12: =IFERROR(IF(ISBLANK(INDEX(Backlog[Priority],MATCH($A12,Backlog[Requirement ID],0))),"",INDEX(Backlog[Priority],MATCH($A12,Backlog[Requirement ID],0))),"")
A13: NEW-0018 | B13: =IFERROR(IF(ISBLANK(INDEX(Backlog[Requirement Name],MATCH($A13,Backlog[Requirement ID],0))),"",INDEX(Backlog[Requirement Name],MATCH($A13,Backlog[Requirement ID],0))),"") | C13: =IFERROR(IF(ISBLANK(INDEX(Backlog[Stream],MATCH($A13,Backlog[Requirement ID],0))),"",INDEX(Backlog[Stream],MATCH($A13,Backlog[Requirement ID],0))),"") | D13: =IFERROR(IF(ISBLANK(INDEX(Backlog[Jira Link],MATCH($A13,Backlog[Requirement ID],0))),"",INDEX(Backlog[Jira Link],MATCH($A13,Backlog[Requirement ID],0))),"") | E13: =IFERROR(IF(ISBLANK(INDEX(Backlog[Status],MATCH($A13,Backlog[Requirement ID],0))),"",INDEX(Backlog[Status],MATCH($A13,Backlog[Requirement ID],0))),"") | F13: =IFERROR(IF(ISBLANK(INDEX(SprintPlanning[Sprint],MATCH($A13,SprintPlanning[Requirement ID],0))),"",INDEX(SprintPlanning[Sprint],MATCH($A13,SprintPlanning[Requirement ID],0))),"") | J13: =IFERROR(IF(ISBLANK(INDEX(Backlog[Priority],MATCH($A13,Backlog[Requirement ID],0))),"",INDEX(Backlog[Priority],MATCH($A13,Backlog[Requirement ID],0))),"")
... A55: NEW-0099 | B55: =IFERROR(IF(ISBLANK(INDEX(Backlog[Requirement Name],MATCH($A55,Backlog[Requirement ID],0))),"",INDEX(Backlog[Requirement Name],MATCH($A55,Backlog[Requirement ID],0))),"") | C55: =IFERROR(IF(ISBLANK(INDEX(Backlog[Stream],MATCH($A55,Backlog[Requirement ID],0))),"",INDEX(Backlog[Stream],MATCH($A55,Backlog[Requirement ID],0))),"") | D55: =IFERROR(IF(ISBLANK(INDEX(Backlog[Jira Link],MATCH($A55,Backlog[Requirement ID],0))),"",INDEX(Backlog[Jira Link],MATCH($A55,Backlog[Requirement ID],0))),"") | E55: =IFERROR(IF(ISBLANK(INDEX(Backlog[Status],MATCH($A55,Backlog[Requirement ID],0))),"",INDEX(Backlog[Status],MATCH($A55,Backlog[Requirement ID],0))),"") | F55: =IFERROR(IF(ISBLANK(INDEX(SprintPlanning[Sprint],MATCH($A55,SprintPlanning[Requirement ID],0))),"",INDEX(SprintPlanning[Sprint],MATCH($A55,SprintPlanning[Requirement ID],0))),"") | J55: =IFERROR(IF(ISBLANK(INDEX(Backlog[Priority],MATCH($A55,Backlog[Requirement ID],0))),"",INDEX(Backlog[Priority],MATCH($A55,Backlog[Requirement ID],0))),"")
A56: NEW-0100 | B56: =IFERROR(IF(ISBLANK(INDEX(Backlog[Requirement Name],MATCH($A56,Backlog[Requirement ID],0))),"",INDEX(Backlog[Requirement Name],MATCH($A56,Backlog[Requirement ID],0))),"") | C56: =IFERROR(IF(ISBLANK(INDEX(Backlog[Stream],MATCH($A56,Backlog[Requirement ID],0))),"",INDEX(Backlog[Stream],MATCH($A56,Backlog[Requirement ID],0))),"") | D56: =IFERROR(IF(ISBLANK(INDEX(Backlog[Jira Link],MATCH($A56,Backlog[Requirement ID],0))),"",INDEX(Backlog[Jira Link],MATCH($A56,Backlog[Requirement ID],0))),"") | E56: =IFERROR(IF(ISBLANK(INDEX(Backlog[Status],MATCH($A56,Backlog[Requirement ID],0))),"",INDEX(Backlog[Status],MATCH($A56,Backlog[Requirement ID],0))),"") | F56: =IFERROR(IF(ISBLANK(INDEX(SprintPlanning[Sprint],MATCH($A56,SprintPlanning[Requirement ID],0))),"",INDEX(SprintPlanning[Sprint],MATCH($A56,SprintPlanning[Requirement ID],0))),"") | G56: No | J56: =IFERROR(IF(ISBLANK(INDEX(Backlog[Priority],MATCH($A56,Backlog[Requirement ID],0))),"",INDEX(Backlog[Priority],MATCH($A56,Backlog[Requirement ID],0))),"")
A57: NEW-0103 | B57: =IFERROR(IF(ISBLANK(INDEX(Backlog[Requirement Name],MATCH($A57,Backlog[Requirement ID],0))),"",INDEX(Backlog[Requirement Name],MATCH($A57,Backlog[Requirement ID],0))),"") | C57: =IFERROR(IF(ISBLANK(INDEX(Backlog[Stream],MATCH($A57,Backlog[Requirement ID],0))),"",INDEX(Backlog[Stream],MATCH($A57,Backlog[Requirement ID],0))),"") | D57: =IFERROR(IF(ISBLANK(INDEX(Backlog[Jira Link],MATCH($A57,Backlog[Requirement ID],0))),"",INDEX(Backlog[Jira Link],MATCH($A57,Backlog[Requirement ID],0))),"") | E57: =IFERROR(IF(ISBLANK(INDEX(Backlog[Status],MATCH($A57,Backlog[Requirement ID],0))),"",INDEX(Backlog[Status],MATCH($A57,Backlog[Requirement ID],0))),"") | F57: =IFERROR(IF(ISBLANK(INDEX(SprintPlanning[Sprint],MATCH($A57,SprintPlanning[Requirement ID],0))),"",INDEX(SprintPlanning[Sprint],MATCH($A57,SprintPlanning[Requirement ID],0))),"") | G57: Yes | J57: =IFERROR(IF(ISBLANK(INDEX(Backlog[Priority],MATCH($A57,Backlog[Requirement ID],0))),"",INDEX(Backlog[Priority],MATCH($A57,Backlog[Requirement ID],0))),"")
A58: NEW-0104 | B58: =IFERROR(IF(ISBLANK(INDEX(Backlog[Requirement Name],MATCH($A58,Backlog[Requirement ID],0))),"",INDEX(Backlog[Requirement Name],MATCH($A58,Backlog[Requirement ID],0))),"") | C58: =IFERROR(IF(ISBLANK(INDEX(Backlog[Stream],MATCH($A58,Backlog[Requirement ID],0))),"",INDEX(Backlog[Stream],MATCH($A58,Backlog[Requirement ID],0))),"") | D58: =IFERROR(IF(ISBLANK(INDEX(Backlog[Jira Link],MATCH($A58,Backlog[Requirement ID],0))),"",INDEX(Backlog[Jira Link],MATCH($A58,Backlog[Requirement ID],0))),"") | E58: =IFERROR(IF(ISBLANK(INDEX(Backlog[Status],MATCH($A58,Backlog[Requirement ID],0))),"",INDEX(Backlog[Status],MATCH($A58,Backlog[Requirement ID],0))),"") | F58: =IFERROR(IF(ISBLANK(INDEX(SprintPlanning[Sprint],MATCH($A58,SprintPlanning[Requirement ID],0))),"",INDEX(SprintPlanning[Sprint],MATCH($A58,SprintPlanning[Requirement ID],0))),"") | G58: No | J58: =IFERROR(IF(ISBLANK(INDEX(Backlog[Priority],MATCH($A58,Backlog[Requirement ID],0))),"",INDEX(Backlog[Priority],MATCH($A58,Backlog[Requirement ID],0))),"")
A59: NEW-0105 | B59: =IFERROR(IF(ISBLANK(INDEX(Backlog[Requirement Name],MATCH($A59,Backlog[Requirement ID],0))),"",INDEX(Backlog[Requirement Name],MATCH($A59,Backlog[Requirement ID],0))),"") | C59: =IFERROR(IF(ISBLANK(INDEX(Backlog[Stream],MATCH($A59,Backlog[Requirement ID],0))),"",INDEX(Backlog[Stream],MATCH($A59,Backlog[Requirement ID],0))),"") | D59: =IFERROR(IF(ISBLANK(INDEX(Backlog[Jira Link],MATCH($A59,Backlog[Requirement ID],0))),"",INDEX(Backlog[Jira Link],MATCH($A59,Backlog[Requirement ID],0))),"") | E59: =IFERROR(IF(ISBLANK(INDEX(Backlog[Status],MATCH($A59,Backlog[Requirement ID],0))),"",INDEX(Backlog[Status],MATCH($A59,Backlog[Requirement ID],0))),"") | F59: =IFERROR(IF(ISBLANK(INDEX(SprintPlanning[Sprint],MATCH($A59,SprintPlanning[Requirement ID],0))),"",INDEX(SprintPlanning[Sprint],MATCH($A59,SprintPlanning[Requirement ID],0))),"") | G59: No | J59: =IFERROR(IF(ISBLANK(INDEX(Backlog[Priority],MATCH($A59,Backlog[Requirement ID],0))),"",INDEX(Backlog[Priority],MATCH($A59,Backlog[Requirement ID],0))),"")
A60: NEW-0108 | B60: =IFERROR(IF(ISBLANK(INDEX(Backlog[Requirement Name],MATCH($A60,Backlog[Requirement ID],0))),"",INDEX(Backlog[Requirement Name],MATCH($A60,Backlog[Requirement ID],0))),"") | C60: =IFERROR(IF(ISBLANK(INDEX(Backlog[Stream],MATCH($A60,Backlog[Requirement ID],0))),"",INDEX(Backlog[Stream],MATCH($A60,Backlog[Requirement ID],0))),"") | D60: =IFERROR(IF(ISBLANK(INDEX(Backlog[Jira Link],MATCH($A60,Backlog[Requirement ID],0))),"",INDEX(Backlog[Jira Link],MATCH($A60,Backlog[Requirement ID],0))),"") | E60: =IFERROR(IF(ISBLANK(INDEX(Backlog[Status],MATCH($A60,Backlog[Requirement ID],0))),"",INDEX(Backlog[Status],MATCH($A60,Backlog[Requirement ID],0))),"") | F60: =IFERROR(IF(ISBLANK(INDEX(SprintPlanning[Sprint],MATCH($A60,SprintPlanning[Requirement ID],0))),"",INDEX(SprintPlanning[Sprint],MATCH($A60,SprintPlanning[Requirement ID],0))),"") | G60: Yes | J60: =IFERROR(IF(ISBLANK(INDEX(Backlog[Priority],MATCH($A60,Backlog[Requirement ID],0))),"",INDEX(Backlog[Priority],MATCH($A60,Backlog[Requirement ID],0))),"")
A61: NEW-0109 | B61: =IFERROR(IF(ISBLANK(INDEX(Backlog[Requirement Name],MATCH($A61,Backlog[Requirement ID],0))),"",INDEX(Backlog[Requirement Name],MATCH($A61,Backlog[Requirement ID],0))),"") | C61: =IFERROR(IF(ISBLANK(INDEX(Backlog[Stream],MATCH($A61,Backlog[Requirement ID],0))),"",INDEX(Backlog[Stream],MATCH($A61,Backlog[Requirement ID],0))),"") | D61: =IFERROR(IF(ISBLANK(INDEX(Backlog[Jira Link],MATCH($A61,Backlog[Requirement ID],0))),"",INDEX(Backlog[Jira Link],MATCH($A61,Backlog[Requirement ID],0))),"") | E61: =IFERROR(IF(ISBLANK(INDEX(Backlog[Status],MATCH($A61,Backlog[Requirement ID],0))),"",INDEX(Backlog[Status],MATCH($A61,Backlog[Requirement ID],0))),"") | F61: =IFERROR(IF(ISBLANK(INDEX(SprintPlanning[Sprint],MATCH($A61,SprintPlanning[Requirement ID],0))),"",INDEX(SprintPlanning[Sprint],MATCH($A61,SprintPlanning[Requirement ID],0))),"") | G61: Yes | J61: =IFERROR(IF(ISBLANK(INDEX(Backlog[Priority],MATCH($A61,Backlog[Requirement ID],0))),"",INDEX(Backlog[Priority],MATCH($A61,Backlog[Requirement ID],0))),"")
A62: NEW-0111 | B62: =IFERROR(IF(ISBLANK(INDEX(Backlog[Requirement Name],MATCH($A62,Backlog[Requirement ID],0))),"",INDEX(Backlog[Requirement Name],MATCH($A62,Backlog[Requirement ID],0))),"") | C62: =IFERROR(IF(ISBLANK(INDEX(Backlog[Stream],MATCH($A62,Backlog[Requirement ID],0))),"",INDEX(Backlog[Stream],MATCH($A62,Backlog[Requirement ID],0))),"") | D62: =IFERROR(IF(ISBLANK(INDEX(Backlog[Jira Link],MATCH($A62,Backlog[Requirement ID],0))),"",INDEX(Backlog[Jira Link],MATCH($A62,Backlog[Requirement ID],0))),"") | E62: =IFERROR(IF(ISBLANK(INDEX(Backlog[Status],MATCH($A62,Backlog[Requirement ID],0))),"",INDEX(Backlog[Status],MATCH($A62,Backlog[Requirement ID],0))),"") | F62: =IFERROR(IF(ISBLANK(INDEX(SprintPlanning[Sprint],MATCH($A62,SprintPlanning[Requirement ID],0))),"",INDEX(SprintPlanning[Sprint],MATCH($A62,SprintPlanning[Requirement ID],0))),"") | G62: Yes | J62: =IFERROR(IF(ISBLANK(INDEX(Backlog[Priority],MATCH($A62,Backlog[Requirement ID],0))),"",INDEX(Backlog[Priority],MATCH($A62,Backlog[Requirement ID],0))),"")
A63: NEW-0112 | B63: =IFERROR(IF(ISBLANK(INDEX(Backlog[Requirement Name],MATCH($A63,Backlog[Requirement ID],0))),"",INDEX(Backlog[Requirement Name],MATCH($A63,Backlog[Requirement ID],0))),"") | C63: =IFERROR(IF(ISBLANK(INDEX(Backlog[Stream],MATCH($A63,Backlog[Requirement ID],0))),"",INDEX(Backlog[Stream],MATCH($A63,Backlog[Requirement ID],0))),"") | D63: =IFERROR(IF(ISBLANK(INDEX(Backlog[Jira Link],MATCH($A63,Backlog[Requirement ID],0))),"",INDEX(Backlog[Jira Link],MATCH($A63,Backlog[Requirement ID],0))),"") | E63: =IFERROR(IF(ISBLANK(INDEX(Backlog[Status],MATCH($A63,Backlog[Requirement ID],0))),"",INDEX(Backlog[Status],MATCH($A63,Backlog[Requirement ID],0))),"") | F63: =IFERROR(IF(ISBLANK(INDEX(SprintPlanning[Sprint],MATCH($A63,SprintPlanning[Requirement ID],0))),"",INDEX(SprintPlanning[Sprint],MATCH($A63,SprintPlanning[Requirement ID],0))),"") | G63: No | J63: =IFERROR(IF(ISBLANK(INDEX(Backlog[Priority],MATCH($A63,Backlog[Requirement ID],0))),"",INDEX(Backlog[Priority],MATCH($A63,Backlog[Requirement ID],0))),"")
A64: NEW-0113 | B64: =IFERROR(IF(ISBLANK(INDEX(Backlog[Requirement Name],MATCH($A64,Backlog[Requirement ID],0))),"",INDEX(Backlog[Requirement Name],MATCH($A64,Backlog[Requirement ID],0))),"") | C64: =IFERROR(IF(ISBLANK(INDEX(Backlog[Stream],MATCH($A64,Backlog[Requirement ID],0))),"",INDEX(Backlog[Stream],MATCH($A64,Backlog[Requirement ID],0))),"") | D64: =IFERROR(IF(ISBLANK(INDEX(Backlog[Jira Link],MATCH($A64,Backlog[Requirement ID],0))),"",INDEX(Backlog[Jira Link],MATCH($A64,Backlog[Requirement ID],0))),"") | E64: =IFERROR(IF(ISBLANK(INDEX(Backlog[Status],MATCH($A64,Backlog[Requirement ID],0))),"",INDEX(Backlog[Status],MATCH($A64,Backlog[Requirement ID],0))),"") | F64: =IFERROR(IF(ISBLANK(INDEX(SprintPlanning[Sprint],MATCH($A64,SprintPlanning[Requirement ID],0))),"",INDEX(SprintPlanning[Sprint],MATCH($A64,SprintPlanning[Requirement ID],0))),"") | G64: No | J64: =IFERROR(IF(ISBLANK(INDEX(Backlog[Priority],MATCH($A64,Backlog[Requirement ID],0))),"",INDEX(Backlog[Priority],MATCH($A64,Backlog[Requirement ID],0))),"")
A65: NEW-0120 | B65: =IFERROR(IF(ISBLANK(INDEX(Backlog[Requirement Name],MATCH($A65,Backlog[Requirement ID],0))),"",INDEX(Backlog[Requirement Name],MATCH($A65,Backlog[Requirement ID],0))),"") | C65: =IFERROR(IF(ISBLANK(INDEX(Backlog[Stream],MATCH($A65,Backlog[Requirement ID],0))),"",INDEX(Backlog[Stream],MATCH($A65,Backlog[Requirement ID],0))),"") | D65: =IFERROR(IF(ISBLANK(INDEX(Backlog[Jira Link],MATCH($A65,Backlog[Requirement ID],0))),"",INDEX(Backlog[Jira Link],MATCH($A65,Backlog[Requirement ID],0))),"") | E65: =IFERROR(IF(ISBLANK(INDEX(Backlog[Status],MATCH($A65,Backlog[Requirement ID],0))),"",INDEX(Backlog[Status],MATCH($A65,Backlog[Requirement ID],0))),"") | F65: =IFERROR(IF(ISBLANK(INDEX(SprintPlanning[Sprint],MATCH($A65,SprintPlanning[Requirement ID],0))),"",INDEX(SprintPlanning[Sprint],MATCH($A65,SprintPlanning[Requirement ID],0))),"") | G65: Yes | J65: =IFERROR(IF(ISBLANK(INDEX(Backlog[Priority],MATCH($A65,Backlog[Requirement ID],0))),"",INDEX(Backlog[Priority],MATCH($A65,Backlog[Requirement ID],0))),"")
A66: NEW-0121 | B66: =IFERROR(IF(ISBLANK(INDEX(Backlog[Requirement Name],MATCH($A66,Backlog[Requirement ID],0))),"",INDEX(Backlog[Requirement Name],MATCH($A66,Backlog[Requirement ID],0))),"") | C66: =IFERROR(IF(ISBLANK(INDEX(Backlog[Stream],MATCH($A66,Backlog[Requirement ID],0))),"",INDEX(Backlog[Stream],MATCH($A66,Backlog[Requirement ID],0))),"") | D66: =IFERROR(IF(ISBLANK(INDEX(Backlog[Jira Link],MATCH($A66,Backlog[Requirement ID],0))),"",INDEX(Backlog[Jira Link],MATCH($A66,Backlog[Requirement ID],0))),"") | E66: =IFERROR(IF(ISBLANK(INDEX(Backlog[Status],MATCH($A66,Backlog[Requirement ID],0))),"",INDEX(Backlog[Status],MATCH($A66,Backlog[Requirement ID],0))),"") | F66: =IFERROR(IF(ISBLANK(INDEX(SprintPlanning[Sprint],MATCH($A66,SprintPlanning[Requirement ID],0))),"",INDEX(SprintPlanning[Sprint],MATCH($A66,SprintPlanning[Requirement ID],0))),"") | G66: No | J66: =IFERROR(IF(ISBLANK(INDEX(Backlog[Priority],MATCH($A66,Backlog[Requirement ID],0))),"",INDEX(Backlog[Priority],MATCH($A66,Backlog[Requirement ID],0))),"")
A67: NEW-0122 | B67: =IFERROR(IF(ISBLANK(INDEX(Backlog[Requirement Name],MATCH($A67,Backlog[Requirement ID],0))),"",INDEX(Backlog[Requirement Name],MATCH($A67,Backlog[Requirement ID],0))),"") | C67: =IFERROR(IF(ISBLANK(INDEX(Backlog[Stream],MATCH($A67,Backlog[Requirement ID],0))),"",INDEX(Backlog[Stream],MATCH($A67,Backlog[Requirement ID],0))),"") | D67: =IFERROR(IF(ISBLANK(INDEX(Backlog[Jira Link],MATCH($A67,Backlog[Requirement ID],0))),"",INDEX(Backlog[Jira Link],MATCH($A67,Backlog[Requirement ID],0))),"") | E67: =IFERROR(IF(ISBLANK(INDEX(Backlog[Status],MATCH($A67,Backlog[Requirement ID],0))),"",INDEX(Backlog[Status],MATCH($A67,Backlog[Requirement ID],0))),"") | F67: =IFERROR(IF(ISBLANK(INDEX(SprintPlanning[Sprint],MATCH($A67,SprintPlanning[Requirement ID],0))),"",INDEX(SprintPlanning[Sprint],MATCH($A67,SprintPlanning[Requirement ID],0))),"") | G67: No | J67: =IFERROR(IF(ISBLANK(INDEX(Backlog[Priority],MATCH($A67,Backlog[Requirement ID],0))),"",INDEX(Backlog[Priority],MATCH($A67,Backlog[Requirement ID],0))),"")
A68: NEW-0123 | B68: =IFERROR(IF(ISBLANK(INDEX(Backlog[Requirement Name],MATCH($A68,Backlog[Requirement ID],0))),"",INDEX(Backlog[Requirement Name],MATCH($A68,Backlog[Requirement ID],0))),"") | C68: =IFERROR(IF(ISBLANK(INDEX(Backlog[Stream],MATCH($A68,Backlog[Requirement ID],0))),"",INDEX(Backlog[Stream],MATCH($A68,Backlog[Requirement ID],0))),"") | D68: =IFERROR(IF(ISBLANK(INDEX(Backlog[Jira Link],MATCH($A68,Backlog[Requirement ID],0))),"",INDEX(Backlog[Jira Link],MATCH($A68,Backlog[Requirement ID],0))),"") | E68: =IFERROR(IF(ISBLANK(INDEX(Backlog[Status],MATCH($A68,Backlog[Requirement ID],0))),"",INDEX(Backlog[Status],MATCH($A68,Backlog[Requirement ID],0))),"") | F68: =IFERROR(IF(ISBLANK(INDEX(SprintPlanning[Sprint],MATCH($A68,SprintPlanning[Requirement ID],0))),"",INDEX(SprintPlanning[Sprint],MATCH($A68,SprintPlanning[Requirement ID],0))),"") | G68: No | J68: =IFERROR(IF(ISBLANK(INDEX(Backlog[Priority],MATCH($A68,Backlog[Requirement ID],0))),"",INDEX(Backlog[Priority],MATCH($A68,Backlog[Requirement ID],0))),"")
A69: NEW-0127 | B69: =IFERROR(IF(ISBLANK(INDEX(Backlog[Requirement Name],MATCH($A69,Backlog[Requirement ID],0))),"",INDEX(Backlog[Requirement Name],MATCH($A69,Backlog[Requirement ID],0))),"") | C69: =IFERROR(IF(ISBLANK(INDEX(Backlog[Stream],MATCH($A69,Backlog[Requirement ID],0))),"",INDEX(Backlog[Stream],MATCH($A69,Backlog[Requirement ID],0))),"") | D69: =IFERROR(IF(ISBLANK(INDEX(Backlog[Jira Link],MATCH($A69,Backlog[Requirement ID],0))),"",INDEX(Backlog[Jira Link],MATCH($A69,Backlog[Requirement ID],0))),"") | E69: =IFERROR(IF(ISBLANK(INDEX(Backlog[Status],MATCH($A69,Backlog[Requirement ID],0))),"",INDEX(Backlog[Status],MATCH($A69,Backlog[Requirement ID],0))),"") | F69: =IFERROR(IF(ISBLANK(INDEX(SprintPlanning[Sprint],MATCH($A69,SprintPlanning[Requirement ID],0))),"",INDEX(SprintPlanning[Sprint],MATCH($A69,SprintPlanning[Requirement ID],0))),"") | J69: =IFERROR(IF(ISBLANK(INDEX(Backlog[Priority],MATCH($A69,Backlog[Requirement ID],0))),"",INDEX(Backlog[Priority],MATCH($A69,Backlog[Requirement ID],0))),"")
A70: NEW-0131 | B70: =IFERROR(IF(ISBLANK(INDEX(Backlog[Requirement Name],MATCH($A70,Backlog[Requirement ID],0))),"",INDEX(Backlog[Requirement Name],MATCH($A70,Backlog[Requirement ID],0))),"") | C70: =IFERROR(IF(ISBLANK(INDEX(Backlog[Stream],MATCH($A70,Backlog[Requirement ID],0))),"",INDEX(Backlog[Stream],MATCH($A70,Backlog[Requirement ID],0))),"") | D70: =IFERROR(IF(ISBLANK(INDEX(Backlog[Jira Link],MATCH($A70,Backlog[Requirement ID],0))),"",INDEX(Backlog[Jira Link],MATCH($A70,Backlog[Requirement ID],0))),"") | E70: =IFERROR(IF(ISBLANK(INDEX(Backlog[Status],MATCH($A70,Backlog[Requirement ID],0))),"",INDEX(Backlog[Status],MATCH($A70,Backlog[Requirement ID],0))),"") | F70: =IFERROR(IF(ISBLANK(INDEX(SprintPlanning[Sprint],MATCH($A70,SprintPlanning[Requirement ID],0))),"",INDEX(SprintPlanning[Sprint],MATCH($A70,SprintPlanning[Requirement ID],0))),"") | J70: =IFERROR(IF(ISBLANK(INDEX(Backlog[Priority],MATCH($A70,Backlog[Requirement ID],0))),"",INDEX(Backlog[Priority],MATCH($A70,Backlog[Requirement ID],0))),"")
A71: NEW-0133 | B71: =IFERROR(IF(ISBLANK(INDEX(Backlog[Requirement Name],MATCH($A71,Backlog[Requirement ID],0))),"",INDEX(Backlog[Requirement Name],MATCH($A71,Backlog[Requirement ID],0))),"") | C71: =IFERROR(IF(ISBLANK(INDEX(Backlog[Stream],MATCH($A71,Backlog[Requirement ID],0))),"",INDEX(Backlog[Stream],MATCH($A71,Backlog[Requirement ID],0))),"") | D71: =IFERROR(IF(ISBLANK(INDEX(Backlog[Jira Link],MATCH($A71,Backlog[Requirement ID],0))),"",INDEX(Backlog[Jira Link],MATCH($A71,Backlog[Requirement ID],0))),"") | E71: =IFERROR(IF(ISBLANK(INDEX(Backlog[Status],MATCH($A71,Backlog[Requirement ID],0))),"",INDEX(Backlog[Status],MATCH($A71,Backlog[Requirement ID],0))),"") | F71: =IFERROR(IF(ISBLANK(INDEX(SprintPlanning[Sprint],MATCH($A71,SprintPlanning[Requirement ID],0))),"",INDEX(SprintPlanning[Sprint],MATCH($A71,SprintPlanning[Requirement ID],0))),"") | G71: Yes | J71: =IFERROR(IF(ISBLANK(INDEX(Backlog[Priority],MATCH($A71,Backlog[Requirement ID],0))),"",INDEX(Backlog[Priority],MATCH($A71,Backlog[Requirement ID],0))),"")
A72: NEW-0135 | B72: =IFERROR(IF(ISBLANK(INDEX(Backlog[Requirement Name],MATCH($A72,Backlog[Requirement ID],0))),"",INDEX(Backlog[Requirement Name],MATCH($A72,Backlog[Requirement ID],0))),"") | C72: =IFERROR(IF(ISBLANK(INDEX(Backlog[Stream],MATCH($A72,Backlog[Requirement ID],0))),"",INDEX(Backlog[Stream],MATCH($A72,Backlog[Requirement ID],0))),"") | D72: =IFERROR(IF(ISBLANK(INDEX(Backlog[Jira Link],MATCH($A72,Backlog[Requirement ID],0))),"",INDEX(Backlog[Jira Link],MATCH($A72,Backlog[Requirement ID],0))),"") | E72: =IFERROR(IF(ISBLANK(INDEX(Backlog[Status],MATCH($A72,Backlog[Requirement ID],0))),"",INDEX(Backlog[Status],MATCH($A72,Backlog[Requirement ID],0))),"") | F72: =IFERROR(IF(ISBLANK(INDEX(SprintPlanning[Sprint],MATCH($A72,SprintPlanning[Requirement ID],0))),"",INDEX(SprintPlanning[Sprint],MATCH($A72,SprintPlanning[Requirement ID],0))),"") | G72: Yes | J72: =IFERROR(IF(ISBLANK(INDEX(Backlog[Priority],MATCH($A72,Backlog[Requirement ID],0))),"",INDEX(Backlog[Priority],MATCH($A72,Backlog[Requirement ID],0))),"")
A73: NEW-0136 | B73: =IFERROR(IF(ISBLANK(INDEX(Backlog[Requirement Name],MATCH($A73,Backlog[Requirement ID],0))),"",INDEX(Backlog[Requirement Name],MATCH($A73,Backlog[Requirement ID],0))),"") | C73: =IFERROR(IF(ISBLANK(INDEX(Backlog[Stream],MATCH($A73,Backlog[Requirement ID],0))),"",INDEX(Backlog[Stream],MATCH($A73,Backlog[Requirement ID],0))),"") | D73: =IFERROR(IF(ISBLANK(INDEX(Backlog[Jira Link],MATCH($A73,Backlog[Requirement ID],0))),"",INDEX(Backlog[Jira Link],MATCH($A73,Backlog[Requirement ID],0))),"") | E73: =IFERROR(IF(ISBLANK(INDEX(Backlog[Status],MATCH($A73,Backlog[Requirement ID],0))),"",INDEX(Backlog[Status],MATCH($A73,Backlog[Requirement ID],0))),"") | F73: =IFERROR(IF(ISBLANK(INDEX(SprintPlanning[Sprint],MATCH($A73,SprintPlanning[Requirement ID],0))),"",INDEX(SprintPlanning[Sprint],MATCH($A73,SprintPlanning[Requirement ID],0))),"") | G73: Yes | J73: =IFERROR(IF(ISBLANK(INDEX(Backlog[Priority],MATCH($A73,Backlog[Requirement ID],0))),"",INDEX(Backlog[Priority],MATCH($A73,Backlog[Requirement ID],0))),"")
A74: NEW-0137 | B74: =IFERROR(IF(ISBLANK(INDEX(Backlog[Requirement Name],MATCH($A74,Backlog[Requirement ID],0))),"",INDEX(Backlog[Requirement Name],MATCH($A74,Backlog[Requirement ID],0))),"") | C74: =IFERROR(IF(ISBLANK(INDEX(Backlog[Stream],MATCH($A74,Backlog[Requirement ID],0))),"",INDEX(Backlog[Stream],MATCH($A74,Backlog[Requirement ID],0))),"") | D74: =IFERROR(IF(ISBLANK(INDEX(Backlog[Jira Link],MATCH($A74,Backlog[Requirement ID],0))),"",INDEX(Backlog[Jira Link],MATCH($A74,Backlog[Requirement ID],0))),"") | E74: =IFERROR(IF(ISBLANK(INDEX(Backlog[Status],MATCH($A74,Backlog[Requirement ID],0))),"",INDEX(Backlog[Status],MATCH($A74,Backlog[Requirement ID],0))),"") | F74: =IFERROR(IF(ISBLANK(INDEX(SprintPlanning[Sprint],MATCH($A74,SprintPlanning[Requirement ID],0))),"",INDEX(SprintPlanning[Sprint],MATCH($A74,SprintPlanning[Requirement ID],0))),"") | G74: Yes | J74: =IFERROR(IF(ISBLANK(INDEX(Backlog[Priority],MATCH($A74,Backlog[Requirement ID],0))),"",INDEX(Backlog[Priority],MATCH($A74,Backlog[Requirement ID],0))),"")
A75: NEW-0138 | B75: =IFERROR(IF(ISBLANK(INDEX(Backlog[Requirement Name],MATCH($A75,Backlog[Requirement ID],0))),"",INDEX(Backlog[Requirement Name],MATCH($A75,Backlog[Requirement ID],0))),"") | C75: =IFERROR(IF(ISBLANK(INDEX(Backlog[Stream],MATCH($A75,Backlog[Requirement ID],0))),"",INDEX(Backlog[Stream],MATCH($A75,Backlog[Requirement ID],0))),"") | D75: =IFERROR(IF(ISBLANK(INDEX(Backlog[Jira Link],MATCH($A75,Backlog[Requirement ID],0))),"",INDEX(Backlog[Jira Link],MATCH($A75,Backlog[Requirement ID],0))),"") | E75: =IFERROR(IF(ISBLANK(INDEX(Backlog[Status],MATCH($A75,Backlog[Requirement ID],0))),"",INDEX(Backlog[Status],MATCH($A75,Backlog[Requirement ID],0))),"") | F75: =IFERROR(IF(ISBLANK(INDEX(SprintPlanning[Sprint],MATCH($A75,SprintPlanning[Requirement ID],0))),"",INDEX(SprintPlanning[Sprint],MATCH($A75,SprintPlanning[Requirement ID],0))),"") | G75: Yes | J75: =IFERROR(IF(ISBLANK(INDEX(Backlog[Priority],MATCH($A75,Backlog[Requirement ID],0))),"",INDEX(Backlog[Priority],MATCH($A75,Backlog[Requirement ID],0))),"")
A76: NEW-0139 | B76: =IFERROR(IF(ISBLANK(INDEX(Backlog[Requirement Name],MATCH($A76,Backlog[Requirement ID],0))),"",INDEX(Backlog[Requirement Name],MATCH($A76,Backlog[Requirement ID],0))),"") | C76: =IFERROR(IF(ISBLANK(INDEX(Backlog[Stream],MATCH($A76,Backlog[Requirement ID],0))),"",INDEX(Backlog[Stream],MATCH($A76,Backlog[Requirement ID],0))),"") | D76: =IFERROR(IF(ISBLANK(INDEX(Backlog[Jira Link],MATCH($A76,Backlog[Requirement ID],0))),"",INDEX(Backlog[Jira Link],MATCH($A76,Backlog[Requirement ID],0))),"") | E76: =IFERROR(IF(ISBLANK(INDEX(Backlog[Status],MATCH($A76,Backlog[Requirement ID],0))),"",INDEX(Backlog[Status],MATCH($A76,Backlog[Requirement ID],0))),"") | F76: =IFERROR(IF(ISBLANK(INDEX(SprintPlanning[Sprint],MATCH($A76,SprintPlanning[Requirement ID],0))),"",INDEX(SprintPlanning[Sprint],MATCH($A76,SprintPlanning[Requirement ID],0))),"") | G76: Yes | J76: =IFERROR(IF(ISBLANK(INDEX(Backlog[Priority],MATCH($A76,Backlog[Requirement ID],0))),"",INDEX(Backlog[Priority],MATCH($A76,Backlog[Requirement ID],0))),"")
A77: NEW-0142 | B77: =IFERROR(IF(ISBLANK(INDEX(Backlog[Requirement Name],MATCH($A77,Backlog[Requirement ID],0))),"",INDEX(Backlog[Requirement Name],MATCH($A77,Backlog[Requirement ID],0))),"") | C77: =IFERROR(IF(ISBLANK(INDEX(Backlog[Stream],MATCH($A77,Backlog[Requirement ID],0))),"",INDEX(Backlog[Stream],MATCH($A77,Backlog[Requirement ID],0))),"") | D77: =IFERROR(IF(ISBLANK(INDEX(Backlog[Jira Link],MATCH($A77,Backlog[Requirement ID],0))),"",INDEX(Backlog[Jira Link],MATCH($A77,Backlog[Requirement ID],0))),"") | E77: =IFERROR(IF(ISBLANK(INDEX(Backlog[Status],MATCH($A77,Backlog[Requirement ID],0))),"",INDEX(Backlog[Status],MATCH($A77,Backlog[Requirement ID],0))),"") | F77: =IFERROR(IF(ISBLANK(INDEX(SprintPlanning[Sprint],MATCH($A77,SprintPlanning[Requirement ID],0))),"",INDEX(SprintPlanning[Sprint],MATCH($A77,SprintPlanning[Requirement ID],0))),"") | G77: Yes | J77: =IFERROR(IF(ISBLANK(INDEX(Backlog[Priority],MATCH($A77,Backlog[Requirement ID],0))),"",INDEX(Backlog[Priority],MATCH($A77,Backlog[Requirement ID],0))),"")
A78: NEW-0143 | B78: =IFERROR(IF(ISBLANK(INDEX(Backlog[Requirement Name],MATCH($A78,Backlog[Requirement ID],0))),"",INDEX(Backlog[Requirement Name],MATCH($A78,Backlog[Requirement ID],0))),"") | C78: =IFERROR(IF(ISBLANK(INDEX(Backlog[Stream],MATCH($A78,Backlog[Requirement ID],0))),"",INDEX(Backlog[Stream],MATCH($A78,Backlog[Requirement ID],0))),"") | D78: =IFERROR(IF(ISBLANK(INDEX(Backlog[Jira Link],MATCH($A78,Backlog[Requirement ID],0))),"",INDEX(Backlog[Jira Link],MATCH($A78,Backlog[Requirement ID],0))),"") | E78: =IFERROR(IF(ISBLANK(INDEX(Backlog[Status],MATCH($A78,Backlog[Requirement ID],0))),"",INDEX(Backlog[Status],MATCH($A78,Backlog[Requirement ID],0))),"") | F78: =IFERROR(IF(ISBLANK(INDEX(SprintPlanning[Sprint],MATCH($A78,SprintPlanning[Requirement ID],0))),"",INDEX(SprintPlanning[Sprint],MATCH($A78,SprintPlanning[Requirement ID],0))),"") | G78: Yes | J78: =IFERROR(IF(ISBLANK(INDEX(Backlog[Priority],MATCH($A78,Backlog[Requirement ID],0))),"",INDEX(Backlog[Priority],MATCH($A78,Backlog[Requirement ID],0))),"")
A79: NEW-0146 | B79: =IFERROR(IF(ISBLANK(INDEX(Backlog[Requirement Name],MATCH($A79,Backlog[Requirement ID],0))),"",INDEX(Backlog[Requirement Name],MATCH($A79,Backlog[Requirement ID],0))),"") | C79: =IFERROR(IF(ISBLANK(INDEX(Backlog[Stream],MATCH($A79,Backlog[Requirement ID],0))),"",INDEX(Backlog[Stream],MATCH($A79,Backlog[Requirement ID],0))),"") | D79: =IFERROR(IF(ISBLANK(INDEX(Backlog[Jira Link],MATCH($A79,Backlog[Requirement ID],0))),"",INDEX(Backlog[Jira Link],MATCH($A79,Backlog[Requirement ID],0))),"") | E79: =IFERROR(IF(ISBLANK(INDEX(Backlog[Status],MATCH($A79,Backlog[Requirement ID],0))),"",INDEX(Backlog[Status],MATCH($A79,Backlog[Requirement ID],0))),"") | F79: =IFERROR(IF(ISBLANK(INDEX(SprintPlanning[Sprint],MATCH($A79,SprintPlanning[Requirement ID],0))),"",INDEX(SprintPlanning[Sprint],MATCH($A79,SprintPlanning[Requirement ID],0))),"") | G79: Yes | J79: =IFERROR(IF(ISBLANK(INDEX(Backlog[Priority],MATCH($A79,Backlog[Requirement ID],0))),"",INDEX(Backlog[Priority],MATCH($A79,Backlog[Requirement ID],0))),"")
A80: NEW-0148 | B80: =IFERROR(IF(ISBLANK(INDEX(Backlog[Requirement Name],MATCH($A80,Backlog[Requirement ID],0))),"",INDEX(Backlog[Requirement Name],MATCH($A80,Backlog[Requirement ID],0))),"") | C80: =IFERROR(IF(ISBLANK(INDEX(Backlog[Stream],MATCH($A80,Backlog[Requirement ID],0))),"",INDEX(Backlog[Stream],MATCH($A80,Backlog[Requirement ID],0))),"") | D80: =IFERROR(IF(ISBLANK(INDEX(Backlog[Jira Link],MATCH($A80,Backlog[Requirement ID],0))),"",INDEX(Backlog[Jira Link],MATCH($A80,Backlog[Requirement ID],0))),"") | E80: =IFERROR(IF(ISBLANK(INDEX(Backlog[Status],MATCH($A80,Backlog[Requirement ID],0))),"",INDEX(Backlog[Status],MATCH($A80,Backlog[Requirement ID],0))),"") | F80: =IFERROR(IF(ISBLANK(INDEX(SprintPlanning[Sprint],MATCH($A80,SprintPlanning[Requirement ID],0))),"",INDEX(SprintPlanning[Sprint],MATCH($A80,SprintPlanning[Requirement ID],0))),"") | G80: Yes | J80: =IFERROR(IF(ISBLANK(INDEX(Backlog[Priority],MATCH($A80,Backlog[Requirement ID],0))),"",INDEX(Backlog[Priority],MATCH($A80,Backlog[Requirement ID],0))),"")
A81: NEW-0150 | B81: =IFERROR(IF(ISBLANK(INDEX(Backlog[Requirement Name],MATCH($A81,Backlog[Requirement ID],0))),"",INDEX(Backlog[Requirement Name],MATCH($A81,Backlog[Requirement ID],0))),"") | C81: =IFERROR(IF(ISBLANK(INDEX(Backlog[Stream],MATCH($A81,Backlog[Requirement ID],0))),"",INDEX(Backlog[Stream],MATCH($A81,Backlog[Requirement ID],0))),"") | D81: =IFERROR(IF(ISBLANK(INDEX(Backlog[Jira Link],MATCH($A81,Backlog[Requirement ID],0))),"",INDEX(Backlog[Jira Link],MATCH($A81,Backlog[Requirement ID],0))),"") | E81: =IFERROR(IF(ISBLANK(INDEX(Backlog[Status],MATCH($A81,Backlog[Requirement ID],0))),"",INDEX(Backlog[Status],MATCH($A81,Backlog[Requirement ID],0))),"") | F81: =IFERROR(IF(ISBLANK(INDEX(SprintPlanning[Sprint],MATCH($A81,SprintPlanning[Requirement ID],0))),"",INDEX(SprintPlanning[Sprint],MATCH($A81,SprintPlanning[Requirement ID],0))),"") | G81: No | J81: =IFERROR(IF(ISBLANK(INDEX(Backlog[Priority],MATCH($A81,Backlog[Requirement ID],0))),"",INDEX(Backlog[Priority],MATCH($A81,Backlog[Requirement ID],0))),"")
A82: NEW-0151 | B82: =IFERROR(IF(ISBLANK(INDEX(Backlog[Requirement Name],MATCH($A82,Backlog[Requirement ID],0))),"",INDEX(Backlog[Requirement Name],MATCH($A82,Backlog[Requirement ID],0))),"") | C82: =IFERROR(IF(ISBLANK(INDEX(Backlog[Stream],MATCH($A82,Backlog[Requirement ID],0))),"",INDEX(Backlog[Stream],MATCH($A82,Backlog[Requirement ID],0))),"") | D82: =IFERROR(IF(ISBLANK(INDEX(Backlog[Jira Link],MATCH($A82,Backlog[Requirement ID],0))),"",INDEX(Backlog[Jira Link],MATCH($A82,Backlog[Requirement ID],0))),"") | E82: =IFERROR(IF(ISBLANK(INDEX(Backlog[Status],MATCH($A82,Backlog[Requirement ID],0))),"",INDEX(Backlog[Status],MATCH($A82,Backlog[Requirement ID],0))),"") | F82: =IFERROR(IF(ISBLANK(INDEX(SprintPlanning[Sprint],MATCH($A82,SprintPlanning[Requirement ID],0))),"",INDEX(SprintPlanning[Sprint],MATCH($A82,SprintPlanning[Requirement ID],0))),"") | J82: =IFERROR(IF(ISBLANK(INDEX(Backlog[Priority],MATCH($A82,Backlog[Requirement ID],0))),"",INDEX(Backlog[Priority],MATCH($A82,Backlog[Requirement ID],0))),"")
A83: NEW-0153 | B83: =IFERROR(IF(ISBLANK(INDEX(Backlog[Requirement Name],MATCH($A83,Backlog[Requirement ID],0))),"",INDEX(Backlog[Requirement Name],MATCH($A83,Backlog[Requirement ID],0))),"") | C83: =IFERROR(IF(ISBLANK(INDEX(Backlog[Stream],MATCH($A83,Backlog[Requirement ID],0))),"",INDEX(Backlog[Stream],MATCH($A83,Backlog[Requirement ID],0))),"") | D83: =IFERROR(IF(ISBLANK(INDEX(Backlog[Jira Link],MATCH($A83,Backlog[Requirement ID],0))),"",INDEX(Backlog[Jira Link],MATCH($A83,Backlog[Requirement ID],0))),"") | E83: =IFERROR(IF(ISBLANK(INDEX(Backlog[Status],MATCH($A83,Backlog[Requirement ID],0))),"",INDEX(Backlog[Status],MATCH($A83,Backlog[Requirement ID],0))),"") | F83: =IFERROR(IF(ISBLANK(INDEX(SprintPlanning[Sprint],MATCH($A83,SprintPlanning[Requirement ID],0))),"",INDEX(SprintPlanning[Sprint],MATCH($A83,SprintPlanning[Requirement ID],0))),"") | J83: =IFERROR(IF(ISBLANK(INDEX(Backlog[Priority],MATCH($A83,Backlog[Requirement ID],0))),"",INDEX(Backlog[Priority],MATCH($A83,Backlog[Requirement ID],0))),"")
A84: NEW-0187 | B84: =IFERROR(IF(ISBLANK(INDEX(Backlog[Requirement Name],MATCH($A84,Backlog[Requirement ID],0))),"",INDEX(Backlog[Requirement Name],MATCH($A84,Backlog[Requirement ID],0))),"") | C84: =IFERROR(IF(ISBLANK(INDEX(Backlog[Stream],MATCH($A84,Backlog[Requirement ID],0))),"",INDEX(Backlog[Stream],MATCH($A84,Backlog[Requirement ID],0))),"") | D84: =IFERROR(IF(ISBLANK(INDEX(Backlog[Jira Link],MATCH($A84,Backlog[Requirement ID],0))),"",INDEX(Backlog[Jira Link],MATCH($A84,Backlog[Requirement ID],0))),"") | E84: =IFERROR(IF(ISBLANK(INDEX(Backlog[Status],MATCH($A84,Backlog[Requirement ID],0))),"",INDEX(Backlog[Status],MATCH($A84,Backlog[Requirement ID],0))),"") | F84: =IFERROR(IF(ISBLANK(INDEX(SprintPlanning[Sprint],MATCH($A84,SprintPlanning[Requirement ID],0))),"",INDEX(SprintPlanning[Sprint],MATCH($A84,SprintPlanning[Requirement ID],0))),"") | J84: =IFERROR(IF(ISBLANK(INDEX(Backlog[Priority],MATCH($A84,Backlog[Requirement ID],0))),"",INDEX(Backlog[Priority],MATCH($A84,Backlog[Requirement ID],0))),"")
A85: NEW-0188 | B85: =IFERROR(IF(ISBLANK(INDEX(Backlog[Requirement Name],MATCH($A85,Backlog[Requirement ID],0))),"",INDEX(Backlog[Requirement Name],MATCH($A85,Backlog[Requirement ID],0))),"") | C85: =IFERROR(IF(ISBLANK(INDEX(Backlog[Stream],MATCH($A85,Backlog[Requirement ID],0))),"",INDEX(Backlog[Stream],MATCH($A85,Backlog[Requirement ID],0))),"") | D85: =IFERROR(IF(ISBLANK(INDEX(Backlog[Jira Link],MATCH($A85,Backlog[Requirement ID],0))),"",INDEX(Backlog[Jira Link],MATCH($A85,Backlog[Requirement ID],0))),"") | E85: =IFERROR(IF(ISBLANK(INDEX(Backlog[Status],MATCH($A85,Backlog[Requirement ID],0))),"",INDEX(Backlog[Status],MATCH($A85,Backlog[Requirement ID],0))),"") | F85: =IFERROR(IF(ISBLANK(INDEX(SprintPlanning[Sprint],MATCH($A85,SprintPlanning[Requirement ID],0))),"",INDEX(SprintPlanning[Sprint],MATCH($A85,SprintPlanning[Requirement ID],0))),"") | J85: =IFERROR(IF(ISBLANK(INDEX(Backlog[Priority],MATCH($A85,Backlog[Requirement ID],0))),"",INDEX(Backlog[Priority],MATCH($A85,Backlog[Requirement ID],0))),"")
A86: NEW-0190 | B86: =IFERROR(IF(ISBLANK(INDEX(Backlog[Requirement Name],MATCH($A86,Backlog[Requirement ID],0))),"",INDEX(Backlog[Requirement Name],MATCH($A86,Backlog[Requirement ID],0))),"") | C86: =IFERROR(IF(ISBLANK(INDEX(Backlog[Stream],MATCH($A86,Backlog[Requirement ID],0))),"",INDEX(Backlog[Stream],MATCH($A86,Backlog[Requirement ID],0))),"") | D86: =IFERROR(IF(ISBLANK(INDEX(Backlog[Jira Link],MATCH($A86,Backlog[Requirement ID],0))),"",INDEX(Backlog[Jira Link],MATCH($A86,Backlog[Requirement ID],0))),"") | E86: =IFERROR(IF(ISBLANK(INDEX(Backlog[Status],MATCH($A86,Backlog[Requirement ID],0))),"",INDEX(Backlog[Status],MATCH($A86,Backlog[Requirement ID],0))),"") | F86: =IFERROR(IF(ISBLANK(INDEX(SprintPlanning[Sprint],MATCH($A86,SprintPlanning[Requirement ID],0))),"",INDEX(SprintPlanning[Sprint],MATCH($A86,SprintPlanning[Requirement ID],0))),"") | J86: =IFERROR(IF(ISBLANK(INDEX(Backlog[Priority],MATCH($A86,Backlog[Requirement ID],0))),"",INDEX(Backlog[Priority],MATCH($A86,Backlog[Requirement ID],0))),"")
A87: NEW-0192 | B87: =IFERROR(IF(ISBLANK(INDEX(Backlog[Requirement Name],MATCH($A87,Backlog[Requirement ID],0))),"",INDEX(Backlog[Requirement Name],MATCH($A87,Backlog[Requirement ID],0))),"") | C87: =IFERROR(IF(ISBLANK(INDEX(Backlog[Stream],MATCH($A87,Backlog[Requirement ID],0))),"",INDEX(Backlog[Stream],MATCH($A87,Backlog[Requirement ID],0))),"") | D87: =IFERROR(IF(ISBLANK(INDEX(Backlog[Jira Link],MATCH($A87,Backlog[Requirement ID],0))),"",INDEX(Backlog[Jira Link],MATCH($A87,Backlog[Requirement ID],0))),"") | E87: =IFERROR(IF(ISBLANK(INDEX(Backlog[Status],MATCH($A87,Backlog[Requirement ID],0))),"",INDEX(Backlog[Status],MATCH($A87,Backlog[Requirement ID],0))),"") | F87: =IFERROR(IF(ISBLANK(INDEX(SprintPlanning[Sprint],MATCH($A87,SprintPlanning[Requirement ID],0))),"",INDEX(SprintPlanning[Sprint],MATCH($A87,SprintPlanning[Requirement ID],0))),"") | J87: =IFERROR(IF(ISBLANK(INDEX(Backlog[Priority],MATCH($A87,Backlog[Requirement ID],0))),"",INDEX(Backlog[Priority],MATCH($A87,Backlog[Requirement ID],0))),"")
A88: NEW-0219 | B88: =IFERROR(IF(ISBLANK(INDEX(Backlog[Requirement Name],MATCH($A88,Backlog[Requirement ID],0))),"",INDEX(Backlog[Requirement Name],MATCH($A88,Backlog[Requirement ID],0))),"") | C88: =IFERROR(IF(ISBLANK(INDEX(Backlog[Stream],MATCH($A88,Backlog[Requirement ID],0))),"",INDEX(Backlog[Stream],MATCH($A88,Backlog[Requirement ID],0))),"") | D88: =IFERROR(IF(ISBLANK(INDEX(Backlog[Jira Link],MATCH($A88,Backlog[Requirement ID],0))),"",INDEX(Backlog[Jira Link],MATCH($A88,Backlog[Requirement ID],0))),"") | E88: =IFERROR(IF(ISBLANK(INDEX(Backlog[Status],MATCH($A88,Backlog[Requirement ID],0))),"",INDEX(Backlog[Status],MATCH($A88,Backlog[Requirement ID],0))),"") | F88: =IFERROR(IF(ISBLANK(INDEX(SprintPlanning[Sprint],MATCH($A88,SprintPlanning[Requirement ID],0))),"",INDEX(SprintPlanning[Sprint],MATCH($A88,SprintPlanning[Requirement ID],0))),"") | J88: =IFERROR(IF(ISBLANK(INDEX(Backlog[Priority],MATCH($A88,Backlog[Requirement ID],0))),"",INDEX(Backlog[Priority],MATCH($A88,Backlog[Requirement ID],0))),"")
A89: NEW-0228 | B89: =IFERROR(IF(ISBLANK(INDEX(Backlog[Requirement Name],MATCH($A89,Backlog[Requirement ID],0))),"",INDEX(Backlog[Requirement Name],MATCH($A89,Backlog[Requirement ID],0))),"") | C89: =IFERROR(IF(ISBLANK(INDEX(Backlog[Stream],MATCH($A89,Backlog[Requirement ID],0))),"",INDEX(Backlog[Stream],MATCH($A89,Backlog[Requirement ID],0))),"") | D89: =IFERROR(IF(ISBLANK(INDEX(Backlog[Jira Link],MATCH($A89,Backlog[Requirement ID],0))),"",INDEX(Backlog[Jira Link],MATCH($A89,Backlog[Requirement ID],0))),"") | E89: =IFERROR(IF(ISBLANK(INDEX(Backlog[Status],MATCH($A89,Backlog[Requirement ID],0))),"",INDEX(Backlog[Status],MATCH($A89,Backlog[Requirement ID],0))),"") | F89: =IFERROR(IF(ISBLANK(INDEX(SprintPlanning[Sprint],MATCH($A89,SprintPlanning[Requirement ID],0))),"",INDEX(SprintPlanning[Sprint],MATCH($A89,SprintPlanning[Requirement ID],0))),"") | J89: =IFERROR(IF(ISBLANK(INDEX(Backlog[Priority],MATCH($A89,Backlog[Requirement ID],0))),"",INDEX(Backlog[Priority],MATCH($A89,Backlog[Requirement ID],0))),"")
A90: NEW-0233 | B90: =IFERROR(IF(ISBLANK(INDEX(Backlog[Requirement Name],MATCH($A90,Backlog[Requirement ID],0))),"",INDEX(Backlog[Requirement Name],MATCH($A90,Backlog[Requirement ID],0))),"") | C90: =IFERROR(IF(ISBLANK(INDEX(Backlog[Stream],MATCH($A90,Backlog[Requirement ID],0))),"",INDEX(Backlog[Stream],MATCH($A90,Backlog[Requirement ID],0))),"") | D90: =IFERROR(IF(ISBLANK(INDEX(Backlog[Jira Link],MATCH($A90,Backlog[Requirement ID],0))),"",INDEX(Backlog[Jira Link],MATCH($A90,Backlog[Requirement ID],0))),"") | E90: =IFERROR(IF(ISBLANK(INDEX(Backlog[Status],MATCH($A90,Backlog[Requirement ID],0))),"",INDEX(Backlog[Status],MATCH($A90,Backlog[Requirement ID],0))),"") | F90: =IFERROR(IF(ISBLANK(INDEX(SprintPlanning[Sprint],MATCH($A90,SprintPlanning[Requirement ID],0))),"",INDEX(SprintPlanning[Sprint],MATCH($A90,SprintPlanning[Requirement ID],0))),"") | J90: =IFERROR(IF(ISBLANK(INDEX(Backlog[Priority],MATCH($A90,Backlog[Requirement ID],0))),"",INDEX(Backlog[Priority],MATCH($A90,Backlog[Requirement ID],0))),"")
A91: NEW-0234 | B91: =IFERROR(IF(ISBLANK(INDEX(Backlog[Requirement Name],MATCH($A91,Backlog[Requirement ID],0))),"",INDEX(Backlog[Requirement Name],MATCH($A91,Backlog[Requirement ID],0))),"") | C91: =IFERROR(IF(ISBLANK(INDEX(Backlog[Stream],MATCH($A91,Backlog[Requirement ID],0))),"",INDEX(Backlog[Stream],MATCH($A91,Backlog[Requirement ID],0))),"") | D91: =IFERROR(IF(ISBLANK(INDEX(Backlog[Jira Link],MATCH($A91,Backlog[Requirement ID],0))),"",INDEX(Backlog[Jira Link],MATCH($A91,Backlog[Requirement ID],0))),"") | E91: =IFERROR(IF(ISBLANK(INDEX(Backlog[Status],MATCH($A91,Backlog[Requirement ID],0))),"",INDEX(Backlog[Status],MATCH($A91,Backlog[Requirement ID],0))),"") | F91: =IFERROR(IF(ISBLANK(INDEX(SprintPlanning[Sprint],MATCH($A91,SprintPlanning[Requirement ID],0))),"",INDEX(SprintPlanning[Sprint],MATCH($A91,SprintPlanning[Requirement ID],0))),"") | J91: =IFERROR(IF(ISBLANK(INDEX(Backlog[Priority],MATCH($A91,Backlog[Requirement ID],0))),"",INDEX(Backlog[Priority],MATCH($A91,Backlog[Requirement ID],0))),"")
A92: NEW-0235 | B92: =IFERROR(IF(ISBLANK(INDEX(Backlog[Requirement Name],MATCH($A92,Backlog[Requirement ID],0))),"",INDEX(Backlog[Requirement Name],MATCH($A92,Backlog[Requirement ID],0))),"") | C92: =IFERROR(IF(ISBLANK(INDEX(Backlog[Stream],MATCH($A92,Backlog[Requirement ID],0))),"",INDEX(Backlog[Stream],MATCH($A92,Backlog[Requirement ID],0))),"") | D92: =IFERROR(IF(ISBLANK(INDEX(Backlog[Jira Link],MATCH($A92,Backlog[Requirement ID],0))),"",INDEX(Backlog[Jira Link],MATCH($A92,Backlog[Requirement ID],0))),"") | E92: =IFERROR(IF(ISBLANK(INDEX(Backlog[Status],MATCH($A92,Backlog[Requirement ID],0))),"",INDEX(Backlog[Status],MATCH($A92,Backlog[Requirement ID],0))),"") | F92: =IFERROR(IF(ISBLANK(INDEX(SprintPlanning[Sprint],MATCH($A92,SprintPlanning[Requirement ID],0))),"",INDEX(SprintPlanning[Sprint],MATCH($A92,SprintPlanning[Requirement ID],0))),"") | J92: =IFERROR(IF(ISBLANK(INDEX(Backlog[Priority],MATCH($A92,Backlog[Requirement ID],0))),"",INDEX(Backlog[Priority],MATCH($A92,Backlog[Requirement ID],0))),"")
A93: NEW-0236 | B93: =IFERROR(IF(ISBLANK(INDEX(Backlog[Requirement Name],MATCH($A93,Backlog[Requirement ID],0))),"",INDEX(Backlog[Requirement Name],MATCH($A93,Backlog[Requirement ID],0))),"") | C93: =IFERROR(IF(ISBLANK(INDEX(Backlog[Stream],MATCH($A93,Backlog[Requirement ID],0))),"",INDEX(Backlog[Stream],MATCH($A93,Backlog[Requirement ID],0))),"") | D93: =IFERROR(IF(ISBLANK(INDEX(Backlog[Jira Link],MATCH($A93,Backlog[Requirement ID],0))),"",INDEX(Backlog[Jira Link],MATCH($A93,Backlog[Requirement ID],0))),"") | E93: =IFERROR(IF(ISBLANK(INDEX(Backlog[Status],MATCH($A93,Backlog[Requirement ID],0))),"",INDEX(Backlog[Status],MATCH($A93,Backlog[Requirement ID],0))),"") | F93: =IFERROR(IF(ISBLANK(INDEX(SprintPlanning[Sprint],MATCH($A93,SprintPlanning[Requirement ID],0))),"",INDEX(SprintPlanning[Sprint],MATCH($A93,SprintPlanning[Requirement ID],0))),"") | J93: =IFERROR(IF(ISBLANK(INDEX(Backlog[Priority],MATCH($A93,Backlog[Requirement ID],0))),"",INDEX(Backlog[Priority],MATCH($A93,Backlog[Requirement ID],0))),"")
... A95: NEW-0238 | B95: =IFERROR(IF(ISBLANK(INDEX(Backlog[Requirement Name],MATCH($A95,Backlog[Requirement ID],0))),"",INDEX(Backlog[Requirement Name],MATCH($A95,Backlog[Requirement ID],0))),"") | C95: =IFERROR(IF(ISBLANK(INDEX(Backlog[Stream],MATCH($A95,Backlog[Requirement ID],0))),"",INDEX(Backlog[Stream],MATCH($A95,Backlog[Requirement ID],0))),"") | D95: =IFERROR(IF(ISBLANK(INDEX(Backlog[Jira Link],MATCH($A95,Backlog[Requirement ID],0))),"",INDEX(Backlog[Jira Link],MATCH($A95,Backlog[Requirement ID],0))),"") | E95: =IFERROR(IF(ISBLANK(INDEX(Backlog[Status],MATCH($A95,Backlog[Requirement ID],0))),"",INDEX(Backlog[Status],MATCH($A95,Backlog[Requirement ID],0))),"") | F95: =IFERROR(IF(ISBLANK(INDEX(SprintPlanning[Sprint],MATCH($A95,SprintPlanning[Requirement ID],0))),"",INDEX(SprintPlanning[Sprint],MATCH($A95,SprintPlanning[Requirement ID],0))),"") | J95: =IFERROR(IF(ISBLANK(INDEX(Backlog[Priority],MATCH($A95,Backlog[Requirement ID],0))),"",INDEX(Backlog[Priority],MATCH($A95,Backlog[Requirement ID],0))),"")
A96: NEW-0239 | B96: =IFERROR(IF(ISBLANK(INDEX(Backlog[Requirement Name],MATCH($A96,Backlog[Requirement ID],0))),"",INDEX(Backlog[Requirement Name],MATCH($A96,Backlog[Requirement ID],0))),"") | C96: =IFERROR(IF(ISBLANK(INDEX(Backlog[Stream],MATCH($A96,Backlog[Requirement ID],0))),"",INDEX(Backlog[Stream],MATCH($A96,Backlog[Requirement ID],0))),"") | D96: =IFERROR(IF(ISBLANK(INDEX(Backlog[Jira Link],MATCH($A96,Backlog[Requirement ID],0))),"",INDEX(Backlog[Jira Link],MATCH($A96,Backlog[Requirement ID],0))),"") | E96: =IFERROR(IF(ISBLANK(INDEX(Backlog[Status],MATCH($A96,Backlog[Requirement ID],0))),"",INDEX(Backlog[Status],MATCH($A96,Backlog[Requirement ID],0))),"") | F96: =IFERROR(IF(ISBLANK(INDEX(SprintPlanning[Sprint],MATCH($A96,SprintPlanning[Requirement ID],0))),"",INDEX(SprintPlanning[Sprint],MATCH($A96,SprintPlanning[Requirement ID],0))),"") | J96: =IFERROR(IF(ISBLANK(INDEX(Backlog[Priority],MATCH($A96,Backlog[Requirement ID],0))),"",INDEX(Backlog[Priority],MATCH($A96,Backlog[Requirement ID],0))),"") | K96: Ready for Development
A97: NEW-0240 | B97: =IFERROR(IF(ISBLANK(INDEX(Backlog[Requirement Name],MATCH($A97,Backlog[Requirement ID],0))),"",INDEX(Backlog[Requirement Name],MATCH($A97,Backlog[Requirement ID],0))),"") | C97: =IFERROR(IF(ISBLANK(INDEX(Backlog[Stream],MATCH($A97,Backlog[Requirement ID],0))),"",INDEX(Backlog[Stream],MATCH($A97,Backlog[Requirement ID],0))),"") | D97: =IFERROR(IF(ISBLANK(INDEX(Backlog[Jira Link],MATCH($A97,Backlog[Requirement ID],0))),"",INDEX(Backlog[Jira Link],MATCH($A97,Backlog[Requirement ID],0))),"") | E97: =IFERROR(IF(ISBLANK(INDEX(Backlog[Status],MATCH($A97,Backlog[Requirement ID],0))),"",INDEX(Backlog[Status],MATCH($A97,Backlog[Requirement ID],0))),"") | F97: =IFERROR(IF(ISBLANK(INDEX(SprintPlanning[Sprint],MATCH($A97,SprintPlanning[Requirement ID],0))),"",INDEX(SprintPlanning[Sprint],MATCH($A97,SprintPlanning[Requirement ID],0))),"") | J97: =IFERROR(IF(ISBLANK(INDEX(Backlog[Priority],MATCH($A97,Backlog[Requirement ID],0))),"",INDEX(Backlog[Priority],MATCH($A97,Backlog[Requirement ID],0))),"") | K97: Ready for Development
A98: NEW-0241 | B98: =IFERROR(IF(ISBLANK(INDEX(Backlog[Requirement Name],MATCH($A98,Backlog[Requirement ID],0))),"",INDEX(Backlog[Requirement Name],MATCH($A98,Backlog[Requirement ID],0))),"") | C98: =IFERROR(IF(ISBLANK(INDEX(Backlog[Stream],MATCH($A98,Backlog[Requirement ID],0))),"",INDEX(Backlog[Stream],MATCH($A98,Backlog[Requirement ID],0))),"") | D98: =IFERROR(IF(ISBLANK(INDEX(Backlog[Jira Link],MATCH($A98,Backlog[Requirement ID],0))),"",INDEX(Backlog[Jira Link],MATCH($A98,Backlog[Requirement ID],0))),"") | E98: =IFERROR(IF(ISBLANK(INDEX(Backlog[Status],MATCH($A98,Backlog[Requirement ID],0))),"",INDEX(Backlog[Status],MATCH($A98,Backlog[Requirement ID],0))),"") | F98: =IFERROR(IF(ISBLANK(INDEX(SprintPlanning[Sprint],MATCH($A98,SprintPlanning[Requirement ID],0))),"",INDEX(SprintPlanning[Sprint],MATCH($A98,SprintPlanning[Requirement ID],0))),"") | J98: =IFERROR(IF(ISBLANK(INDEX(Backlog[Priority],MATCH($A98,Backlog[Requirement ID],0))),"",INDEX(Backlog[Priority],MATCH($A98,Backlog[Requirement ID],0))),"")
A99: NEW-0242 | B99: =IFERROR(IF(ISBLANK(INDEX(Backlog[Requirement Name],MATCH($A99,Backlog[Requirement ID],0))),"",INDEX(Backlog[Requirement Name],MATCH($A99,Backlog[Requirement ID],0))),"") | C99: =IFERROR(IF(ISBLANK(INDEX(Backlog[Stream],MATCH($A99,Backlog[Requirement ID],0))),"",INDEX(Backlog[Stream],MATCH($A99,Backlog[Requirement ID],0))),"") | D99: =IFERROR(IF(ISBLANK(INDEX(Backlog[Jira Link],MATCH($A99,Backlog[Requirement ID],0))),"",INDEX(Backlog[Jira Link],MATCH($A99,Backlog[Requirement ID],0))),"") | E99: =IFERROR(IF(ISBLANK(INDEX(Backlog[Status],MATCH($A99,Backlog[Requirement ID],0))),"",INDEX(Backlog[Status],MATCH($A99,Backlog[Requirement ID],0))),"") | F99: =IFERROR(IF(ISBLANK(INDEX(SprintPlanning[Sprint],MATCH($A99,SprintPlanning[Requirement ID],0))),"",INDEX(SprintPlanning[Sprint],MATCH($A99,SprintPlanning[Requirement ID],0))),"") | J99: =IFERROR(IF(ISBLANK(INDEX(Backlog[Priority],MATCH($A99,Backlog[Requirement ID],0))),"",INDEX(Backlog[Priority],MATCH($A99,Backlog[Requirement ID],0))),"") | K99: Ready for Development
A100: NEW-0243 | B100: =IFERROR(IF(ISBLANK(INDEX(Backlog[Requirement Name],MATCH($A100,Backlog[Requirement ID],0))),"",INDEX(Backlog[Requirement Name],MATCH($A100,Backlog[Requirement ID],0))),"") | C100: =IFERROR(IF(ISBLANK(INDEX(Backlog[Stream],MATCH($A100,Backlog[Requirement ID],0))),"",INDEX(Backlog[Stream],MATCH($A100,Backlog[Requirement ID],0))),"") | D100: =IFERROR(IF(ISBLANK(INDEX(Backlog[Jira Link],MATCH($A100,Backlog[Requirement ID],0))),"",INDEX(Backlog[Jira Link],MATCH($A100,Backlog[Requirement ID],0))),"") | E100: =IFERROR(IF(ISBLANK(INDEX(Backlog[Status],MATCH($A100,Backlog[Requirement ID],0))),"",INDEX(Backlog[Status],MATCH($A100,Backlog[Requirement ID],0))),"") | F100: =IFERROR(IF(ISBLANK(INDEX(SprintPlanning[Sprint],MATCH($A100,SprintPlanning[Requirement ID],0))),"",INDEX(SprintPlanning[Sprint],MATCH($A100,SprintPlanning[Requirement ID],0))),"") | J100: =IFERROR(IF(ISBLANK(INDEX(Backlog[Priority],MATCH($A100,Backlog[Requirement ID],0))),"",INDEX(Backlog[Priority],MATCH($A100,Backlog[Requirement ID],0))),"") | K100: Ready for Development
A101: NEW-0245 | B101: =IFERROR(IF(ISBLANK(INDEX(Backlog[Requirement Name],MATCH($A101,Backlog[Requirement ID],0))),"",INDEX(Backlog[Requirement Name],MATCH($A101,Backlog[Requirement ID],0))),"") | C101: =IFERROR(IF(ISBLANK(INDEX(Backlog[Stream],MATCH($A101,Backlog[Requirement ID],0))),"",INDEX(Backlog[Stream],MATCH($A101,Backlog[Requirement ID],0))),"") | D101: =IFERROR(IF(ISBLANK(INDEX(Backlog[Jira Link],MATCH($A101,Backlog[Requirement ID],0))),"",INDEX(Backlog[Jira Link],MATCH($A101,Backlog[Requirement ID],0))),"") | E101: =IFERROR(IF(ISBLANK(INDEX(Backlog[Status],MATCH($A101,Backlog[Requirement ID],0))),"",INDEX(Backlog[Status],MATCH($A101,Backlog[Requirement ID],0))),"") | F101: =IFERROR(IF(ISBLANK(INDEX(SprintPlanning[Sprint],MATCH($A101,SprintPlanning[Requirement ID],0))),"",INDEX(SprintPlanning[Sprint],MATCH($A101,SprintPlanning[Requirement ID],0))),"") | J101: =IFERROR(IF(ISBLANK(INDEX(Backlog[Priority],MATCH($A101,Backlog[Requirement ID],0))),"",INDEX(Backlog[Priority],MATCH($A101,Backlog[Requirement ID],0))),"")
A102: NEW-0246 | B102: =IFERROR(IF(ISBLANK(INDEX(Backlog[Requirement Name],MATCH($A102,Backlog[Requirement ID],0))),"",INDEX(Backlog[Requirement Name],MATCH($A102,Backlog[Requirement ID],0))),"") | C102: =IFERROR(IF(ISBLANK(INDEX(Backlog[Stream],MATCH($A102,Backlog[Requirement ID],0))),"",INDEX(Backlog[Stream],MATCH($A102,Backlog[Requirement ID],0))),"") | D102: =IFERROR(IF(ISBLANK(INDEX(Backlog[Jira Link],MATCH($A102,Backlog[Requirement ID],0))),"",INDEX(Backlog[Jira Link],MATCH($A102,Backlog[Requirement ID],0))),"") | E102: =IFERROR(IF(ISBLANK(INDEX(Backlog[Status],MATCH($A102,Backlog[Requirement ID],0))),"",INDEX(Backlog[Status],MATCH($A102,Backlog[Requirement ID],0))),"") | F102: =IFERROR(IF(ISBLANK(INDEX(SprintPlanning[Sprint],MATCH($A102,SprintPlanning[Requirement ID],0))),"",INDEX(SprintPlanning[Sprint],MATCH($A102,SprintPlanning[Requirement ID],0))),"") | J102: =IFERROR(IF(ISBLANK(INDEX(Backlog[Priority],MATCH($A102,Backlog[Requirement ID],0))),"",INDEX(Backlog[Priority],MATCH($A102,Backlog[Requirement ID],0))),"") | K102: Ready for Development
A103: NEW-0247 | B103: =IFERROR(IF(ISBLANK(INDEX(Backlog[Requirement Name],MATCH($A103,Backlog[Requirement ID],0))),"",INDEX(Backlog[Requirement Name],MATCH($A103,Backlog[Requirement ID],0))),"") | C103: =IFERROR(IF(ISBLANK(INDEX(Backlog[Stream],MATCH($A103,Backlog[Requirement ID],0))),"",INDEX(Backlog[Stream],MATCH($A103,Backlog[Requirement ID],0))),"") | D103: =IFERROR(IF(ISBLANK(INDEX(Backlog[Jira Link],MATCH($A103,Backlog[Requirement ID],0))),"",INDEX(Backlog[Jira Link],MATCH($A103,Backlog[Requirement ID],0))),"") | E103: =IFERROR(IF(ISBLANK(INDEX(Backlog[Status],MATCH($A103,Backlog[Requirement ID],0))),"",INDEX(Backlog[Status],MATCH($A103,Backlog[Requirement ID],0))),"") | F103: =IFERROR(IF(ISBLANK(INDEX(SprintPlanning[Sprint],MATCH($A103,SprintPlanning[Requirement ID],0))),"",INDEX(SprintPlanning[Sprint],MATCH($A103,SprintPlanning[Requirement ID],0))),"") | J103: =IFERROR(IF(ISBLANK(INDEX(Backlog[Priority],MATCH($A103,Backlog[Requirement ID],0))),"",INDEX(Backlog[Priority],MATCH($A103,Backlog[Requirement ID],0))),"") | K103: Ready for Development | L103: Yes
A104: NEW-0248 | B104: =IFERROR(IF(ISBLANK(INDEX(Backlog[Requirement Name],MATCH($A104,Backlog[Requirement ID],0))),"",INDEX(Backlog[Requirement Name],MATCH($A104,Backlog[Requirement ID],0))),"") | C104: =IFERROR(IF(ISBLANK(INDEX(Backlog[Stream],MATCH($A104,Backlog[Requirement ID],0))),"",INDEX(Backlog[Stream],MATCH($A104,Backlog[Requirement ID],0))),"") | D104: =IFERROR(IF(ISBLANK(INDEX(Backlog[Jira Link],MATCH($A104,Backlog[Requirement ID],0))),"",INDEX(Backlog[Jira Link],MATCH($A104,Backlog[Requirement ID],0))),"") | E104: =IFERROR(IF(ISBLANK(INDEX(Backlog[Status],MATCH($A104,Backlog[Requirement ID],0))),"",INDEX(Backlog[Status],MATCH($A104,Backlog[Requirement ID],0))),"") | F104: =IFERROR(IF(ISBLANK(INDEX(SprintPlanning[Sprint],MATCH($A104,SprintPlanning[Requirement ID],0))),"",INDEX(SprintPlanning[Sprint],MATCH($A104,SprintPlanning[Requirement ID],0))),"") | J104: =IFERROR(IF(ISBLANK(INDEX(Backlog[Priority],MATCH($A104,Backlog[Requirement ID],0))),"",INDEX(Backlog[Priority],MATCH($A104,Backlog[Requirement ID],0))),"") | K104: Ready for Development | L104: Yes
A105: NEW-0249 | B105: =IFERROR(IF(ISBLANK(INDEX(Backlog[Requirement Name],MATCH($A105,Backlog[Requirement ID],0))),"",INDEX(Backlog[Requirement Name],MATCH($A105,Backlog[Requirement ID],0))),"") | C105: =IFERROR(IF(ISBLANK(INDEX(Backlog[Stream],MATCH($A105,Backlog[Requirement ID],0))),"",INDEX(Backlog[Stream],MATCH($A105,Backlog[Requirement ID],0))),"") | D105: =IFERROR(IF(ISBLANK(INDEX(Backlog[Jira Link],MATCH($A105,Backlog[Requirement ID],0))),"",INDEX(Backlog[Jira Link],MATCH($A105,Backlog[Requirement ID],0))),"") | E105: =IFERROR(IF(ISBLANK(INDEX(Backlog[Status],MATCH($A105,Backlog[Requirement ID],0))),"",INDEX(Backlog[Status],MATCH($A105,Backlog[Requirement ID],0))),"") | F105: =IFERROR(IF(ISBLANK(INDEX(SprintPlanning[Sprint],MATCH($A105,SprintPlanning[Requirement ID],0))),"",INDEX(SprintPlanning[Sprint],MATCH($A105,SprintPlanning[Requirement ID],0))),"") | J105: =IFERROR(IF(ISBLANK(INDEX(Backlog[Priority],MATCH($A105,Backlog[Requirement ID],0))),"",INDEX(Backlog[Priority],MATCH($A105,Backlog[Requirement ID],0))),"") | K105: Ready for Development
A106: NEW-0250 | B106: =IFERROR(IF(ISBLANK(INDEX(Backlog[Requirement Name],MATCH($A106,Backlog[Requirement ID],0))),"",INDEX(Backlog[Requirement Name],MATCH($A106,Backlog[Requirement ID],0))),"") | C106: =IFERROR(IF(ISBLANK(INDEX(Backlog[Stream],MATCH($A106,Backlog[Requirement ID],0))),"",INDEX(Backlog[Stream],MATCH($A106,Backlog[Requirement ID],0))),"") | D106: =IFERROR(IF(ISBLANK(INDEX(Backlog[Jira Link],MATCH($A106,Backlog[Requirement ID],0))),"",INDEX(Backlog[Jira Link],MATCH($A106,Backlog[Requirement ID],0))),"") | E106: =IFERROR(IF(ISBLANK(INDEX(Backlog[Status],MATCH($A106,Backlog[Requirement ID],0))),"",INDEX(Backlog[Status],MATCH($A106,Backlog[Requirement ID],0))),"") | F106: =IFERROR(IF(ISBLANK(INDEX(SprintPlanning[Sprint],MATCH($A106,SprintPlanning[Requirement ID],0))),"",INDEX(SprintPlanning[Sprint],MATCH($A106,SprintPlanning[Requirement ID],0))),"") | J106: =IFERROR(IF(ISBLANK(INDEX(Backlog[Priority],MATCH($A106,Backlog[Requirement ID],0))),"",INDEX(Backlog[Priority],MATCH($A106,Backlog[Requirement ID],0))),"") | K106: Ready for Development
A107: NEW-0251 | B107: =IFERROR(IF(ISBLANK(INDEX(Backlog[Requirement Name],MATCH($A107,Backlog[Requirement ID],0))),"",INDEX(Backlog[Requirement Name],MATCH($A107,Backlog[Requirement ID],0))),"") | C107: =IFERROR(IF(ISBLANK(INDEX(Backlog[Stream],MATCH($A107,Backlog[Requirement ID],0))),"",INDEX(Backlog[Stream],MATCH($A107,Backlog[Requirement ID],0))),"") | D107: =IFERROR(IF(ISBLANK(INDEX(Backlog[Jira Link],MATCH($A107,Backlog[Requirement ID],0))),"",INDEX(Backlog[Jira Link],MATCH($A107,Backlog[Requirement ID],0))),"") | E107: =IFERROR(IF(ISBLANK(INDEX(Backlog[Status],MATCH($A107,Backlog[Requirement ID],0))),"",INDEX(Backlog[Status],MATCH($A107,Backlog[Requirement ID],0))),"") | F107: =IFERROR(IF(ISBLANK(INDEX(SprintPlanning[Sprint],MATCH($A107,SprintPlanning[Requirement ID],0))),"",INDEX(SprintPlanning[Sprint],MATCH($A107,SprintPlanning[Requirement ID],0))),"") | J107: =IFERROR(IF(ISBLANK(INDEX(Backlog[Priority],MATCH($A107,Backlog[Requirement ID],0))),"",INDEX(Backlog[Priority],MATCH($A107,Backlog[Requirement ID],0))),"") | K107: Ready for Development
A108: NEW-0252 | B108: =IFERROR(IF(ISBLANK(INDEX(Backlog[Requirement Name],MATCH($A108,Backlog[Requirement ID],0))),"",INDEX(Backlog[Requirement Name],MATCH($A108,Backlog[Requirement ID],0))),"") | C108: =IFERROR(IF(ISBLANK(INDEX(Backlog[Stream],MATCH($A108,Backlog[Requirement ID],0))),"",INDEX(Backlog[Stream],MATCH($A108,Backlog[Requirement ID],0))),"") | D108: =IFERROR(IF(ISBLANK(INDEX(Backlog[Jira Link],MATCH($A108,Backlog[Requirement ID],0))),"",INDEX(Backlog[Jira Link],MATCH($A108,Backlog[Requirement ID],0))),"") | E108: =IFERROR(IF(ISBLANK(INDEX(Backlog[Status],MATCH($A108,Backlog[Requirement ID],0))),"",INDEX(Backlog[Status],MATCH($A108,Backlog[Requirement ID],0))),"") | F108: =IFERROR(IF(ISBLANK(INDEX(SprintPlanning[Sprint],MATCH($A108,SprintPlanning[Requirement ID],0))),"",INDEX(SprintPlanning[Sprint],MATCH($A108,SprintPlanning[Requirement ID],0))),"") | J108: =IFERROR(IF(ISBLANK(INDEX(Backlog[Priority],MATCH($A108,Backlog[Requirement ID],0))),"",INDEX(Backlog[Priority],MATCH($A108,Backlog[Requirement ID],0))),"") | K108: Ready for Development
A109: NEW-0253 | B109: =IFERROR(IF(ISBLANK(INDEX(Backlog[Requirement Name],MATCH($A109,Backlog[Requirement ID],0))),"",INDEX(Backlog[Requirement Name],MATCH($A109,Backlog[Requirement ID],0))),"") | C109: =IFERROR(IF(ISBLANK(INDEX(Backlog[Stream],MATCH($A109,Backlog[Requirement ID],0))),"",INDEX(Backlog[Stream],MATCH($A109,Backlog[Requirement ID],0))),"") | D109: =IFERROR(IF(ISBLANK(INDEX(Backlog[Jira Link],MATCH($A109,Backlog[Requirement ID],0))),"",INDEX(Backlog[Jira Link],MATCH($A109,Backlog[Requirement ID],0))),"") | E109: =IFERROR(IF(ISBLANK(INDEX(Backlog[Status],MATCH($A109,Backlog[Requirement ID],0))),"",INDEX(Backlog[Status],MATCH($A109,Backlog[Requirement ID],0))),"") | F109: =IFERROR(IF(ISBLANK(INDEX(SprintPlanning[Sprint],MATCH($A109,SprintPlanning[Requirement ID],0))),"",INDEX(SprintPlanning[Sprint],MATCH($A109,SprintPlanning[Requirement ID],0))),"") | J109: =IFERROR(IF(ISBLANK(INDEX(Backlog[Priority],MATCH($A109,Backlog[Requirement ID],0))),"",INDEX(Backlog[Priority],MATCH($A109,Backlog[Requirement ID],0))),"") | K109: Ready for Development
A110: NEW-0256 | B110: =IFERROR(IF(ISBLANK(INDEX(Backlog[Requirement Name],MATCH($A110,Backlog[Requirement ID],0))),"",INDEX(Backlog[Requirement Name],MATCH($A110,Backlog[Requirement ID],0))),"") | C110: =IFERROR(IF(ISBLANK(INDEX(Backlog[Stream],MATCH($A110,Backlog[Requirement ID],0))),"",INDEX(Backlog[Stream],MATCH($A110,Backlog[Requirement ID],0))),"") | D110: =IFERROR(IF(ISBLANK(INDEX(Backlog[Jira Link],MATCH($A110,Backlog[Requirement ID],0))),"",INDEX(Backlog[Jira Link],MATCH($A110,Backlog[Requirement ID],0))),"") | E110: =IFERROR(IF(ISBLANK(INDEX(Backlog[Status],MATCH($A110,Backlog[Requirement ID],0))),"",INDEX(Backlog[Status],MATCH($A110,Backlog[Requirement ID],0))),"") | F110: =IFERROR(IF(ISBLANK(INDEX(SprintPlanning[Sprint],MATCH($A110,SprintPlanning[Requirement ID],0))),"",INDEX(SprintPlanning[Sprint],MATCH($A110,SprintPlanning[Requirement ID],0))),"") | J110: =IFERROR(IF(ISBLANK(INDEX(Backlog[Priority],MATCH($A110,Backlog[Requirement ID],0))),"",INDEX(Backlog[Priority],MATCH($A110,Backlog[Requirement ID],0))),"")
A111: NEW-0257 | B111: =IFERROR(IF(ISBLANK(INDEX(Backlog[Requirement Name],MATCH($A111,Backlog[Requirement ID],0))),"",INDEX(Backlog[Requirement Name],MATCH($A111,Backlog[Requirement ID],0))),"") | C111: =IFERROR(IF(ISBLANK(INDEX(Backlog[Stream],MATCH($A111,Backlog[Requirement ID],0))),"",INDEX(Backlog[Stream],MATCH($A111,Backlog[Requirement ID],0))),"") | D111: =IFERROR(IF(ISBLANK(INDEX(Backlog[Jira Link],MATCH($A111,Backlog[Requirement ID],0))),"",INDEX(Backlog[Jira Link],MATCH($A111,Backlog[Requirement ID],0))),"") | E111: =IFERROR(IF(ISBLANK(INDEX(Backlog[Status],MATCH($A111,Backlog[Requirement ID],0))),"",INDEX(Backlog[Status],MATCH($A111,Backlog[Requirement ID],0))),"") | F111: =IFERROR(IF(ISBLANK(INDEX(SprintPlanning[Sprint],MATCH($A111,SprintPlanning[Requirement ID],0))),"",INDEX(SprintPlanning[Sprint],MATCH($A111,SprintPlanning[Requirement ID],0))),"") | J111: =IFERROR(IF(ISBLANK(INDEX(Backlog[Priority],MATCH($A111,Backlog[Requirement ID],0))),"",INDEX(Backlog[Priority],MATCH($A111,Backlog[Requirement ID],0))),"") | K111: Ready for Development
A112: NEW-0260 | B112: =IFERROR(IF(ISBLANK(INDEX(Backlog[Requirement Name],MATCH($A112,Backlog[Requirement ID],0))),"",INDEX(Backlog[Requirement Name],MATCH($A112,Backlog[Requirement ID],0))),"") | C112: =IFERROR(IF(ISBLANK(INDEX(Backlog[Stream],MATCH($A112,Backlog[Requirement ID],0))),"",INDEX(Backlog[Stream],MATCH($A112,Backlog[Requirement ID],0))),"") | D112: =IFERROR(IF(ISBLANK(INDEX(Backlog[Jira Link],MATCH($A112,Backlog[Requirement ID],0))),"",INDEX(Backlog[Jira Link],MATCH($A112,Backlog[Requirement ID],0))),"") | E112: =IFERROR(IF(ISBLANK(INDEX(Backlog[Status],MATCH($A112,Backlog[Requirement ID],0))),"",INDEX(Backlog[Status],MATCH($A112,Backlog[Requirement ID],0))),"") | F112: =IFERROR(IF(ISBLANK(INDEX(SprintPlanning[Sprint],MATCH($A112,SprintPlanning[Requirement ID],0))),"",INDEX(SprintPlanning[Sprint],MATCH($A112,SprintPlanning[Requirement ID],0))),"") | J112: =IFERROR(IF(ISBLANK(INDEX(Backlog[Priority],MATCH($A112,Backlog[Requirement ID],0))),"",INDEX(Backlog[Priority],MATCH($A112,Backlog[Requirement ID],0))),"") | K112: Ready for Development
A113: NEW-0261 | B113: =IFERROR(IF(ISBLANK(INDEX(Backlog[Requirement Name],MATCH($A113,Backlog[Requirement ID],0))),"",INDEX(Backlog[Requirement Name],MATCH($A113,Backlog[Requirement ID],0))),"") | C113: =IFERROR(IF(ISBLANK(INDEX(Backlog[Stream],MATCH($A113,Backlog[Requirement ID],0))),"",INDEX(Backlog[Stream],MATCH($A113,Backlog[Requirement ID],0))),"") | D113: =IFERROR(IF(ISBLANK(INDEX(Backlog[Jira Link],MATCH($A113,Backlog[Requirement ID],0))),"",INDEX(Backlog[Jira Link],MATCH($A113,Backlog[Requirement ID],0))),"") | E113: =IFERROR(IF(ISBLANK(INDEX(Backlog[Status],MATCH($A113,Backlog[Requirement ID],0))),"",INDEX(Backlog[Status],MATCH($A113,Backlog[Requirement ID],0))),"") | F113: =IFERROR(IF(ISBLANK(INDEX(SprintPlanning[Sprint],MATCH($A113,SprintPlanning[Requirement ID],0))),"",INDEX(SprintPlanning[Sprint],MATCH($A113,SprintPlanning[Requirement ID],0))),"") | J113: =IFERROR(IF(ISBLANK(INDEX(Backlog[Priority],MATCH($A113,Backlog[Requirement ID],0))),"",INDEX(Backlog[Priority],MATCH($A113,Backlog[Requirement ID],0))),"") | K113: Ready for Development
A114: NEW-0262 | B114: =IFERROR(IF(ISBLANK(INDEX(Backlog[Requirement Name],MATCH($A114,Backlog[Requirement ID],0))),"",INDEX(Backlog[Requirement Name],MATCH($A114,Backlog[Requirement ID],0))),"") | C114: =IFERROR(IF(ISBLANK(INDEX(Backlog[Stream],MATCH($A114,Backlog[Requirement ID],0))),"",INDEX(Backlog[Stream],MATCH($A114,Backlog[Requirement ID],0))),"") | D114: =IFERROR(IF(ISBLANK(INDEX(Backlog[Jira Link],MATCH($A114,Backlog[Requirement ID],0))),"",INDEX(Backlog[Jira Link],MATCH($A114,Backlog[Requirement ID],0))),"") | E114: =IFERROR(IF(ISBLANK(INDEX(Backlog[Status],MATCH($A114,Backlog[Requirement ID],0))),"",INDEX(Backlog[Status],MATCH($A114,Backlog[Requirement ID],0))),"") | F114: =IFERROR(IF(ISBLANK(INDEX(SprintPlanning[Sprint],MATCH($A114,SprintPlanning[Requirement ID],0))),"",INDEX(SprintPlanning[Sprint],MATCH($A114,SprintPlanning[Requirement ID],0))),"") | J114: =IFERROR(IF(ISBLANK(INDEX(Backlog[Priority],MATCH($A114,Backlog[Requirement ID],0))),"",INDEX(Backlog[Priority],MATCH($A114,Backlog[Requirement ID],0))),"") | K114: Ready for Development
A115: NEW-0263 | B115: =IFERROR(IF(ISBLANK(INDEX(Backlog[Requirement Name],MATCH($A115,Backlog[Requirement ID],0))),"",INDEX(Backlog[Requirement Name],MATCH($A115,Backlog[Requirement ID],0))),"") | C115: =IFERROR(IF(ISBLANK(INDEX(Backlog[Stream],MATCH($A115,Backlog[Requirement ID],0))),"",INDEX(Backlog[Stream],MATCH($A115,Backlog[Requirement ID],0))),"") | D115: =IFERROR(IF(ISBLANK(INDEX(Backlog[Jira Link],MATCH($A115,Backlog[Requirement ID],0))),"",INDEX(Backlog[Jira Link],MATCH($A115,Backlog[Requirement ID],0))),"") | E115: =IFERROR(IF(ISBLANK(INDEX(Backlog[Status],MATCH($A115,Backlog[Requirement ID],0))),"",INDEX(Backlog[Status],MATCH($A115,Backlog[Requirement ID],0))),"") | F115: =IFERROR(IF(ISBLANK(INDEX(SprintPlanning[Sprint],MATCH($A115,SprintPlanning[Requirement ID],0))),"",INDEX(SprintPlanning[Sprint],MATCH($A115,SprintPlanning[Requirement ID],0))),"") | J115: =IFERROR(IF(ISBLANK(INDEX(Backlog[Priority],MATCH($A115,Backlog[Requirement ID],0))),"",INDEX(Backlog[Priority],MATCH($A115,Backlog[Requirement ID],0))),"") | K115: Ready for Development
A116: NEW-0264 | B116: =IFERROR(IF(ISBLANK(INDEX(Backlog[Requirement Name],MATCH($A116,Backlog[Requirement ID],0))),"",INDEX(Backlog[Requirement Name],MATCH($A116,Backlog[Requirement ID],0))),"") | C116: =IFERROR(IF(ISBLANK(INDEX(Backlog[Stream],MATCH($A116,Backlog[Requirement ID],0))),"",INDEX(Backlog[Stream],MATCH($A116,Backlog[Requirement ID],0))),"") | D116: =IFERROR(IF(ISBLANK(INDEX(Backlog[Jira Link],MATCH($A116,Backlog[Requirement ID],0))),"",INDEX(Backlog[Jira Link],MATCH($A116,Backlog[Requirement ID],0))),"") | E116: =IFERROR(IF(ISBLANK(INDEX(Backlog[Status],MATCH($A116,Backlog[Requirement ID],0))),"",INDEX(Backlog[Status],MATCH($A116,Backlog[Requirement ID],0))),"") | F116: =IFERROR(IF(ISBLANK(INDEX(SprintPlanning[Sprint],MATCH($A116,SprintPlanning[Requirement ID],0))),"",INDEX(SprintPlanning[Sprint],MATCH($A116,SprintPlanning[Requirement ID],0))),"") | J116: =IFERROR(IF(ISBLANK(INDEX(Backlog[Priority],MATCH($A116,Backlog[Requirement ID],0))),"",INDEX(Backlog[Priority],MATCH($A116,Backlog[Requirement ID],0))),"") | K116: Ready for Development | L116: Yes
A117: NEW-0265 | B117: =IFERROR(IF(ISBLANK(INDEX(Backlog[Requirement Name],MATCH($A117,Backlog[Requirement ID],0))),"",INDEX(Backlog[Requirement Name],MATCH($A117,Backlog[Requirement ID],0))),"") | C117: =IFERROR(IF(ISBLANK(INDEX(Backlog[Stream],MATCH($A117,Backlog[Requirement ID],0))),"",INDEX(Backlog[Stream],MATCH($A117,Backlog[Requirement ID],0))),"") | D117: =IFERROR(IF(ISBLANK(INDEX(Backlog[Jira Link],MATCH($A117,Backlog[Requirement ID],0))),"",INDEX(Backlog[Jira Link],MATCH($A117,Backlog[Requirement ID],0))),"") | E117: =IFERROR(IF(ISBLANK(INDEX(Backlog[Status],MATCH($A117,Backlog[Requirement ID],0))),"",INDEX(Backlog[Status],MATCH($A117,Backlog[Requirement ID],0))),"") | F117: =IFERROR(IF(ISBLANK(INDEX(SprintPlanning[Sprint],MATCH($A117,SprintPlanning[Requirement ID],0))),"",INDEX(SprintPlanning[Sprint],MATCH($A117,SprintPlanning[Requirement ID],0))),"") | J117: =IFERROR(IF(ISBLANK(INDEX(Backlog[Priority],MATCH($A117,Backlog[Requirement ID],0))),"",INDEX(Backlog[Priority],MATCH($A117,Backlog[Requirement ID],0))),"") | K117: Pending Solution
A118: NEW-0266 | B118: =IFERROR(IF(ISBLANK(INDEX(Backlog[Requirement Name],MATCH($A118,Backlog[Requirement ID],0))),"",INDEX(Backlog[Requirement Name],MATCH($A118,Backlog[Requirement ID],0))),"") | C118: =IFERROR(IF(ISBLANK(INDEX(Backlog[Stream],MATCH($A118,Backlog[Requirement ID],0))),"",INDEX(Backlog[Stream],MATCH($A118,Backlog[Requirement ID],0))),"") | D118: =IFERROR(IF(ISBLANK(INDEX(Backlog[Jira Link],MATCH($A118,Backlog[Requirement ID],0))),"",INDEX(Backlog[Jira Link],MATCH($A118,Backlog[Requirement ID],0))),"") | E118: =IFERROR(IF(ISBLANK(INDEX(Backlog[Status],MATCH($A118,Backlog[Requirement ID],0))),"",INDEX(Backlog[Status],MATCH($A118,Backlog[Requirement ID],0))),"") | F118: =IFERROR(IF(ISBLANK(INDEX(SprintPlanning[Sprint],MATCH($A118,SprintPlanning[Requirement ID],0))),"",INDEX(SprintPlanning[Sprint],MATCH($A118,SprintPlanning[Requirement ID],0))),"") | J118: =IFERROR(IF(ISBLANK(INDEX(Backlog[Priority],MATCH($A118,Backlog[Requirement ID],0))),"",INDEX(Backlog[Priority],MATCH($A118,Backlog[Requirement ID],0))),"") | K118: Pending Solution
A119: NEW-0267 | B119: =IFERROR(IF(ISBLANK(INDEX(Backlog[Requirement Name],MATCH($A119,Backlog[Requirement ID],0))),"",INDEX(Backlog[Requirement Name],MATCH($A119,Backlog[Requirement ID],0))),"") | C119: =IFERROR(IF(ISBLANK(INDEX(Backlog[Stream],MATCH($A119,Backlog[Requirement ID],0))),"",INDEX(Backlog[Stream],MATCH($A119,Backlog[Requirement ID],0))),"") | D119: =IFERROR(IF(ISBLANK(INDEX(Backlog[Jira Link],MATCH($A119,Backlog[Requirement ID],0))),"",INDEX(Backlog[Jira Link],MATCH($A119,Backlog[Requirement ID],0))),"") | E119: =IFERROR(IF(ISBLANK(INDEX(Backlog[Status],MATCH($A119,Backlog[Requirement ID],0))),"",INDEX(Backlog[Status],MATCH($A119,Backlog[Requirement ID],0))),"") | F119: =IFERROR(IF(ISBLANK(INDEX(SprintPlanning[Sprint],MATCH($A119,SprintPlanning[Requirement ID],0))),"",INDEX(SprintPlanning[Sprint],MATCH($A119,SprintPlanning[Requirement ID],0))),"") | J119: =IFERROR(IF(ISBLANK(INDEX(Backlog[Priority],MATCH($A119,Backlog[Requirement ID],0))),"",INDEX(Backlog[Priority],MATCH($A119,Backlog[Requirement ID],0))),"") | K119: Pending Solution
A120: NEW-0268 | B120: =IFERROR(IF(ISBLANK(INDEX(Backlog[Requirement Name],MATCH($A120,Backlog[Requirement ID],0))),"",INDEX(Backlog[Requirement Name],MATCH($A120,Backlog[Requirement ID],0))),"") | C120: =IFERROR(IF(ISBLANK(INDEX(Backlog[Stream],MATCH($A120,Backlog[Requirement ID],0))),"",INDEX(Backlog[Stream],MATCH($A120,Backlog[Requirement ID],0))),"") | D120: =IFERROR(IF(ISBLANK(INDEX(Backlog[Jira Link],MATCH($A120,Backlog[Requirement ID],0))),"",INDEX(Backlog[Jira Link],MATCH($A120,Backlog[Requirement ID],0))),"") | E120: =IFERROR(IF(ISBLANK(INDEX(Backlog[Status],MATCH($A120,Backlog[Requirement ID],0))),"",INDEX(Backlog[Status],MATCH($A120,Backlog[Requirement ID],0))),"") | F120: =IFERROR(IF(ISBLANK(INDEX(SprintPlanning[Sprint],MATCH($A120,SprintPlanning[Requirement ID],0))),"",INDEX(SprintPlanning[Sprint],MATCH($A120,SprintPlanning[Requirement ID],0))),"") | J120: =IFERROR(IF(ISBLANK(INDEX(Backlog[Priority],MATCH($A120,Backlog[Requirement ID],0))),"",INDEX(Backlog[Priority],MATCH($A120,Backlog[Requirement ID],0))),"") | K120: Ready for Development
A121: NEW-0269 | B121: =IFERROR(IF(ISBLANK(INDEX(Backlog[Requirement Name],MATCH($A121,Backlog[Requirement ID],0))),"",INDEX(Backlog[Requirement Name],MATCH($A121,Backlog[Requirement ID],0))),"") | C121: =IFERROR(IF(ISBLANK(INDEX(Backlog[Stream],MATCH($A121,Backlog[Requirement ID],0))),"",INDEX(Backlog[Stream],MATCH($A121,Backlog[Requirement ID],0))),"") | D121: =IFERROR(IF(ISBLANK(INDEX(Backlog[Jira Link],MATCH($A121,Backlog[Requirement ID],0))),"",INDEX(Backlog[Jira Link],MATCH($A121,Backlog[Requirement ID],0))),"") | E121: =IFERROR(IF(ISBLANK(INDEX(Backlog[Status],MATCH($A121,Backlog[Requirement ID],0))),"",INDEX(Backlog[Status],MATCH($A121,Backlog[Requirement ID],0))),"") | F121: =IFERROR(IF(ISBLANK(INDEX(SprintPlanning[Sprint],MATCH($A121,SprintPlanning[Requirement ID],0))),"",INDEX(SprintPlanning[Sprint],MATCH($A121,SprintPlanning[Requirement ID],0))),"") | J121: =IFERROR(IF(ISBLANK(INDEX(Backlog[Priority],MATCH($A121,Backlog[Requirement ID],0))),"",INDEX(Backlog[Priority],MATCH($A121,Backlog[Requirement ID],0))),"") | K121: Ready for Development | L121: Yes
A122: NEW-0270 | B122: =IFERROR(IF(ISBLANK(INDEX(Backlog[Requirement Name],MATCH($A122,Backlog[Requirement ID],0))),"",INDEX(Backlog[Requirement Name],MATCH($A122,Backlog[Requirement ID],0))),"") | C122: =IFERROR(IF(ISBLANK(INDEX(Backlog[Stream],MATCH($A122,Backlog[Requirement ID],0))),"",INDEX(Backlog[Stream],MATCH($A122,Backlog[Requirement ID],0))),"") | D122: =IFERROR(IF(ISBLANK(INDEX(Backlog[Jira Link],MATCH($A122,Backlog[Requirement ID],0))),"",INDEX(Backlog[Jira Link],MATCH($A122,Backlog[Requirement ID],0))),"") | E122: =IFERROR(IF(ISBLANK(INDEX(Backlog[Status],MATCH($A122,Backlog[Requirement ID],0))),"",INDEX(Backlog[Status],MATCH($A122,Backlog[Requirement ID],0))),"") | F122: =IFERROR(IF(ISBLANK(INDEX(SprintPlanning[Sprint],MATCH($A122,SprintPlanning[Requirement ID],0))),"",INDEX(SprintPlanning[Sprint],MATCH($A122,SprintPlanning[Requirement ID],0))),"") | J122: =IFERROR(IF(ISBLANK(INDEX(Backlog[Priority],MATCH($A122,Backlog[Requirement ID],0))),"",INDEX(Backlog[Priority],MATCH($A122,Backlog[Requirement ID],0))),"") | K122: Pending Solution
A123: NEW-0271 | B123: =IFERROR(IF(ISBLANK(INDEX(Backlog[Requirement Name],MATCH($A123,Backlog[Requirement ID],0))),"",INDEX(Backlog[Requirement Name],MATCH($A123,Backlog[Requirement ID],0))),"") | C123: =IFERROR(IF(ISBLANK(INDEX(Backlog[Stream],MATCH($A123,Backlog[Requirement ID],0))),"",INDEX(Backlog[Stream],MATCH($A123,Backlog[Requirement ID],0))),"") | D123: =IFERROR(IF(ISBLANK(INDEX(Backlog[Jira Link],MATCH($A123,Backlog[Requirement ID],0))),"",INDEX(Backlog[Jira Link],MATCH($A123,Backlog[Requirement ID],0))),"") | E123: =IFERROR(IF(ISBLANK(INDEX(Backlog[Status],MATCH($A123,Backlog[Requirement ID],0))),"",INDEX(Backlog[Status],MATCH($A123,Backlog[Requirement ID],0))),"") | F123: =IFERROR(IF(ISBLANK(INDEX(SprintPlanning[Sprint],MATCH($A123,SprintPlanning[Requirement ID],0))),"",INDEX(SprintPlanning[Sprint],MATCH($A123,SprintPlanning[Requirement ID],0))),"") | J123: =IFERROR(IF(ISBLANK(INDEX(Backlog[Priority],MATCH($A123,Backlog[Requirement ID],0))),"",INDEX(Backlog[Priority],MATCH($A123,Backlog[Requirement ID],0))),"") | K123: Ready for Development | L123: Yes
A124: NEW-0272 | B124: =IFERROR(IF(ISBLANK(INDEX(Backlog[Requirement Name],MATCH($A124,Backlog[Requirement ID],0))),"",INDEX(Backlog[Requirement Name],MATCH($A124,Backlog[Requirement ID],0))),"") | C124: =IFERROR(IF(ISBLANK(INDEX(Backlog[Stream],MATCH($A124,Backlog[Requirement ID],0))),"",INDEX(Backlog[Stream],MATCH($A124,Backlog[Requirement ID],0))),"") | D124: =IFERROR(IF(ISBLANK(INDEX(Backlog[Jira Link],MATCH($A124,Backlog[Requirement ID],0))),"",INDEX(Backlog[Jira Link],MATCH($A124,Backlog[Requirement ID],0))),"") | E124: =IFERROR(IF(ISBLANK(INDEX(Backlog[Status],MATCH($A124,Backlog[Requirement ID],0))),"",INDEX(Backlog[Status],MATCH($A124,Backlog[Requirement ID],0))),"") | F124: =IFERROR(IF(ISBLANK(INDEX(SprintPlanning[Sprint],MATCH($A124,SprintPlanning[Requirement ID],0))),"",INDEX(SprintPlanning[Sprint],MATCH($A124,SprintPlanning[Requirement ID],0))),"") | J124: =IFERROR(IF(ISBLANK(INDEX(Backlog[Priority],MATCH($A124,Backlog[Requirement ID],0))),"",INDEX(Backlog[Priority],MATCH($A124,Backlog[Requirement ID],0))),"") | K124: Ready for Development | L124: Yes
A125: NEW-0274 | B125: =IFERROR(IF(ISBLANK(INDEX(Backlog[Requirement Name],MATCH($A125,Backlog[Requirement ID],0))),"",INDEX(Backlog[Requirement Name],MATCH($A125,Backlog[Requirement ID],0))),"") | C125: =IFERROR(IF(ISBLANK(INDEX(Backlog[Stream],MATCH($A125,Backlog[Requirement ID],0))),"",INDEX(Backlog[Stream],MATCH($A125,Backlog[Requirement ID],0))),"") | D125: =IFERROR(IF(ISBLANK(INDEX(Backlog[Jira Link],MATCH($A125,Backlog[Requirement ID],0))),"",INDEX(Backlog[Jira Link],MATCH($A125,Backlog[Requirement ID],0))),"") | E125: =IFERROR(IF(ISBLANK(INDEX(Backlog[Status],MATCH($A125,Backlog[Requirement ID],0))),"",INDEX(Backlog[Status],MATCH($A125,Backlog[Requirement ID],0))),"") | F125: =IFERROR(IF(ISBLANK(INDEX(SprintPlanning[Sprint],MATCH($A125,SprintPlanning[Requirement ID],0))),"",INDEX(SprintPlanning[Sprint],MATCH($A125,SprintPlanning[Requirement ID],0))),"") | J125: =IFERROR(IF(ISBLANK(INDEX(Backlog[Priority],MATCH($A125,Backlog[Requirement ID],0))),"",INDEX(Backlog[Priority],MATCH($A125,Backlog[Requirement ID],0))),"") | K125: Pending Design | L125: Yes
A126: NEW-0275 | B126: =IFERROR(IF(ISBLANK(INDEX(Backlog[Requirement Name],MATCH($A126,Backlog[Requirement ID],0))),"",INDEX(Backlog[Requirement Name],MATCH($A126,Backlog[Requirement ID],0))),"") | C126: =IFERROR(IF(ISBLANK(INDEX(Backlog[Stream],MATCH($A126,Backlog[Requirement ID],0))),"",INDEX(Backlog[Stream],MATCH($A126,Backlog[Requirement ID],0))),"") | D126: =IFERROR(IF(ISBLANK(INDEX(Backlog[Jira Link],MATCH($A126,Backlog[Requirement ID],0))),"",INDEX(Backlog[Jira Link],MATCH($A126,Backlog[Requirement ID],0))),"") | E126: =IFERROR(IF(ISBLANK(INDEX(Backlog[Status],MATCH($A126,Backlog[Requirement ID],0))),"",INDEX(Backlog[Status],MATCH($A126,Backlog[Requirement ID],0))),"") | F126: =IFERROR(IF(ISBLANK(INDEX(SprintPlanning[Sprint],MATCH($A126,SprintPlanning[Requirement ID],0))),"",INDEX(SprintPlanning[Sprint],MATCH($A126,SprintPlanning[Requirement ID],0))),"") | J126: =IFERROR(IF(ISBLANK(INDEX(Backlog[Priority],MATCH($A126,Backlog[Requirement ID],0))),"",INDEX(Backlog[Priority],MATCH($A126,Backlog[Requirement ID],0))),"") | K126: Ready for Development | L126: Yes
A127: NEW-0282 | B127: =IFERROR(IF(ISBLANK(INDEX(Backlog[Requirement Name],MATCH($A127,Backlog[Requirement ID],0))),"",INDEX(Backlog[Requirement Name],MATCH($A127,Backlog[Requirement ID],0))),"") | C127: =IFERROR(IF(ISBLANK(INDEX(Backlog[Stream],MATCH($A127,Backlog[Requirement ID],0))),"",INDEX(Backlog[Stream],MATCH($A127,Backlog[Requirement ID],0))),"") | D127: =IFERROR(IF(ISBLANK(INDEX(Backlog[Jira Link],MATCH($A127,Backlog[Requirement ID],0))),"",INDEX(Backlog[Jira Link],MATCH($A127,Backlog[Requirement ID],0))),"") | E127: =IFERROR(IF(ISBLANK(INDEX(Backlog[Status],MATCH($A127,Backlog[Requirement ID],0))),"",INDEX(Backlog[Status],MATCH($A127,Backlog[Requirement ID],0))),"") | F127: =IFERROR(IF(ISBLANK(INDEX(SprintPlanning[Sprint],MATCH($A127,SprintPlanning[Requirement ID],0))),"",INDEX(SprintPlanning[Sprint],MATCH($A127,SprintPlanning[Requirement ID],0))),"") | J127: =IFERROR(IF(ISBLANK(INDEX(Backlog[Priority],MATCH($A127,Backlog[Requirement ID],0))),"",INDEX(Backlog[Priority],MATCH($A127,Backlog[Requirement ID],0))),"")
A128: NEW-0283 | B128: =IFERROR(IF(ISBLANK(INDEX(Backlog[Requirement Name],MATCH($A128,Backlog[Requirement ID],0))),"",INDEX(Backlog[Requirement Name],MATCH($A128,Backlog[Requirement ID],0))),"") | C128: =IFERROR(IF(ISBLANK(INDEX(Backlog[Stream],MATCH($A128,Backlog[Requirement ID],0))),"",INDEX(Backlog[Stream],MATCH($A128,Backlog[Requirement ID],0))),"") | D128: =IFERROR(IF(ISBLANK(INDEX(Backlog[Jira Link],MATCH($A128,Backlog[Requirement ID],0))),"",INDEX(Backlog[Jira Link],MATCH($A128,Backlog[Requirement ID],0))),"") | E128: =IFERROR(IF(ISBLANK(INDEX(Backlog[Status],MATCH($A128,Backlog[Requirement ID],0))),"",INDEX(Backlog[Status],MATCH($A128,Backlog[Requirement ID],0))),"") | F128: =IFERROR(IF(ISBLANK(INDEX(SprintPlanning[Sprint],MATCH($A128,SprintPlanning[Requirement ID],0))),"",INDEX(SprintPlanning[Sprint],MATCH($A128,SprintPlanning[Requirement ID],0))),"") | J128: =IFERROR(IF(ISBLANK(INDEX(Backlog[Priority],MATCH($A128,Backlog[Requirement ID],0))),"",INDEX(Backlog[Priority],MATCH($A128,Backlog[Requirement ID],0))),"")
A129: NEW-0284 | B129: =IFERROR(IF(ISBLANK(INDEX(Backlog[Requirement Name],MATCH($A129,Backlog[Requirement ID],0))),"",INDEX(Backlog[Requirement Name],MATCH($A129,Backlog[Requirement ID],0))),"") | C129: =IFERROR(IF(ISBLANK(INDEX(Backlog[Stream],MATCH($A129,Backlog[Requirement ID],0))),"",INDEX(Backlog[Stream],MATCH($A129,Backlog[Requirement ID],0))),"") | D129: =IFERROR(IF(ISBLANK(INDEX(Backlog[Jira Link],MATCH($A129,Backlog[Requirement ID],0))),"",INDEX(Backlog[Jira Link],MATCH($A129,Backlog[Requirement ID],0))),"") | E129: =IFERROR(IF(ISBLANK(INDEX(Backlog[Status],MATCH($A129,Backlog[Requirement ID],0))),"",INDEX(Backlog[Status],MATCH($A129,Backlog[Requirement ID],0))),"") | F129: =IFERROR(IF(ISBLANK(INDEX(SprintPlanning[Sprint],MATCH($A129,SprintPlanning[Requirement ID],0))),"",INDEX(SprintPlanning[Sprint],MATCH($A129,SprintPlanning[Requirement ID],0))),"") | J129: =IFERROR(IF(ISBLANK(INDEX(Backlog[Priority],MATCH($A129,Backlog[Requirement ID],0))),"",INDEX(Backlog[Priority],MATCH($A129,Backlog[Requirement ID],0))),"") | K129: Ready for Development
A130: NEW-0285 | B130: =IFERROR(IF(ISBLANK(INDEX(Backlog[Requirement Name],MATCH($A130,Backlog[Requirement ID],0))),"",INDEX(Backlog[Requirement Name],MATCH($A130,Backlog[Requirement ID],0))),"") | C130: =IFERROR(IF(ISBLANK(INDEX(Backlog[Stream],MATCH($A130,Backlog[Requirement ID],0))),"",INDEX(Backlog[Stream],MATCH($A130,Backlog[Requirement ID],0))),"") | D130: =IFERROR(IF(ISBLANK(INDEX(Backlog[Jira Link],MATCH($A130,Backlog[Requirement ID],0))),"",INDEX(Backlog[Jira Link],MATCH($A130,Backlog[Requirement ID],0))),"") | E130: =IFERROR(IF(ISBLANK(INDEX(Backlog[Status],MATCH($A130,Backlog[Requirement ID],0))),"",INDEX(Backlog[Status],MATCH($A130,Backlog[Requirement ID],0))),"") | F130: =IFERROR(IF(ISBLANK(INDEX(SprintPlanning[Sprint],MATCH($A130,SprintPlanning[Requirement ID],0))),"",INDEX(SprintPlanning[Sprint],MATCH($A130,SprintPlanning[Requirement ID],0))),"") | J130: =IFERROR(IF(ISBLANK(INDEX(Backlog[Priority],MATCH($A130,Backlog[Requirement ID],0))),"",INDEX(Backlog[Priority],MATCH($A130,Backlog[Requirement ID],0))),"")
A131: NEW-0286 | B131: =IFERROR(IF(ISBLANK(INDEX(Backlog[Requirement Name],MATCH($A131,Backlog[Requirement ID],0))),"",INDEX(Backlog[Requirement Name],MATCH($A131,Backlog[Requirement ID],0))),"") | C131: =IFERROR(IF(ISBLANK(INDEX(Backlog[Stream],MATCH($A131,Backlog[Requirement ID],0))),"",INDEX(Backlog[Stream],MATCH($A131,Backlog[Requirement ID],0))),"") | D131: =IFERROR(IF(ISBLANK(INDEX(Backlog[Jira Link],MATCH($A131,Backlog[Requirement ID],0))),"",INDEX(Backlog[Jira Link],MATCH($A131,Backlog[Requirement ID],0))),"") | E131: =IFERROR(IF(ISBLANK(INDEX(Backlog[Status],MATCH($A131,Backlog[Requirement ID],0))),"",INDEX(Backlog[Status],MATCH($A131,Backlog[Requirement ID],0))),"") | F131: =IFERROR(IF(ISBLANK(INDEX(SprintPlanning[Sprint],MATCH($A131,SprintPlanning[Requirement ID],0))),"",INDEX(SprintPlanning[Sprint],MATCH($A131,SprintPlanning[Requirement ID],0))),"") | J131: =IFERROR(IF(ISBLANK(INDEX(Backlog[Priority],MATCH($A131,Backlog[Requirement ID],0))),"",INDEX(Backlog[Priority],MATCH($A131,Backlog[Requirement ID],0))),"")
A132: NEW-0287 | B132: =IFERROR(IF(ISBLANK(INDEX(Backlog[Requirement Name],MATCH($A132,Backlog[Requirement ID],0))),"",INDEX(Backlog[Requirement Name],MATCH($A132,Backlog[Requirement ID],0))),"") | C132: =IFERROR(IF(ISBLANK(INDEX(Backlog[Stream],MATCH($A132,Backlog[Requirement ID],0))),"",INDEX(Backlog[Stream],MATCH($A132,Backlog[Requirement ID],0))),"") | D132: =IFERROR(IF(ISBLANK(INDEX(Backlog[Jira Link],MATCH($A132,Backlog[Requirement ID],0))),"",INDEX(Backlog[Jira Link],MATCH($A132,Backlog[Requirement ID],0))),"") | E132: =IFERROR(IF(ISBLANK(INDEX(Backlog[Status],MATCH($A132,Backlog[Requirement ID],0))),"",INDEX(Backlog[Status],MATCH($A132,Backlog[Requirement ID],0))),"") | F132: =IFERROR(IF(ISBLANK(INDEX(SprintPlanning[Sprint],MATCH($A132,SprintPlanning[Requirement ID],0))),"",INDEX(SprintPlanning[Sprint],MATCH($A132,SprintPlanning[Requirement ID],0))),"") | J132: =IFERROR(IF(ISBLANK(INDEX(Backlog[Priority],MATCH($A132,Backlog[Requirement ID],0))),"",INDEX(Backlog[Priority],MATCH($A132,Backlog[Requirement ID],0))),"")
A133: NEW-0288 | B133: =IFERROR(IF(ISBLANK(INDEX(Backlog[Requirement Name],MATCH($A133,Backlog[Requirement ID],0))),"",INDEX(Backlog[Requirement Name],MATCH($A133,Backlog[Requirement ID],0))),"") | C133: =IFERROR(IF(ISBLANK(INDEX(Backlog[Stream],MATCH($A133,Backlog[Requirement ID],0))),"",INDEX(Backlog[Stream],MATCH($A133,Backlog[Requirement ID],0))),"") | D133: =IFERROR(IF(ISBLANK(INDEX(Backlog[Jira Link],MATCH($A133,Backlog[Requirement ID],0))),"",INDEX(Backlog[Jira Link],MATCH($A133,Backlog[Requirement ID],0))),"") | E133: =IFERROR(IF(ISBLANK(INDEX(Backlog[Status],MATCH($A133,Backlog[Requirement ID],0))),"",INDEX(Backlog[Status],MATCH($A133,Backlog[Requirement ID],0))),"") | F133: =IFERROR(IF(ISBLANK(INDEX(SprintPlanning[Sprint],MATCH($A133,SprintPlanning[Requirement ID],0))),"",INDEX(SprintPlanning[Sprint],MATCH($A133,SprintPlanning[Requirement ID],0))),"") | J133: =IFERROR(IF(ISBLANK(INDEX(Backlog[Priority],MATCH($A133,Backlog[Requirement ID],0))),"",INDEX(Backlog[Priority],MATCH($A133,Backlog[Requirement ID],0))),"") | K133: Ready for Development | L133: Yes
A134: NEW-0289 | B134: =IFERROR(IF(ISBLANK(INDEX(Backlog[Requirement Name],MATCH($A134,Backlog[Requirement ID],0))),"",INDEX(Backlog[Requirement Name],MATCH($A134,Backlog[Requirement ID],0))),"") | C134: =IFERROR(IF(ISBLANK(INDEX(Backlog[Stream],MATCH($A134,Backlog[Requirement ID],0))),"",INDEX(Backlog[Stream],MATCH($A134,Backlog[Requirement ID],0))),"") | D134: =IFERROR(IF(ISBLANK(INDEX(Backlog[Jira Link],MATCH($A134,Backlog[Requirement ID],0))),"",INDEX(Backlog[Jira Link],MATCH($A134,Backlog[Requirement ID],0))),"") | E134: =IFERROR(IF(ISBLANK(INDEX(Backlog[Status],MATCH($A134,Backlog[Requirement ID],0))),"",INDEX(Backlog[Status],MATCH($A134,Backlog[Requirement ID],0))),"") | F134: =IFERROR(IF(ISBLANK(INDEX(SprintPlanning[Sprint],MATCH($A134,SprintPlanning[Requirement ID],0))),"",INDEX(SprintPlanning[Sprint],MATCH($A134,SprintPlanning[Requirement ID],0))),"") | J134: =IFERROR(IF(ISBLANK(INDEX(Backlog[Priority],MATCH($A134,Backlog[Requirement ID],0))),"",INDEX(Backlog[Priority],MATCH($A134,Backlog[Requirement ID],0))),"")
A135: NEW-0290 | B135: =IFERROR(IF(ISBLANK(INDEX(Backlog[Requirement Name],MATCH($A135,Backlog[Requirement ID],0))),"",INDEX(Backlog[Requirement Name],MATCH($A135,Backlog[Requirement ID],0))),"") | C135: =IFERROR(IF(ISBLANK(INDEX(Backlog[Stream],MATCH($A135,Backlog[Requirement ID],0))),"",INDEX(Backlog[Stream],MATCH($A135,Backlog[Requirement ID],0))),"") | D135: =IFERROR(IF(ISBLANK(INDEX(Backlog[Jira Link],MATCH($A135,Backlog[Requirement ID],0))),"",INDEX(Backlog[Jira Link],MATCH($A135,Backlog[Requirement ID],0))),"") | E135: =IFERROR(IF(ISBLANK(INDEX(Backlog[Status],MATCH($A135,Backlog[Requirement ID],0))),"",INDEX(Backlog[Status],MATCH($A135,Backlog[Requirement ID],0))),"") | F135: =IFERROR(IF(ISBLANK(INDEX(SprintPlanning[Sprint],MATCH($A135,SprintPlanning[Requirement ID],0))),"",INDEX(SprintPlanning[Sprint],MATCH($A135,SprintPlanning[Requirement ID],0))),"") | J135: =IFERROR(IF(ISBLANK(INDEX(Backlog[Priority],MATCH($A135,Backlog[Requirement ID],0))),"",INDEX(Backlog[Priority],MATCH($A135,Backlog[Requirement ID],0))),"") | K135: Ready for Development | L135: Yes
A136: NEW-0291 | B136: =IFERROR(IF(ISBLANK(INDEX(Backlog[Requirement Name],MATCH($A136,Backlog[Requirement ID],0))),"",INDEX(Backlog[Requirement Name],MATCH($A136,Backlog[Requirement ID],0))),"") | C136: =IFERROR(IF(ISBLANK(INDEX(Backlog[Stream],MATCH($A136,Backlog[Requirement ID],0))),"",INDEX(Backlog[Stream],MATCH($A136,Backlog[Requirement ID],0))),"") | D136: =IFERROR(IF(ISBLANK(INDEX(Backlog[Jira Link],MATCH($A136,Backlog[Requirement ID],0))),"",INDEX(Backlog[Jira Link],MATCH($A136,Backlog[Requirement ID],0))),"") | E136: =IFERROR(IF(ISBLANK(INDEX(Backlog[Status],MATCH($A136,Backlog[Requirement ID],0))),"",INDEX(Backlog[Status],MATCH($A136,Backlog[Requirement ID],0))),"") | F136: =IFERROR(IF(ISBLANK(INDEX(SprintPlanning[Sprint],MATCH($A136,SprintPlanning[Requirement ID],0))),"",INDEX(SprintPlanning[Sprint],MATCH($A136,SprintPlanning[Requirement ID],0))),"") | J136: =IFERROR(IF(ISBLANK(INDEX(Backlog[Priority],MATCH($A136,Backlog[Requirement ID],0))),"",INDEX(Backlog[Priority],MATCH($A136,Backlog[Requirement ID],0))),"") | K136: Ready for Development
A137: NEW-0292 | B137: =IFERROR(IF(ISBLANK(INDEX(Backlog[Requirement Name],MATCH($A137,Backlog[Requirement ID],0))),"",INDEX(Backlog[Requirement Name],MATCH($A137,Backlog[Requirement ID],0))),"") | C137: =IFERROR(IF(ISBLANK(INDEX(Backlog[Stream],MATCH($A137,Backlog[Requirement ID],0))),"",INDEX(Backlog[Stream],MATCH($A137,Backlog[Requirement ID],0))),"") | D137: =IFERROR(IF(ISBLANK(INDEX(Backlog[Jira Link],MATCH($A137,Backlog[Requirement ID],0))),"",INDEX(Backlog[Jira Link],MATCH($A137,Backlog[Requirement ID],0))),"") | E137: =IFERROR(IF(ISBLANK(INDEX(Backlog[Status],MATCH($A137,Backlog[Requirement ID],0))),"",INDEX(Backlog[Status],MATCH($A137,Backlog[Requirement ID],0))),"") | F137: =IFERROR(IF(ISBLANK(INDEX(SprintPlanning[Sprint],MATCH($A137,SprintPlanning[Requirement ID],0))),"",INDEX(SprintPlanning[Sprint],MATCH($A137,SprintPlanning[Requirement ID],0))),"") | J137: =IFERROR(IF(ISBLANK(INDEX(Backlog[Priority],MATCH($A137,Backlog[Requirement ID],0))),"",INDEX(Backlog[Priority],MATCH($A137,Backlog[Requirement ID],0))),"") | K137: Ready for Development | L137: Yes
A138: NEW-0293 | B138: =IFERROR(IF(ISBLANK(INDEX(Backlog[Requirement Name],MATCH($A138,Backlog[Requirement ID],0))),"",INDEX(Backlog[Requirement Name],MATCH($A138,Backlog[Requirement ID],0))),"") | C138: =IFERROR(IF(ISBLANK(INDEX(Backlog[Stream],MATCH($A138,Backlog[Requirement ID],0))),"",INDEX(Backlog[Stream],MATCH($A138,Backlog[Requirement ID],0))),"") | D138: =IFERROR(IF(ISBLANK(INDEX(Backlog[Jira Link],MATCH($A138,Backlog[Requirement ID],0))),"",INDEX(Backlog[Jira Link],MATCH($A138,Backlog[Requirement ID],0))),"") | E138: =IFERROR(IF(ISBLANK(INDEX(Backlog[Status],MATCH($A138,Backlog[Requirement ID],0))),"",INDEX(Backlog[Status],MATCH($A138,Backlog[Requirement ID],0))),"") | F138: =IFERROR(IF(ISBLANK(INDEX(SprintPlanning[Sprint],MATCH($A138,SprintPlanning[Requirement ID],0))),"",INDEX(SprintPlanning[Sprint],MATCH($A138,SprintPlanning[Requirement ID],0))),"") | J138: =IFERROR(IF(ISBLANK(INDEX(Backlog[Priority],MATCH($A138,Backlog[Requirement ID],0))),"",INDEX(Backlog[Priority],MATCH($A138,Backlog[Requirement ID],0))),"") | K138: Ready for Development | L138: Yes
A139: NEW-0294 | B139: =IFERROR(IF(ISBLANK(INDEX(Backlog[Requirement Name],MATCH($A139,Backlog[Requirement ID],0))),"",INDEX(Backlog[Requirement Name],MATCH($A139,Backlog[Requirement ID],0))),"") | C139: =IFERROR(IF(ISBLANK(INDEX(Backlog[Stream],MATCH($A139,Backlog[Requirement ID],0))),"",INDEX(Backlog[Stream],MATCH($A139,Backlog[Requirement ID],0))),"") | D139: =IFERROR(IF(ISBLANK(INDEX(Backlog[Jira Link],MATCH($A139,Backlog[Requirement ID],0))),"",INDEX(Backlog[Jira Link],MATCH($A139,Backlog[Requirement ID],0))),"") | E139: =IFERROR(IF(ISBLANK(INDEX(Backlog[Status],MATCH($A139,Backlog[Requirement ID],0))),"",INDEX(Backlog[Status],MATCH($A139,Backlog[Requirement ID],0))),"") | F139: =IFERROR(IF(ISBLANK(INDEX(SprintPlanning[Sprint],MATCH($A139,SprintPlanning[Requirement ID],0))),"",INDEX(SprintPlanning[Sprint],MATCH($A139,SprintPlanning[Requirement ID],0))),"") | J139: =IFERROR(IF(ISBLANK(INDEX(Backlog[Priority],MATCH($A139,Backlog[Requirement ID],0))),"",INDEX(Backlog[Priority],MATCH($A139,Backlog[Requirement ID],0))),"") | K139: Ready for Development
A140: NEW-0295 | B140: =IFERROR(IF(ISBLANK(INDEX(Backlog[Requirement Name],MATCH($A140,Backlog[Requirement ID],0))),"",INDEX(Backlog[Requirement Name],MATCH($A140,Backlog[Requirement ID],0))),"") | C140: =IFERROR(IF(ISBLANK(INDEX(Backlog[Stream],MATCH($A140,Backlog[Requirement ID],0))),"",INDEX(Backlog[Stream],MATCH($A140,Backlog[Requirement ID],0))),"") | D140: =IFERROR(IF(ISBLANK(INDEX(Backlog[Jira Link],MATCH($A140,Backlog[Requirement ID],0))),"",INDEX(Backlog[Jira Link],MATCH($A140,Backlog[Requirement ID],0))),"") | E140: =IFERROR(IF(ISBLANK(INDEX(Backlog[Status],MATCH($A140,Backlog[Requirement ID],0))),"",INDEX(Backlog[Status],MATCH($A140,Backlog[Requirement ID],0))),"") | F140: =IFERROR(IF(ISBLANK(INDEX(SprintPlanning[Sprint],MATCH($A140,SprintPlanning[Requirement ID],0))),"",INDEX(SprintPlanning[Sprint],MATCH($A140,SprintPlanning[Requirement ID],0))),"") | J140: =IFERROR(IF(ISBLANK(INDEX(Backlog[Priority],MATCH($A140,Backlog[Requirement ID],0))),"",INDEX(Backlog[Priority],MATCH($A140,Backlog[Requirement ID],0))),"")
A141: NEW-0296 | B141: =IFERROR(IF(ISBLANK(INDEX(Backlog[Requirement Name],MATCH($A141,Backlog[Requirement ID],0))),"",INDEX(Backlog[Requirement Name],MATCH($A141,Backlog[Requirement ID],0))),"") | C141: =IFERROR(IF(ISBLANK(INDEX(Backlog[Stream],MATCH($A141,Backlog[Requirement ID],0))),"",INDEX(Backlog[Stream],MATCH($A141,Backlog[Requirement ID],0))),"") | D141: =IFERROR(IF(ISBLANK(INDEX(Backlog[Jira Link],MATCH($A141,Backlog[Requirement ID],0))),"",INDEX(Backlog[Jira Link],MATCH($A141,Backlog[Requirement ID],0))),"") | E141: =IFERROR(IF(ISBLANK(INDEX(Backlog[Status],MATCH($A141,Backlog[Requirement ID],0))),"",INDEX(Backlog[Status],MATCH($A141,Backlog[Requirement ID],0))),"") | F141: =IFERROR(IF(ISBLANK(INDEX(SprintPlanning[Sprint],MATCH($A141,SprintPlanning[Requirement ID],0))),"",INDEX(SprintPlanning[Sprint],MATCH($A141,SprintPlanning[Requirement ID],0))),"") | J141: =IFERROR(IF(ISBLANK(INDEX(Backlog[Priority],MATCH($A141,Backlog[Requirement ID],0))),"",INDEX(Backlog[Priority],MATCH($A141,Backlog[Requirement ID],0))),"")
A142: NEW-0298 | B142: =IFERROR(IF(ISBLANK(INDEX(Backlog[Requirement Name],MATCH($A142,Backlog[Requirement ID],0))),"",INDEX(Backlog[Requirement Name],MATCH($A142,Backlog[Requirement ID],0))),"") | C142: =IFERROR(IF(ISBLANK(INDEX(Backlog[Stream],MATCH($A142,Backlog[Requirement ID],0))),"",INDEX(Backlog[Stream],MATCH($A142,Backlog[Requirement ID],0))),"") | D142: =IFERROR(IF(ISBLANK(INDEX(Backlog[Jira Link],MATCH($A142,Backlog[Requirement ID],0))),"",INDEX(Backlog[Jira Link],MATCH($A142,Backlog[Requirement ID],0))),"") | E142: =IFERROR(IF(ISBLANK(INDEX(Backlog[Status],MATCH($A142,Backlog[Requirement ID],0))),"",INDEX(Backlog[Status],MATCH($A142,Backlog[Requirement ID],0))),"") | F142: =IFERROR(IF(ISBLANK(INDEX(SprintPlanning[Sprint],MATCH($A142,SprintPlanning[Requirement ID],0))),"",INDEX(SprintPlanning[Sprint],MATCH($A142,SprintPlanning[Requirement ID],0))),"") | J142: =IFERROR(IF(ISBLANK(INDEX(Backlog[Priority],MATCH($A142,Backlog[Requirement ID],0))),"",INDEX(Backlog[Priority],MATCH($A142,Backlog[Requirement ID],0))),"")
...

Sheet RTM
A1: Requirement ID | B1: Requirement Name | C1: Stream | D1: Stream Owner | E1: Jira Link | F1: HLD Completed | G1: LLD Completed | H1: Sprint | I1: Status | J1: Priority | K1: Predecessor Stream | L1: Predecessor Task | M1: Predecessor Jira Link | N1: Successor Stream | O1: Successor Jira Link | P1: Dependency Status | Q1: Notes
A2: NEW-0001 | B2: =IFERROR(IF(ISBLANK(INDEX(Backlog[Requirement Name],MATCH($A2,Backlog[Requirement ID],0))),"",INDEX(Backlog[Requirement Name],MATCH($A2,Backlog[Requirement ID],0))),"") | C2: =IFERROR(IF(ISBLANK(INDEX(Backlog[Stream],MATCH($A2,Backlog[Requirement ID],0))),"",INDEX(Backlog[Stream],MATCH($A2,Backlog[Requirement ID],0))),"") | D2: =IFERROR(IF(ISBLANK(INDEX(Backlog[Stream Owner],MATCH($A2,Backlog[Requirement ID],0))),"",INDEX(Backlog[Stream Owner],MATCH($A2,Backlog[Requirement ID],0))),"") | E2: =IFERROR(IF(ISBLANK(INDEX(Backlog[Jira Link],MATCH($A2,Backlog[Requirement ID],0))),"",INDEX(Backlog[Jira Link],MATCH($A2,Backlog[Requirement ID],0))),"") | F2: Yes | G2: Yes | H2: =IFERROR(IF(ISBLANK(INDEX(SprintPlanning[Sprint],MATCH($A2,SprintPlanning[Requirement ID],0))),"",INDEX(SprintPlanning[Sprint],MATCH($A2,SprintPlanning[Requirement ID],0))),"") | I2: =IFERROR(IF(ISBLANK(INDEX(Backlog[Status],MATCH($A2,Backlog[Requirement ID],0))),"",INDEX(Backlog[Status],MATCH($A2,Backlog[Requirement ID],0))),"") | J2: =IFERROR(IF(ISBLANK(INDEX(Backlog[Priority],MATCH($A2,Backlog[Requirement ID],0))),"",INDEX(Backlog[Priority],MATCH($A2,Backlog[Requirement ID],0))),"") | K2: CHUB | L2: Update to CH042 on profiling consents
A3: NEW-0002 | B3: =IFERROR(IF(ISBLANK(INDEX(Backlog[Requirement Name],MATCH($A3,Backlog[Requirement ID],0))),"",INDEX(Backlog[Requirement Name],MATCH($A3,Backlog[Requirement ID],0))),"") | C3: =IFERROR(IF(ISBLANK(INDEX(Backlog[Stream],MATCH($A3,Backlog[Requirement ID],0))),"",INDEX(Backlog[Stream],MATCH($A3,Backlog[Requirement ID],0))),"") | D3: =IFERROR(IF(ISBLANK(INDEX(Backlog[Stream Owner],MATCH($A3,Backlog[Requirement ID],0))),"",INDEX(Backlog[Stream Owner],MATCH($A3,Backlog[Requirement ID],0))),"") | E3: =IFERROR(IF(ISBLANK(INDEX(Backlog[Jira Link],MATCH($A3,Backlog[Requirement ID],0))),"",INDEX(Backlog[Jira Link],MATCH($A3,Backlog[Requirement ID],0))),"") | H3: =IFERROR(IF(ISBLANK(INDEX(SprintPlanning[Sprint],MATCH($A3,SprintPlanning[Requirement ID],0))),"",INDEX(SprintPlanning[Sprint],MATCH($A3,SprintPlanning[Requirement ID],0))),"") | I3: =IFERROR(IF(ISBLANK(INDEX(Backlog[Status],MATCH($A3,Backlog[Requirement ID],0))),"",INDEX(Backlog[Status],MATCH($A3,Backlog[Requirement ID],0))),"") | J3: =IFERROR(IF(ISBLANK(INDEX(Backlog[Priority],MATCH($A3,Backlog[Requirement ID],0))),"",INDEX(Backlog[Priority],MATCH($A3,Backlog[Requirement ID],0))),"")
A4: NEW-0003 | B4: =IFERROR(IF(ISBLANK(INDEX(Backlog[Requirement Name],MATCH($A4,Backlog[Requirement ID],0))),"",INDEX(Backlog[Requirement Name],MATCH($A4,Backlog[Requirement ID],0))),"") | C4: =IFERROR(IF(ISBLANK(INDEX(Backlog[Stream],MATCH($A4,Backlog[Requirement ID],0))),"",INDEX(Backlog[Stream],MATCH($A4,Backlog[Requirement ID],0))),"") | D4: =IFERROR(IF(ISBLANK(INDEX(Backlog[Stream Owner],MATCH($A4,Backlog[Requirement ID],0))),"",INDEX(Backlog[Stream Owner],MATCH($A4,Backlog[Requirement ID],0))),"") | E4: =IFERROR(IF(ISBLANK(INDEX(Backlog[Jira Link],MATCH($A4,Backlog[Requirement ID],0))),"",INDEX(Backlog[Jira Link],MATCH($A4,Backlog[Requirement ID],0))),"") | F4: Yes | G4: Yes | H4: =IFERROR(IF(ISBLANK(INDEX(SprintPlanning[Sprint],MATCH($A4,SprintPlanning[Requirement ID],0))),"",INDEX(SprintPlanning[Sprint],MATCH($A4,SprintPlanning[Requirement ID],0))),"") | I4: =IFERROR(IF(ISBLANK(INDEX(Backlog[Status],MATCH($A4,Backlog[Requirement ID],0))),"",INDEX(Backlog[Status],MATCH($A4,Backlog[Requirement ID],0))),"") | J4: =IFERROR(IF(ISBLANK(INDEX(Backlog[Priority],MATCH($A4,Backlog[Requirement ID],0))),"",INDEX(Backlog[Priority],MATCH($A4,Backlog[Requirement ID],0))),"") | K4: S&S | L4: Updates to S008 | N4: F&F | O4: https://smartship.atlassian.net/browse/DTTP25-352
A5: NEW-0005 | B5: =IFERROR(IF(ISBLANK(INDEX(Backlog[Requirement Name],MATCH($A5,Backlog[Requirement ID],0))),"",INDEX(Backlog[Requirement Name],MATCH($A5,Backlog[Requirement ID],0))),"") | C5: =IFERROR(IF(ISBLANK(INDEX(Backlog[Stream],MATCH($A5,Backlog[Requirement ID],0))),"",INDEX(Backlog[Stream],MATCH($A5,Backlog[Requirement ID],0))),"") | D5: =IFERROR(IF(ISBLANK(INDEX(Backlog[Stream Owner],MATCH($A5,Backlog[Requirement ID],0))),"",INDEX(Backlog[Stream Owner],MATCH($A5,Backlog[Requirement ID],0))),"") | E5: =IFERROR(IF(ISBLANK(INDEX(Backlog[Jira Link],MATCH($A5,Backlog[Requirement ID],0))),"",INDEX(Backlog[Jira Link],MATCH($A5,Backlog[Requirement ID],0))),"") | F5: No | G5: No | H5: =IFERROR(IF(ISBLANK(INDEX(SprintPlanning[Sprint],MATCH($A5,SprintPlanning[Requirement ID],0))),"",INDEX(SprintPlanning[Sprint],MATCH($A5,SprintPlanning[Requirement ID],0))),"") | I5: =IFERROR(IF(ISBLANK(INDEX(Backlog[Status],MATCH($A5,Backlog[Requirement ID],0))),"",INDEX(Backlog[Status],MATCH($A5,Backlog[Requirement ID],0))),"") | J5: =IFERROR(IF(ISBLANK(INDEX(Backlog[Priority],MATCH($A5,Backlog[Requirement ID],0))),"",INDEX(Backlog[Priority],MATCH($A5,Backlog[Requirement ID],0))),"")
A6: NEW-0006 | B6: =IFERROR(IF(ISBLANK(INDEX(Backlog[Requirement Name],MATCH($A6,Backlog[Requirement ID],0))),"",INDEX(Backlog[Requirement Name],MATCH($A6,Backlog[Requirement ID],0))),"") | C6: =IFERROR(IF(ISBLANK(INDEX(Backlog[Stream],MATCH($A6,Backlog[Requirement ID],0))),"",INDEX(Backlog[Stream],MATCH($A6,Backlog[Requirement ID],0))),"") | D6: =IFERROR(IF(ISBLANK(INDEX(Backlog[Stream Owner],MATCH($A6,Backlog[Requirement ID],0))),"",INDEX(Backlog[Stream Owner],MATCH($A6,Backlog[Requirement ID],0))),"") | E6: =IFERROR(IF(ISBLANK(INDEX(Backlog[Jira Link],MATCH($A6,Backlog[Requirement ID],0))),"",INDEX(Backlog[Jira Link],MATCH($A6,Backlog[Requirement ID],0))),"") | F6: No | G6: No | H6: =IFERROR(IF(ISBLANK(INDEX(SprintPlanning[Sprint],MATCH($A6,SprintPlanning[Requirement ID],0))),"",INDEX(SprintPlanning[Sprint],MATCH($A6,SprintPlanning[Requirement ID],0))),"") | I6: =IFERROR(IF(ISBLANK(INDEX(Backlog[Status],MATCH($A6,Backlog[Requirement ID],0))),"",INDEX(Backlog[Status],MATCH($A6,Backlog[Requirement ID],0))),"") | J6: =IFERROR(IF(ISBLANK(INDEX(Backlog[Priority],MATCH($A6,Backlog[Requirement ID],0))),"",INDEX(Backlog[Priority],MATCH($A6,Backlog[Requirement ID],0))),"")
A7: NEW-0007 | B7: =IFERROR(IF(ISBLANK(INDEX(Backlog[Requirement Name],MATCH($A7,Backlog[Requirement ID],0))),"",INDEX(Backlog[Requirement Name],MATCH($A7,Backlog[Requirement ID],0))),"") | C7: =IFERROR(IF(ISBLANK(INDEX(Backlog[Stream],MATCH($A7,Backlog[Requirement ID],0))),"",INDEX(Backlog[Stream],MATCH($A7,Backlog[Requirement ID],0))),"") | D7: =IFERROR(IF(ISBLANK(INDEX(Backlog[Stream Owner],MATCH($A7,Backlog[Requirement ID],0))),"",INDEX(Backlog[Stream Owner],MATCH($A7,Backlog[Requirement ID],0))),"") | E7: =IFERROR(IF(ISBLANK(INDEX(Backlog[Jira Link],MATCH($A7,Backlog[Requirement ID],0))),"",INDEX(Backlog[Jira Link],MATCH($A7,Backlog[Requirement ID],0))),"") | F7: No | G7: No | H7: =IFERROR(IF(ISBLANK(INDEX(SprintPlanning[Sprint],MATCH($A7,SprintPlanning[Requirement ID],0))),"",INDEX(SprintPlanning[Sprint],MATCH($A7,SprintPlanning[Requirement ID],0))),"") | I7: =IFERROR(IF(ISBLANK(INDEX(Backlog[Status],MATCH($A7,Backlog[Requirement ID],0))),"",INDEX(Backlog[Status],MATCH($A7,Backlog[Requirement ID],0))),"") | J7: =IFERROR(IF(ISBLANK(INDEX(Backlog[Priority],MATCH($A7,Backlog[Requirement ID],0))),"",INDEX(Backlog[Priority],MATCH($A7,Backlog[Requirement ID],0))),"")
A8: NEW-0011 | B8: =IFERROR(IF(ISBLANK(INDEX(Backlog[Requirement Name],MATCH($A8,Backlog[Requirement ID],0))),"",INDEX(Backlog[Requirement Name],MATCH($A8,Backlog[Requirement ID],0))),"") | C8: =IFERROR(IF(ISBLANK(INDEX(Backlog[Stream],MATCH($A8,Backlog[Requirement ID],0))),"",INDEX(Backlog[Stream],MATCH($A8,Backlog[Requirement ID],0))),"") | D8: =IFERROR(IF(ISBLANK(INDEX(Backlog[Stream Owner],MATCH($A8,Backlog[Requirement ID],0))),"",INDEX(Backlog[Stream Owner],MATCH($A8,Backlog[Requirement ID],0))),"") | E8: =IFERROR(IF(ISBLANK(INDEX(Backlog[Jira Link],MATCH($A8,Backlog[Requirement ID],0))),"",INDEX(Backlog[Jira Link],MATCH($A8,Backlog[Requirement ID],0))),"") | F8: No | G8: No | H8: =IFERROR(IF(ISBLANK(INDEX(SprintPlanning[Sprint],MATCH($A8,SprintPlanning[Requirement ID],0))),"",INDEX(SprintPlanning[Sprint],MATCH($A8,SprintPlanning[Requirement ID],0))),"") | I8: =IFERROR(IF(ISBLANK(INDEX(Backlog[Status],MATCH($A8,Backlog[Requirement ID],0))),"",INDEX(Backlog[Status],MATCH($A8,Backlog[Requirement ID],0))),"") | J8: =IFERROR(IF(ISBLANK(INDEX(Backlog[Priority],MATCH($A8,Backlog[Requirement ID],0))),"",INDEX(Backlog[Priority],MATCH($A8,Backlog[Requirement ID],0))),"")
A9: NEW-0012 | B9: =IFERROR(IF(ISBLANK(INDEX(Backlog[Requirement Name],MATCH($A9,Backlog[Requirement ID],0))),"",INDEX(Backlog[Requirement Name],MATCH($A9,Backlog[Requirement ID],0))),"") | C9: =IFERROR(IF(ISBLANK(INDEX(Backlog[Stream],MATCH($A9,Backlog[Requirement ID],0))),"",INDEX(Backlog[Stream],MATCH($A9,Backlog[Requirement ID],0))),"") | D9: =IFERROR(IF(ISBLANK(INDEX(Backlog[Stream Owner],MATCH($A9,Backlog[Requirement ID],0))),"",INDEX(Backlog[Stream Owner],MATCH($A9,Backlog[Requirement ID],0))),"") | E9: =IFERROR(IF(ISBLANK(INDEX(Backlog[Jira Link],MATCH($A9,Backlog[Requirement ID],0))),"",INDEX(Backlog[Jira Link],MATCH($A9,Backlog[Requirement ID],0))),"") | F9: Yes | G9: Yes | H9: =IFERROR(IF(ISBLANK(INDEX(SprintPlanning[Sprint],MATCH($A9,SprintPlanning[Requirement ID],0))),"",INDEX(SprintPlanning[Sprint],MATCH($A9,SprintPlanning[Requirement ID],0))),"") | I9: =IFERROR(IF(ISBLANK(INDEX(Backlog[Status],MATCH($A9,Backlog[Requirement ID],0))),"",INDEX(Backlog[Status],MATCH($A9,Backlog[Requirement ID],0))),"") | J9: =IFERROR(IF(ISBLANK(INDEX(Backlog[Priority],MATCH($A9,Backlog[Requirement ID],0))),"",INDEX(Backlog[Priority],MATCH($A9,Backlog[Requirement ID],0))),"") | L9: S&S to add fields in case | M9: https://smartship.atlassian.net/browse/MDTTPU-3723 | O9: https://smartship.atlassian.net/browse/MB-6912
A10: NEW-0015 | B10: =IFERROR(IF(ISBLANK(INDEX(Backlog[Requirement Name],MATCH($A10,Backlog[Requirement ID],0))),"",INDEX(Backlog[Requirement Name],MATCH($A10,Backlog[Requirement ID],0))),"") | C10: =IFERROR(IF(ISBLANK(INDEX(Backlog[Stream],MATCH($A10,Backlog[Requirement ID],0))),"",INDEX(Backlog[Stream],MATCH($A10,Backlog[Requirement ID],0))),"") | D10: =IFERROR(IF(ISBLANK(INDEX(Backlog[Stream Owner],MATCH($A10,Backlog[Requirement ID],0))),"",INDEX(Backlog[Stream Owner],MATCH($A10,Backlog[Requirement ID],0))),"") | E10: =IFERROR(IF(ISBLANK(INDEX(Backlog[Jira Link],MATCH($A10,Backlog[Requirement ID],0))),"",INDEX(Backlog[Jira Link],MATCH($A10,Backlog[Requirement ID],0))),"") | F10: Yes | G10: Yes | H10: =IFERROR(IF(ISBLANK(INDEX(SprintPlanning[Sprint],MATCH($A10,SprintPlanning[Requirement ID],0))),"",INDEX(SprintPlanning[Sprint],MATCH($A10,SprintPlanning[Requirement ID],0))),"") | I10: =IFERROR(IF(ISBLANK(INDEX(Backlog[Status],MATCH($A10,Backlog[Requirement ID],0))),"",INDEX(Backlog[Status],MATCH($A10,Backlog[Requirement ID],0))),"") | J10: =IFERROR(IF(ISBLANK(INDEX(Backlog[Priority],MATCH($A10,Backlog[Requirement ID],0))),"",INDEX(Backlog[Priority],MATCH($A10,Backlog[Requirement ID],0))),"") | L10: Tokenisation Flag - A070/ A013 | M10: https://smartship.atlassian.net/browse/MDTTPU-8082
A11: NEW-0016 | B11: =IFERROR(IF(ISBLANK(INDEX(Backlog[Requirement Name],MATCH($A11,Backlog[Requirement ID],0))),"",INDEX(Backlog[Requirement Name],MATCH($A11,Backlog[Requirement ID],0))),"") | C11: =IFERROR(IF(ISBLANK(INDEX(Backlog[Stream],MATCH($A11,Backlog[Requirement ID],0))),"",INDEX(Backlog[Stream],MATCH($A11,Backlog[Requirement ID],0))),"") | D11: =IFERROR(IF(ISBLANK(INDEX(Backlog[Stream Owner],MATCH($A11,Backlog[Requirement ID],0))),"",INDEX(Backlog[Stream Owner],MATCH($A11,Backlog[Requirement ID],0))),"") | E11: =IFERROR(IF(ISBLANK(INDEX(Backlog[Jira Link],MATCH($A11,Backlog[Requirement ID],0))),"",INDEX(Backlog[Jira Link],MATCH($A11,Backlog[Requirement ID],0))),"") | F11: No | G11: No | H11: =IFERROR(IF(ISBLANK(INDEX(SprintPlanning[Sprint],MATCH($A11,SprintPlanning[Requirement ID],0))),"",INDEX(SprintPlanning[Sprint],MATCH($A11,SprintPlanning[Requirement ID],0))),"") | I11: =IFERROR(IF(ISBLANK(INDEX(Backlog[Status],MATCH($A11,Backlog[Requirement ID],0))),"",INDEX(Backlog[Status],MATCH($A11,Backlog[Requirement ID],0))),"") | J11: =IFERROR(IF(ISBLANK(INDEX(Backlog[Priority],MATCH($A11,Backlog[Requirement ID],0))),"",INDEX(Backlog[Priority],MATCH($A11,Backlog[Requirement ID],0))),"")
A12: NEW-0017 | B12: =IFERROR(IF(ISBLANK(INDEX(Backlog[Requirement Name],MATCH($A12,Backlog[Requirement ID],0))),"",INDEX(Backlog[Requirement Name],MATCH($A12,Backlog[Requirement ID],0))),"") | C12: =IFERROR(IF(ISBLANK(INDEX(Backlog[Stream],MATCH($A12,Backlog[Requirement ID],0))),"",INDEX(Backlog[Stream],MATCH($A12,Backlog[Requirement ID],0))),"") | D12: =IFERROR(IF(ISBLANK(INDEX(Backlog[Stream Owner],MATCH($A12,Backlog[Requirement ID],0))),"",INDEX(Backlog[Stream Owner],MATCH($A12,Backlog[Requirement ID],0))),"") | E12: =IFERROR(IF(ISBLANK(INDEX(Backlog[Jira Link],MATCH($A12,Backlog[Requirement ID],0))),"",INDEX(Backlog[Jira Link],MATCH($A12,Backlog[Requirement ID],0))),"") | F12: No | G12: No | H12: =IFERROR(IF(ISBLANK(INDEX(SprintPlanning[Sprint],MATCH($A12,SprintPlanning[Requirement ID],0))),"",INDEX(SprintPlanning[Sprint],MATCH($A12,SprintPlanning[Requirement ID],0))),"") | I12: =IFERROR(IF(ISBLANK(INDEX(Backlog[Status],MATCH($A12,Backlog[Requirement ID],0))),"",INDEX(Backlog[Status],MATCH($A12,Backlog[Requirement ID],0))),"") | J12: =IFERROR(IF(ISBLANK(INDEX(Backlog[Priority],MATCH($A12,Backlog[Requirement ID],0))),"",INDEX(Backlog[Priority],MATCH($A12,Backlog[Requirement ID],0))),"")
A13: NEW-0018 | B13: =IFERROR(IF(ISBLANK(INDEX(Backlog[Requirement Name],MATCH($A13,Backlog[Requirement ID],0))),"",INDEX(Backlog[Requirement Name],MATCH($A13,Backlog[Requirement ID],0))),"") | C13: =IFERROR(IF(ISBLANK(INDEX(Backlog[Stream],MATCH($A13,Backlog[Requirement ID],0))),"",INDEX(Backlog[Stream],MATCH($A13,Backlog[Requirement ID],0))),"") | D13: =IFERROR(IF(ISBLANK(INDEX(Backlog[Stream Owner],MATCH($A13,Backlog[Requirement ID],0))),"",INDEX(Backlog[Stream Owner],MATCH($A13,Backlog[Requirement ID],0))),"") | E13: =IFERROR(IF(ISBLANK(INDEX(Backlog[Jira Link],MATCH($A13,Backlog[Requirement ID],0))),"",INDEX(Backlog[Jira Link],MATCH($A13,Backlog[Requirement ID],0))),"") | F13: No | G13: No | H13: =IFERROR(IF(ISBLANK(INDEX(SprintPlanning[Sprint],MATCH($A13,SprintPlanning[Requirement ID],0))),"",INDEX(SprintPlanning[Sprint],MATCH($A13,SprintPlanning[Requirement ID],0))),"") | I13: =IFERROR(IF(ISBLANK(INDEX(Backlog[Status],MATCH($A13,Backlog[Requirement ID],0))),"",INDEX(Backlog[Status],MATCH($A13,Backlog[Requirement ID],0))),"") | J13: =IFERROR(IF(ISBLANK(INDEX(Backlog[Priority],MATCH($A13,Backlog[Requirement ID],0))),"",INDEX(Backlog[Priority],MATCH($A13,Backlog[Requirement ID],0))),"")
A14: NEW-0020 | B14: =IFERROR(IF(ISBLANK(INDEX(Backlog[Requirement Name],MATCH($A14,Backlog[Requirement ID],0))),"",INDEX(Backlog[Requirement Name],MATCH($A14,Backlog[Requirement ID],0))),"") | C14: =IFERROR(IF(ISBLANK(INDEX(Backlog[Stream],MATCH($A14,Backlog[Requirement ID],0))),"",INDEX(Backlog[Stream],MATCH($A14,Backlog[Requirement ID],0))),"") | D14: =IFERROR(IF(ISBLANK(INDEX(Backlog[Stream Owner],MATCH($A14,Backlog[Requirement ID],0))),"",INDEX(Backlog[Stream Owner],MATCH($A14,Backlog[Requirement ID],0))),"") | E14: =IFERROR(IF(ISBLANK(INDEX(Backlog[Jira Link],MATCH($A14,Backlog[Requirement ID],0))),"",INDEX(Backlog[Jira Link],MATCH($A14,Backlog[Requirement ID],0))),"") | F14: No | G14: No | H14: =IFERROR(IF(ISBLANK(INDEX(SprintPlanning[Sprint],MATCH($A14,SprintPlanning[Requirement ID],0))),"",INDEX(SprintPlanning[Sprint],MATCH($A14,SprintPlanning[Requirement ID],0))),"") | I14: =IFERROR(IF(ISBLANK(INDEX(Backlog[Status],MATCH($A14,Backlog[Requirement ID],0))),"",INDEX(Backlog[Status],MATCH($A14,Backlog[Requirement ID],0))),"") | J14: =IFERROR(IF(ISBLANK(INDEX(Backlog[Priority],MATCH($A14,Backlog[Requirement ID],0))),"",INDEX(Backlog[Priority],MATCH($A14,Backlog[Requirement ID],0))),"")
A15: NEW-0022 | B15: =IFERROR(IF(ISBLANK(INDEX(Backlog[Requirement Name],MATCH($A15,Backlog[Requirement ID],0))),"",INDEX(Backlog[Requirement Name],MATCH($A15,Backlog[Requirement ID],0))),"") | C15: =IFERROR(IF(ISBLANK(INDEX(Backlog[Stream],MATCH($A15,Backlog[Requirement ID],0))),"",INDEX(Backlog[Stream],MATCH($A15,Backlog[Requirement ID],0))),"") | D15: =IFERROR(IF(ISBLANK(INDEX(Backlog[Stream Owner],MATCH($A15,Backlog[Requirement ID],0))),"",INDEX(Backlog[Stream Owner],MATCH($A15,Backlog[Requirement ID],0))),"") | E15: =IFERROR(IF(ISBLANK(INDEX(Backlog[Jira Link],MATCH($A15,Backlog[Requirement ID],0))),"",INDEX(Backlog[Jira Link],MATCH($A15,Backlog[Requirement ID],0))),"") | F15: No | G15: No | H15: =IFERROR(IF(ISBLANK(INDEX(SprintPlanning[Sprint],MATCH($A15,SprintPlanning[Requirement ID],0))),"",INDEX(SprintPlanning[Sprint],MATCH($A15,SprintPlanning[Requirement ID],0))),"") | I15: =IFERROR(IF(ISBLANK(INDEX(Backlog[Status],MATCH($A15,Backlog[Requirement ID],0))),"",INDEX(Backlog[Status],MATCH($A15,Backlog[Requirement ID],0))),"") | J15: =IFERROR(IF(ISBLANK(INDEX(Backlog[Priority],MATCH($A15,Backlog[Requirement ID],0))),"",INDEX(Backlog[Priority],MATCH($A15,Backlog[Requirement ID],0))),"") | L15: To confirm
A16: NEW-0029 | B16: =IFERROR(IF(ISBLANK(INDEX(Backlog[Requirement Name],MATCH($A16,Backlog[Requirement ID],0))),"",INDEX(Backlog[Requirement Name],MATCH($A16,Backlog[Requirement ID],0))),"") | C16: =IFERROR(IF(ISBLANK(INDEX(Backlog[Stream],MATCH($A16,Backlog[Requirement ID],0))),"",INDEX(Backlog[Stream],MATCH($A16,Backlog[Requirement ID],0))),"") | D16: =IFERROR(IF(ISBLANK(INDEX(Backlog[Stream Owner],MATCH($A16,Backlog[Requirement ID],0))),"",INDEX(Backlog[Stream Owner],MATCH($A16,Backlog[Requirement ID],0))),"") | E16: =IFERROR(IF(ISBLANK(INDEX(Backlog[Jira Link],MATCH($A16,Backlog[Requirement ID],0))),"",INDEX(Backlog[Jira Link],MATCH($A16,Backlog[Requirement ID],0))),"") | F16: Yes | G16: No | H16: =IFERROR(IF(ISBLANK(INDEX(SprintPlanning[Sprint],MATCH($A16,SprintPlanning[Requirement ID],0))),"",INDEX(SprintPlanning[Sprint],MATCH($A16,SprintPlanning[Requirement ID],0))),"") | I16: =IFERROR(IF(ISBLANK(INDEX(Backlog[Status],MATCH($A16,Backlog[Requirement ID],0))),"",INDEX(Backlog[Status],MATCH($A16,Backlog[Requirement ID],0))),"") | J16: =IFERROR(IF(ISBLANK(INDEX(Backlog[Priority],MATCH($A16,Backlog[Requirement ID],0))),"",INDEX(Backlog[Priority],MATCH($A16,Backlog[Requirement ID],0))),"") | K16: DTS | L16: Updates in GetBookings | M16: https://smartship.atlassian.net/browse/RES2-29207, https://smartship.atlassian.net/browse/RES2-29208, https://smartship.atlassian.net/browse/RES2-29200, | P16: Done
A17: NEW-0030 | B17: =IFERROR(IF(ISBLANK(INDEX(Backlog[Requirement Name],MATCH($A17,Backlog[Requirement ID],0))),"",INDEX(Backlog[Requirement Name],MATCH($A17,Backlog[Requirement ID],0))),"") | C17: =IFERROR(IF(ISBLANK(INDEX(Backlog[Stream],MATCH($A17,Backlog[Requirement ID],0))),"",INDEX(Backlog[Stream],MATCH($A17,Backlog[Requirement ID],0))),"") | D17: =IFERROR(IF(ISBLANK(INDEX(Backlog[Stream Owner],MATCH($A17,Backlog[Requirement ID],0))),"",INDEX(Backlog[Stream Owner],MATCH($A17,Backlog[Requirement ID],0))),"") | E17: =IFERROR(IF(ISBLANK(INDEX(Backlog[Jira Link],MATCH($A17,Backlog[Requirement ID],0))),"",INDEX(Backlog[Jira Link],MATCH($A17,Backlog[Requirement ID],0))),"") | F17: NA | G17: No | H17: =IFERROR(IF(ISBLANK(INDEX(SprintPlanning[Sprint],MATCH($A17,SprintPlanning[Requirement ID],0))),"",INDEX(SprintPlanning[Sprint],MATCH($A17,SprintPlanning[Requirement ID],0))),"") | I17: =IFERROR(IF(ISBLANK(INDEX(Backlog[Status],MATCH($A17,Backlog[Requirement ID],0))),"",INDEX(Backlog[Status],MATCH($A17,Backlog[Requirement ID],0))),"") | J17: =IFERROR(IF(ISBLANK(INDEX(Backlog[Priority],MATCH($A17,Backlog[Requirement ID],0))),"",INDEX(Backlog[Priority],MATCH($A17,Backlog[Requirement ID],0))),"")
A18: NEW-0032 | B18: =IFERROR(IF(ISBLANK(INDEX(Backlog[Requirement Name],MATCH($A18,Backlog[Requirement ID],0))),"",INDEX(Backlog[Requirement Name],MATCH($A18,Backlog[Requirement ID],0))),"") | C18: =IFERROR(IF(ISBLANK(INDEX(Backlog[Stream],MATCH($A18,Backlog[Requirement ID],0))),"",INDEX(Backlog[Stream],MATCH($A18,Backlog[Requirement ID],0))),"") | D18: =IFERROR(IF(ISBLANK(INDEX(Backlog[Stream Owner],MATCH($A18,Backlog[Requirement ID],0))),"",INDEX(Backlog[Stream Owner],MATCH($A18,Backlog[Requirement ID],0))),"") | E18: =IFERROR(IF(ISBLANK(INDEX(Backlog[Jira Link],MATCH($A18,Backlog[Requirement ID],0))),"",INDEX(Backlog[Jira Link],MATCH($A18,Backlog[Requirement ID],0))),"") | F18: Yes | G18: Yes | H18: =IFERROR(IF(ISBLANK(INDEX(SprintPlanning[Sprint],MATCH($A18,SprintPlanning[Requirement ID],0))),"",INDEX(SprintPlanning[Sprint],MATCH($A18,SprintPlanning[Requirement ID],0))),"") | I18: =IFERROR(IF(ISBLANK(INDEX(Backlog[Status],MATCH($A18,Backlog[Requirement ID],0))),"",INDEX(Backlog[Status],MATCH($A18,Backlog[Requirement ID],0))),"") | J18: =IFERROR(IF(ISBLANK(INDEX(Backlog[Priority],MATCH($A18,Backlog[Requirement ID],0))),"",INDEX(Backlog[Priority],MATCH($A18,Backlog[Requirement ID],0))),"")
A19: NEW-0033 | B19: =IFERROR(IF(ISBLANK(INDEX(Backlog[Requirement Name],MATCH($A19,Backlog[Requirement ID],0))),"",INDEX(Backlog[Requirement Name],MATCH($A19,Backlog[Requirement ID],0))),"") | C19: =IFERROR(IF(ISBLANK(INDEX(Backlog[Stream],MATCH($A19,Backlog[Requirement ID],0))),"",INDEX(Backlog[Stream],MATCH($A19,Backlog[Requirement ID],0))),"") | D19: =IFERROR(IF(ISBLANK(INDEX(Backlog[Stream Owner],MATCH($A19,Backlog[Requirement ID],0))),"",INDEX(Backlog[Stream Owner],MATCH($A19,Backlog[Requirement ID],0))),"") | E19: =IFERROR(IF(ISBLANK(INDEX(Backlog[Jira Link],MATCH($A19,Backlog[Requirement ID],0))),"",INDEX(Backlog[Jira Link],MATCH($A19,Backlog[Requirement ID],0))),"") | F19: No | G19: No | H19: =IFERROR(IF(ISBLANK(INDEX(SprintPlanning[Sprint],MATCH($A19,SprintPlanning[Requirement ID],0))),"",INDEX(SprintPlanning[Sprint],MATCH($A19,SprintPlanning[Requirement ID],0))),"") | I19: =IFERROR(IF(ISBLANK(INDEX(Backlog[Status],MATCH($A19,Backlog[Requirement ID],0))),"",INDEX(Backlog[Status],MATCH($A19,Backlog[Requirement ID],0))),"") | J19: =IFERROR(IF(ISBLANK(INDEX(Backlog[Priority],MATCH($A19,Backlog[Requirement ID],0))),"",INDEX(Backlog[Priority],MATCH($A19,Backlog[Requirement ID],0))),"")
A20: NEW-0043 | B20: =IFERROR(IF(ISBLANK(INDEX(Backlog[Requirement Name],MATCH($A20,Backlog[Requirement ID],0))),"",INDEX(Backlog[Requirement Name],MATCH($A20,Backlog[Requirement ID],0))),"") | C20: =IFERROR(IF(ISBLANK(INDEX(Backlog[Stream],MATCH($A20,Backlog[Requirement ID],0))),"",INDEX(Backlog[Stream],MATCH($A20,Backlog[Requirement ID],0))),"") | D20: =IFERROR(IF(ISBLANK(INDEX(Backlog[Stream Owner],MATCH($A20,Backlog[Requirement ID],0))),"",INDEX(Backlog[Stream Owner],MATCH($A20,Backlog[Requirement ID],0))),"") | E20: =IFERROR(IF(ISBLANK(INDEX(Backlog[Jira Link],MATCH($A20,Backlog[Requirement ID],0))),"",INDEX(Backlog[Jira Link],MATCH($A20,Backlog[Requirement ID],0))),"") | F20: Yes | G20: Yes | H20: =IFERROR(IF(ISBLANK(INDEX(SprintPlanning[Sprint],MATCH($A20,SprintPlanning[Requirement ID],0))),"",INDEX(SprintPlanning[Sprint],MATCH($A20,SprintPlanning[Requirement ID],0))),"") | I20: =IFERROR(IF(ISBLANK(INDEX(Backlog[Status],MATCH($A20,Backlog[Requirement ID],0))),"",INDEX(Backlog[Status],MATCH($A20,Backlog[Requirement ID],0))),"") | J20: =IFERROR(IF(ISBLANK(INDEX(Backlog[Priority],MATCH($A20,Backlog[Requirement ID],0))),"",INDEX(Backlog[Priority],MATCH($A20,Backlog[Requirement ID],0))),"")
A21: NEW-0044 | B21: =IFERROR(IF(ISBLANK(INDEX(Backlog[Requirement Name],MATCH($A21,Backlog[Requirement ID],0))),"",INDEX(Backlog[Requirement Name],MATCH($A21,Backlog[Requirement ID],0))),"") | C21: =IFERROR(IF(ISBLANK(INDEX(Backlog[Stream],MATCH($A21,Backlog[Requirement ID],0))),"",INDEX(Backlog[Stream],MATCH($A21,Backlog[Requirement ID],0))),"") | D21: =IFERROR(IF(ISBLANK(INDEX(Backlog[Stream Owner],MATCH($A21,Backlog[Requirement ID],0))),"",INDEX(Backlog[Stream Owner],MATCH($A21,Backlog[Requirement ID],0))),"") | E21: =IFERROR(IF(ISBLANK(INDEX(Backlog[Jira Link],MATCH($A21,Backlog[Requirement ID],0))),"",INDEX(Backlog[Jira Link],MATCH($A21,Backlog[Requirement ID],0))),"") | F21: Yes | G21: Yes | H21: =IFERROR(IF(ISBLANK(INDEX(SprintPlanning[Sprint],MATCH($A21,SprintPlanning[Requirement ID],0))),"",INDEX(SprintPlanning[Sprint],MATCH($A21,SprintPlanning[Requirement ID],0))),"") | I21: =IFERROR(IF(ISBLANK(INDEX(Backlog[Status],MATCH($A21,Backlog[Requirement ID],0))),"",INDEX(Backlog[Status],MATCH($A21,Backlog[Requirement ID],0))),"") | J21: =IFERROR(IF(ISBLANK(INDEX(Backlog[Priority],MATCH($A21,Backlog[Requirement ID],0))),"",INDEX(Backlog[Priority],MATCH($A21,Backlog[Requirement ID],0))),"")
A22: NEW-0047 | B22: =IFERROR(IF(ISBLANK(INDEX(Backlog[Requirement Name],MATCH($A22,Backlog[Requirement ID],0))),"",INDEX(Backlog[Requirement Name],MATCH($A22,Backlog[Requirement ID],0))),"") | C22: =IFERROR(IF(ISBLANK(INDEX(Backlog[Stream],MATCH($A22,Backlog[Requirement ID],0))),"",INDEX(Backlog[Stream],MATCH($A22,Backlog[Requirement ID],0))),"") | D22: =IFERROR(IF(ISBLANK(INDEX(Backlog[Stream Owner],MATCH($A22,Backlog[Requirement ID],0))),"",INDEX(Backlog[Stream Owner],MATCH($A22,Backlog[Requirement ID],0))),"") | E22: =IFERROR(IF(ISBLANK(INDEX(Backlog[Jira Link],MATCH($A22,Backlog[Requirement ID],0))),"",INDEX(Backlog[Jira Link],MATCH($A22,Backlog[Requirement ID],0))),"") | F22: Yes | G22: Yes | H22: =IFERROR(IF(ISBLANK(INDEX(SprintPlanning[Sprint],MATCH($A22,SprintPlanning[Requirement ID],0))),"",INDEX(SprintPlanning[Sprint],MATCH($A22,SprintPlanning[Requirement ID],0))),"") | I22: =IFERROR(IF(ISBLANK(INDEX(Backlog[Status],MATCH($A22,Backlog[Requirement ID],0))),"",INDEX(Backlog[Status],MATCH($A22,Backlog[Requirement ID],0))),"") | J22: =IFERROR(IF(ISBLANK(INDEX(Backlog[Priority],MATCH($A22,Backlog[Requirement ID],0))),"",INDEX(Backlog[Priority],MATCH($A22,Backlog[Requirement ID],0))),"")
A23: NEW-0048 | B23: =IFERROR(IF(ISBLANK(INDEX(Backlog[Requirement Name],MATCH($A23,Backlog[Requirement ID],0))),"",INDEX(Backlog[Requirement Name],MATCH($A23,Backlog[Requirement ID],0))),"") | C23: =IFERROR(IF(ISBLANK(INDEX(Backlog[Stream],MATCH($A23,Backlog[Requirement ID],0))),"",INDEX(Backlog[Stream],MATCH($A23,Backlog[Requirement ID],0))),"") | D23: =IFERROR(IF(ISBLANK(INDEX(Backlog[Stream Owner],MATCH($A23,Backlog[Requirement ID],0))),"",INDEX(Backlog[Stream Owner],MATCH($A23,Backlog[Requirement ID],0))),"") | E23: =IFERROR(IF(ISBLANK(INDEX(Backlog[Jira Link],MATCH($A23,Backlog[Requirement ID],0))),"",INDEX(Backlog[Jira Link],MATCH($A23,Backlog[Requirement ID],0))),"") | F23: Yes | G23: Yes | H23: =IFERROR(IF(ISBLANK(INDEX(SprintPlanning[Sprint],MATCH($A23,SprintPlanning[Requirement ID],0))),"",INDEX(SprintPlanning[Sprint],MATCH($A23,SprintPlanning[Requirement ID],0))),"") | I23: =IFERROR(IF(ISBLANK(INDEX(Backlog[Status],MATCH($A23,Backlog[Requirement ID],0))),"",INDEX(Backlog[Status],MATCH($A23,Backlog[Requirement ID],0))),"") | J23: =IFERROR(IF(ISBLANK(INDEX(Backlog[Priority],MATCH($A23,Backlog[Requirement ID],0))),"",INDEX(Backlog[Priority],MATCH($A23,Backlog[Requirement ID],0))),"")
